OrderLineID;OrderID;ProductID;Quantity;UnitPrice;DiscountRate;LineAmount
OL000001_1;O000001;P0464;4;326.65;0.2;1045.28
OL000001_2;O000001;P0002;5;76.91;0.1;346.09
OL000001_3;O000001;P0245;4;434.35;0.1;1563.66
OL000002_1;O000002;P0042;4;611.56;0.05;2323.93
OL000002_2;O000002;P0332;2;423.42;0;846.84
OL000002_3;O000002;P0284;1;324.52;0.1;292.07
OL000003_1;O000003;P0406;5;488.43;0.05;2320.04
OL000004_1;O000004;P0120;1;48.04;0;48.04
OL000004_2;O000004;P0377;2;626.3;0.1;1127.34
OL000004_3;O000004;P0335;1;207.42;0.1;186.68
OL000004_4;O000004;P0465;5;313.22;0;1566.1
OL000004_5;O000004;P0125;6;526.37;0;3158.22
OL000005_1;O000005;P0167;1;472.6;0.2;378.08
OL000005_2;O000005;P0280;2;15.68;0.05;29.79
OL000005_3;O000005;P0429;2;719.05;0;1438.1
OL000005_4;O000005;P0304;2;613.75;0.05;1166.12
OL000006_1;O000006;P0362;6;577.1;0.2;2770.08
OL000007_1;O000007;P0487;1;584.31;0.05;555.09
OL000007_2;O000007;P0179;4;27.31;0;109.24
OL000007_3;O000007;P0286;2;660.37;0;1320.74
OL000007_4;O000007;P0061;5;489.47;0;2447.35
OL000007_5;O000007;P0317;3;746.16;0.2;1790.78
OL000008_1;O000008;P0129;3;240.53;0.2;577.27
OL000008_2;O000008;P0413;4;204.12;0;816.48
OL000008_3;O000008;P0054;6;790.64;0;4743.84
OL000008_4;O000008;P0474;5;195.84;0;979.2
OL000009_1;O000009;P0117;1;485.89;0;485.89
OL000009_2;O000009;P0378;4;189.11;0;756.44
OL000009_3;O000009;P0193;2;522.59;0;1045.18
OL000010_1;O000010;P0355;5;666.77;0;3333.85
OL000011_1;O000011;P0045;4;679.26;0.2;2173.63
OL000011_2;O000011;P0251;2;130.39;0.2;208.62
OL000012_1;O000012;P0021;4;281.03;0.2;899.3
OL000013_1;O000013;P0083;6;798.25;0.1;4310.55
OL000013_2;O000013;P0440;5;714.73;0.2;2858.92
OL000013_3;O000013;P0013;4;326.64;0.1;1175.9
OL000014_1;O000014;P0358;5;435.78;0.2;1743.12
OL000014_2;O000014;P0295;2;451.32;0;902.64
OL000014_3;O000014;P0318;3;546.87;0;1640.61
OL000015_1;O000015;P0071;3;564.18;0;1692.54
OL000015_2;O000015;P0277;1;348.88;0.1;313.99
OL000016_1;O000016;P0270;1;141.41;0.1;127.27
OL000016_2;O000016;P0364;5;219.99;0.2;879.96
OL000016_3;O000016;P0461;3;707.1;0.1;1909.17
OL000016_4;O000016;P0318;3;546.87;0;1640.61
OL000016_5;O000016;P0097;4;304.07;0;1216.28
OL000017_1;O000017;P0151;4;107.86;0.2;345.15
OL000018_1;O000018;P0336;6;199.25;0.05;1135.72
OL000018_2;O000018;P0249;5;271.37;0.2;1085.48
OL000018_3;O000018;P0432;5;789.16;0.1;3551.22
OL000019_1;O000019;P0474;2;195.84;0.2;313.34
OL000019_2;O000019;P0147;2;331.66;0;663.32
OL000019_3;O000019;P0430;6;558.75;0;3352.5
OL000019_4;O000019;P0083;2;798.25;0;1596.5
OL000019_5;O000019;P0022;3;271.48;0.2;651.55
OL000020_1;O000020;P0208;4;744.87;0;2979.48
OL000021_1;O000021;P0174;6;431.69;0;2590.14
OL000021_2;O000021;P0375;4;325.84;0;1303.36
OL000021_3;O000021;P0072;6;579.4;0.2;2781.12
OL000021_4;O000021;P0060;3;519.25;0;1557.75
OL000022_1;O000022;P0435;4;639.42;0;2557.68
OL000022_2;O000022;P0500;5;420.76;0.1;1893.42
OL000022_3;O000022;P0100;4;146.52;0.05;556.78
OL000022_4;O000022;P0309;5;494.09;0.2;1976.36
OL000022_5;O000022;P0484;1;383.24;0.05;364.08
OL000023_1;O000023;P0412;4;461.83;0.05;1754.95
OL000023_2;O000023;P0084;6;437.82;0.1;2364.23
OL000023_3;O000023;P0374;4;119.34;0;477.36
OL000023_4;O000023;P0428;5;454.12;0.2;1816.48
OL000024_1;O000024;P0387;2;305.32;0;610.64
OL000024_2;O000024;P0096;4;120.44;0.05;457.67
OL000024_3;O000024;P0284;4;324.52;0;1298.08
OL000024_4;O000024;P0422;3;152.75;0.2;366.6
OL000024_5;O000024;P0156;4;484.9;0.2;1551.68
OL000025_1;O000025;P0015;1;787.05;0.05;747.7
OL000025_2;O000025;P0253;1;375.65;0.2;300.52
OL000026_1;O000026;P0237;6;39.93;0;239.58
OL000026_2;O000026;P0183;2;223.28;0;446.56
OL000026_3;O000026;P0140;3;470.31;0.1;1269.84
OL000027_1;O000027;P0050;5;746.85;0.2;2987.4
OL000027_2;O000027;P0181;2;101.47;0;202.94
OL000027_3;O000027;P0071;5;564.18;0.05;2679.85
OL000028_1;O000028;P0434;5;193.85;0.2;775.4
OL000028_2;O000028;P0360;1;44.58;0.1;40.12
OL000028_3;O000028;P0236;1;664.71;0;664.71
OL000028_4;O000028;P0420;2;145.0;0;290.0
OL000028_5;O000028;P0246;3;725.45;0.05;2067.53
OL000029_1;O000029;P0218;6;124.81;0;748.86
OL000030_1;O000030;P0095;6;329.47;0.05;1877.98
OL000030_2;O000030;P0015;1;787.05;0;787.05
OL000031_1;O000031;P0462;5;388.14;0;1940.7
OL000031_2;O000031;P0499;6;87.64;0;525.84
OL000032_1;O000032;P0064;4;459.02;0;1836.08
OL000032_2;O000032;P0267;2;103.48;0.1;186.26
OL000032_3;O000032;P0391;3;426.17;0.05;1214.58
OL000033_1;O000033;P0097;1;304.07;0.1;273.66
OL000033_2;O000033;P0481;6;741.99;0.05;4229.34
OL000033_3;O000033;P0092;1;376.04;0.1;338.44
OL000033_4;O000033;P0345;1;590.9;0.1;531.81
OL000034_1;O000034;P0372;4;248.45;0.05;944.11
OL000034_2;O000034;P0392;6;498.19;0.2;2391.31
OL000034_3;O000034;P0304;3;613.75;0.1;1657.12
OL000034_4;O000034;P0183;4;223.28;0.2;714.5
OL000035_1;O000035;P0256;6;439.34;0;2636.04
OL000036_1;O000036;P0176;5;407.64;0.2;1630.56
OL000036_2;O000036;P0010;1;584.5;0.1;526.05
OL000036_3;O000036;P0451;1;615.28;0.1;553.75
OL000036_4;O000036;P0231;3;283.35;0.1;765.05
OL000036_5;O000036;P0227;4;743.62;0;2974.48
OL000037_1;O000037;P0260;1;193.08;0.1;173.77
OL000037_2;O000037;P0135;4;684.61;0.2;2190.75
OL000038_1;O000038;P0177;3;239.75;0.1;647.33
OL000038_2;O000038;P0180;1;515.85;0;515.85
OL000038_3;O000038;P0127;2;461.7;0.05;877.23
OL000038_4;O000038;P0304;1;613.75;0;613.75
OL000039_1;O000039;P0194;5;677.04;0.1;3046.68
OL000039_2;O000039;P0166;5;185.58;0;927.9
OL000039_3;O000039;P0414;4;357.25;0;1429.0
OL000040_1;O000040;P0025;3;604.34;0.2;1450.42
OL000040_2;O000040;P0206;2;290.56;0.2;464.9
OL000040_3;O000040;P0381;1;126.93;0.2;101.54
OL000041_1;O000041;P0103;4;795.33;0.1;2863.19
OL000041_2;O000041;P0129;5;240.53;0.2;962.12
OL000041_3;O000041;P0233;6;418.33;0.2;2007.98
OL000042_1;O000042;P0268;2;388.26;0.05;737.69
OL000043_1;O000043;P0059;2;107.29;0;214.58
OL000043_2;O000043;P0015;2;787.05;0.05;1495.39
OL000044_1;O000044;P0494;6;590.15;0.1;3186.81
OL000045_1;O000045;P0478;1;117.26;0.2;93.81
OL000045_2;O000045;P0341;5;630.72;0.2;2522.88
OL000045_3;O000045;P0129;4;240.53;0;962.12
OL000045_4;O000045;P0122;5;552.86;0;2764.3
OL000045_5;O000045;P0396;3;397.05;0.05;1131.59
OL000046_1;O000046;P0359;1;233.67;0.05;221.99
OL000046_2;O000046;P0280;4;15.68;0.1;56.45
OL000046_3;O000046;P0350;2;404.94;0.05;769.39
OL000047_1;O000047;P0159;6;773.52;0.05;4409.06
OL000047_2;O000047;P0463;6;91.32;0;547.92
OL000047_3;O000047;P0274;2;169.86;0.1;305.75
OL000047_4;O000047;P0199;1;380.74;0.1;342.67
OL000048_1;O000048;P0444;1;603.72;0.1;543.35
OL000048_2;O000048;P0242;6;659.48;0.1;3561.19
OL000048_3;O000048;P0475;3;176.86;0.1;477.52
OL000049_1;O000049;P0002;4;76.91;0;307.64
OL000049_2;O000049;P0322;3;525.88;0.05;1498.76
OL000050_1;O000050;P0410;3;62.25;0;186.75
OL000050_2;O000050;P0044;4;703.08;0.05;2671.7
OL000050_3;O000050;P0094;4;775.04;0.1;2790.14
OL000051_1;O000051;P0220;5;653.08;0.05;3102.13
OL000051_2;O000051;P0077;1;382.69;0.05;363.56
OL000051_3;O000051;P0088;5;513.4;0;2567.0
OL000051_4;O000051;P0008;6;240.24;0.2;1153.15
OL000051_5;O000051;P0223;4;696.39;0.1;2507.0
OL000052_1;O000052;P0406;2;488.43;0;976.86
OL000052_2;O000052;P0149;3;168.57;0;505.71
OL000052_3;O000052;P0317;4;746.16;0;2984.64
OL000052_4;O000052;P0190;5;101.56;0.1;457.02
OL000053_1;O000053;P0242;3;659.48;0.2;1582.75
OL000053_2;O000053;P0481;6;741.99;0.2;3561.55
OL000054_1;O000054;P0477;3;66.68;0.1;180.04
OL000054_2;O000054;P0068;1;170.53;0.05;162.0
OL000054_3;O000054;P0364;5;219.99;0.1;989.96
OL000054_4;O000054;P0073;3;103.26;0;309.78
OL000055_1;O000055;P0285;6;411.59;0.1;2222.59
OL000055_2;O000055;P0028;2;540.97;0;1081.94
OL000056_1;O000056;P0105;3;183.03;0;549.09
OL000057_1;O000057;P0146;6;263.49;0;1580.94
OL000058_1;O000058;P0487;4;584.31;0.05;2220.38
OL000058_2;O000058;P0486;6;640.6;0.2;3074.88
OL000058_3;O000058;P0067;2;433.89;0;867.78
OL000058_4;O000058;P0411;6;347.77;0.05;1982.29
OL000058_5;O000058;P0166;1;185.58;0;185.58
OL000059_1;O000059;P0062;3;637.08;0.1;1720.12
OL000059_2;O000059;P0411;4;347.77;0.05;1321.53
OL000060_1;O000060;P0416;3;625.2;0.2;1500.48
OL000060_2;O000060;P0096;4;120.44;0.1;433.58
OL000060_3;O000060;P0048;1;504.68;0.2;403.74
OL000060_4;O000060;P0175;4;544.63;0;2178.52
OL000061_1;O000061;P0219;3;549.88;0.2;1319.71
OL000061_2;O000061;P0025;5;604.34;0;3021.7
OL000061_3;O000061;P0470;1;367.85;0.2;294.28
OL000061_4;O000061;P0056;5;621.03;0.1;2794.63
OL000061_5;O000061;P0212;1;529.44;0.1;476.5
OL000062_1;O000062;P0449;6;114.85;0.05;654.64
OL000062_2;O000062;P0161;5;418.66;0.1;1883.97
OL000062_3;O000062;P0388;6;696.31;0.1;3760.07
OL000062_4;O000062;P0320;3;765.71;0.05;2182.27
OL000063_1;O000063;P0355;4;666.77;0.2;2133.66
OL000063_2;O000063;P0372;4;248.45;0.05;944.11
OL000063_3;O000063;P0317;5;746.16;0.05;3544.26
OL000063_4;O000063;P0354;6;397.17;0.1;2144.72
OL000064_1;O000064;P0098;1;520.33;0.05;494.31
OL000064_2;O000064;P0395;4;157.27;0;629.08
OL000064_3;O000064;P0243;4;318.88;0;1275.52
OL000064_4;O000064;P0060;2;519.25;0;1038.5
OL000064_5;O000064;P0379;6;436.54;0.1;2357.32
OL000065_1;O000065;P0378;5;189.11;0.2;756.44
OL000065_2;O000065;P0375;5;325.84;0.05;1547.74
OL000065_3;O000065;P0019;4;629.57;0.1;2266.45
OL000065_4;O000065;P0249;5;271.37;0.2;1085.48
OL000066_1;O000066;P0230;6;271.54;0.1;1466.32
OL000066_2;O000066;P0011;2;638.57;0.05;1213.28
OL000066_3;O000066;P0372;2;248.45;0.1;447.21
OL000067_1;O000067;P0319;2;395.12;0.05;750.73
OL000067_2;O000067;P0354;6;397.17;0;2383.02
OL000068_1;O000068;P0347;2;711.14;0;1422.28
OL000068_2;O000068;P0424;5;385.81;0;1929.05
OL000068_3;O000068;P0414;1;357.25;0.05;339.39
OL000069_1;O000069;P0362;1;577.1;0.1;519.39
OL000070_1;O000070;P0363;4;514.74;0.2;1647.17
OL000070_2;O000070;P0256;6;439.34;0;2636.04
OL000070_3;O000070;P0079;6;262.75;0.05;1497.67
OL000071_1;O000071;P0185;6;666.88;0;4001.28
OL000071_2;O000071;P0078;5;732.02;0.1;3294.09
OL000071_3;O000071;P0404;2;705.3;0;1410.6
OL000071_4;O000071;P0411;4;347.77;0.1;1251.97
OL000072_1;O000072;P0339;6;27.48;0;164.88
OL000073_1;O000073;P0455;5;714.87;0.2;2859.48
OL000073_2;O000073;P0404;5;705.3;0.1;3173.85
OL000074_1;O000074;P0262;5;522.33;0.05;2481.07
OL000075_1;O000075;P0388;6;696.31;0;4177.86
OL000076_1;O000076;P0267;6;103.48;0;620.88
OL000076_2;O000076;P0054;3;790.64;0.2;1897.54
OL000076_3;O000076;P0299;2;17.68;0.05;33.59
OL000076_4;O000076;P0233;1;418.33;0;418.33
OL000077_1;O000077;P0447;3;391.3;0.2;939.12
OL000077_2;O000077;P0256;6;439.34;0.1;2372.44
OL000077_3;O000077;P0226;6;112.75;0.1;608.85
OL000077_4;O000077;P0375;4;325.84;0;1303.36
OL000078_1;O000078;P0057;1;523.52;0.05;497.34
OL000078_2;O000078;P0293;3;451.7;0;1355.1
OL000078_3;O000078;P0268;2;388.26;0;776.52
OL000078_4;O000078;P0191;3;716.68;0.05;2042.54
OL000079_1;O000079;P0214;4;710.29;0.2;2272.93
OL000080_1;O000080;P0341;5;630.72;0.1;2838.24
OL000080_2;O000080;P0199;2;380.74;0.1;685.33
OL000080_3;O000080;P0174;5;431.69;0;2158.45
OL000080_4;O000080;P0491;6;148.57;0.1;802.28
OL000080_5;O000080;P0377;3;626.3;0;1878.9
OL000081_1;O000081;P0258;1;297.45;0;297.45
OL000081_2;O000081;P0338;5;501.98;0;2509.9
OL000081_3;O000081;P0493;1;336.23;0.05;319.42
OL000081_4;O000081;P0403;2;578.36;0;1156.72
OL000082_1;O000082;P0163;4;592.02;0.05;2249.68
OL000082_2;O000082;P0047;1;276.83;0;276.83
OL000082_3;O000082;P0278;2;115.77;0.05;219.96
OL000082_4;O000082;P0074;2;572.74;0.05;1088.21
OL000082_5;O000082;P0394;1;310.75;0;310.75
OL000083_1;O000083;P0027;2;284.86;0;569.72
OL000084_1;O000084;P0138;5;449.53;0.2;1798.12
OL000085_1;O000085;P0493;5;336.23;0.1;1513.04
OL000085_2;O000085;P0022;1;271.48;0.1;244.33
OL000085_3;O000085;P0493;5;336.23;0.05;1597.09
OL000085_4;O000085;P0335;2;207.42;0;414.84
OL000086_1;O000086;P0450;4;255.68;0;1022.72
OL000086_2;O000086;P0313;5;686.48;0.05;3260.78
OL000086_3;O000086;P0453;6;134.42;0.05;766.19
OL000087_1;O000087;P0345;2;590.9;0.1;1063.62
OL000088_1;O000088;P0064;4;459.02;0.05;1744.28
OL000089_1;O000089;P0496;3;549.97;0;1649.91
OL000089_2;O000089;P0144;4;385.42;0.2;1233.34
OL000089_3;O000089;P0108;1;478.09;0;478.09
OL000089_4;O000089;P0421;6;572.52;0.1;3091.61
OL000090_1;O000090;P0439;2;388.5;0.2;621.6
OL000090_2;O000090;P0374;3;119.34;0;358.02
OL000090_3;O000090;P0435;6;639.42;0;3836.52
OL000090_4;O000090;P0497;6;19.37;0.2;92.98
OL000090_5;O000090;P0315;3;47.69;0.2;114.46
OL000091_1;O000091;P0025;3;604.34;0.1;1631.72
OL000091_2;O000091;P0273;4;481.26;0.05;1828.79
OL000092_1;O000092;P0409;6;613.99;0.05;3499.74
OL000092_2;O000092;P0431;3;493.52;0;1480.56
OL000092_3;O000092;P0056;4;621.03;0;2484.12
OL000092_4;O000092;P0491;3;148.57;0;445.71
OL000092_5;O000092;P0421;3;572.52;0.2;1374.05
OL000093_1;O000093;P0471;4;260.11;0;1040.44
OL000094_1;O000094;P0006;4;499.95;0.1;1799.82
OL000094_2;O000094;P0238;4;464.22;0.2;1485.5
OL000094_3;O000094;P0318;1;546.87;0.05;519.53
OL000094_4;O000094;P0334;6;481.63;0;2889.78
OL000094_5;O000094;P0233;5;418.33;0.05;1987.07
OL000095_1;O000095;P0071;1;564.18;0;564.18
OL000095_2;O000095;P0066;3;324.4;0.2;778.56
OL000096_1;O000096;P0030;2;394.47;0.2;631.15
OL000096_2;O000096;P0420;5;145.0;0;725.0
OL000097_1;O000097;P0169;2;336.35;0;672.7
OL000097_2;O000097;P0233;1;418.33;0.1;376.5
OL000097_3;O000097;P0113;1;533.09;0;533.09
OL000097_4;O000097;P0355;2;666.77;0.1;1200.19
OL000098_1;O000098;P0100;6;146.52;0.2;703.3
OL000098_2;O000098;P0468;3;765.15;0;2295.45
OL000098_3;O000098;P0500;1;420.76;0;420.76
OL000098_4;O000098;P0102;3;79.3;0;237.9
OL000099_1;O000099;P0174;2;431.69;0.05;820.21
OL000100_1;O000100;P0163;5;592.02;0.1;2664.09
OL000100_2;O000100;P0326;2;796.85;0;1593.7
OL000100_3;O000100;P0391;5;426.17;0.2;1704.68
OL000101_1;O000101;P0034;2;238.05;0.2;380.88
OL000101_2;O000101;P0199;6;380.74;0.2;1827.55
OL000101_3;O000101;P0192;4;326.61;0.2;1045.15
OL000101_4;O000101;P0238;2;464.22;0.05;882.02
OL000101_5;O000101;P0365;3;86.72;0.2;208.13
OL000102_1;O000102;P0456;4;49.86;0.2;159.55
OL000102_2;O000102;P0081;3;621.09;0.05;1770.11
OL000102_3;O000102;P0282;1;793.52;0;793.52
OL000102_4;O000102;P0385;1;263.38;0.05;250.21
OL000103_1;O000103;P0120;3;48.04;0;144.12
OL000103_2;O000103;P0184;1;100.07;0.05;95.07
OL000103_3;O000103;P0432;5;789.16;0.2;3156.64
OL000103_4;O000103;P0280;6;15.68;0;94.08
OL000104_1;O000104;P0071;6;564.18;0.2;2708.06
OL000104_2;O000104;P0468;3;765.15;0;2295.45
OL000104_3;O000104;P0395;3;157.27;0.05;448.22
OL000104_4;O000104;P0422;3;152.75;0.1;412.43
OL000104_5;O000104;P0485;4;18.52;0.2;59.26
OL000105_1;O000105;P0161;2;418.66;0.1;753.59
OL000106_1;O000106;P0218;6;124.81;0.1;673.97
OL000106_2;O000106;P0391;6;426.17;0.2;2045.62
OL000106_3;O000106;P0154;3;626.07;0.2;1502.57
OL000106_4;O000106;P0012;5;530.34;0;2651.7
OL000107_1;O000107;P0346;5;135.3;0;676.5
OL000108_1;O000108;P0067;5;433.89;0.1;1952.5
OL000109_1;O000109;P0074;4;572.74;0;2290.96
OL000110_1;O000110;P0201;5;195.65;0;978.25
OL000110_2;O000110;P0213;2;771.24;0;1542.48
OL000110_3;O000110;P0461;5;707.1;0.1;3181.95
OL000111_1;O000111;P0391;5;426.17;0;2130.85
OL000111_2;O000111;P0189;1;88.85;0;88.85
OL000111_3;O000111;P0259;3;135.79;0.1;366.63
OL000111_4;O000111;P0231;2;283.35;0.05;538.37
OL000112_1;O000112;P0249;4;271.37;0;1085.48
OL000112_2;O000112;P0043;5;306.39;0;1531.95
OL000112_3;O000112;P0366;4;460.32;0;1841.28
OL000112_4;O000112;P0242;3;659.48;0;1978.44
OL000113_1;O000113;P0366;1;460.32;0.2;368.26
OL000113_2;O000113;P0111;4;169.16;0;676.64
OL000114_1;O000114;P0047;1;276.83;0.1;249.15
OL000114_2;O000114;P0015;1;787.05;0.05;747.7
OL000115_1;O000115;P0320;2;765.71;0.2;1225.14
OL000115_2;O000115;P0203;4;443.79;0;1775.16
OL000116_1;O000116;P0454;2;261.6;0.1;470.88
OL000117_1;O000117;P0436;6;646.77;0.1;3492.56
OL000117_2;O000117;P0035;3;439.05;0;1317.15
OL000117_3;O000117;P0312;5;783.63;0.1;3526.34
OL000118_1;O000118;P0105;6;183.03;0;1098.18
OL000118_2;O000118;P0122;6;552.86;0.2;2653.73
OL000118_3;O000118;P0485;4;18.52;0.05;70.38
OL000118_4;O000118;P0069;3;355.61;0.05;1013.49
OL000119_1;O000119;P0312;4;783.63;0.2;2507.62
OL000119_2;O000119;P0165;2;87.11;0.1;156.8
OL000120_1;O000120;P0372;4;248.45;0.05;944.11
OL000120_2;O000120;P0085;6;584.5;0;3507.0
OL000120_3;O000120;P0126;4;160.09;0;640.36
OL000120_4;O000120;P0311;2;604.23;0.05;1148.04
OL000121_1;O000121;P0011;4;638.57;0.1;2298.85
OL000121_2;O000121;P0438;1;582.27;0.05;553.16
OL000121_3;O000121;P0305;5;788.44;0;3942.2
OL000121_4;O000121;P0284;6;324.52;0;1947.12
OL000122_1;O000122;P0482;4;99.4;0.05;377.72
OL000122_2;O000122;P0197;4;19.76;0.05;75.09
OL000122_3;O000122;P0329;5;443.35;0;2216.75
OL000122_4;O000122;P0210;1;475.56;0;475.56
OL000123_1;O000123;P0125;4;526.37;0;2105.48
OL000123_2;O000123;P0472;3;789.27;0;2367.81
OL000124_1;O000124;P0204;6;297.04;0.2;1425.79
OL000124_2;O000124;P0499;1;87.64;0.2;70.11
OL000124_3;O000124;P0466;2;280.34;0.1;504.61
OL000124_4;O000124;P0085;4;584.5;0.05;2221.1
OL000125_1;O000125;P0358;3;435.78;0;1307.34
OL000125_2;O000125;P0087;4;420.61;0;1682.44
OL000125_3;O000125;P0050;1;746.85;0.1;672.17
OL000125_4;O000125;P0269;4;463.05;0.05;1759.59
OL000126_1;O000126;P0415;2;736.04;0.05;1398.48
OL000126_2;O000126;P0462;4;388.14;0.1;1397.3
OL000127_1;O000127;P0385;1;263.38;0.2;210.7
OL000127_2;O000127;P0405;1;158.47;0;158.47
OL000127_3;O000127;P0109;5;759.21;0;3796.05
OL000128_1;O000128;P0313;1;686.48;0.05;652.16
OL000128_2;O000128;P0448;3;423.67;0;1271.01
OL000128_3;O000128;P0002;4;76.91;0.1;276.88
OL000128_4;O000128;P0372;2;248.45;0;496.9
OL000129_1;O000129;P0448;1;423.67;0.05;402.49
OL000129_2;O000129;P0348;4;142.21;0;568.84
OL000129_3;O000129;P0311;4;604.23;0.1;2175.23
OL000130_1;O000130;P0017;2;474.99;0.1;854.98
OL000130_2;O000130;P0408;1;316.09;0.05;300.29
OL000130_3;O000130;P0427;6;339.4;0.2;1629.12
OL000130_4;O000130;P0448;4;423.67;0;1694.68
OL000130_5;O000130;P0459;4;255.21;0;1020.84
OL000131_1;O000131;P0488;6;528.49;0;3170.94
OL000131_2;O000131;P0341;2;630.72;0.2;1009.15
OL000131_3;O000131;P0325;6;60.4;0.1;326.16
OL000131_4;O000131;P0047;6;276.83;0.05;1577.93
OL000132_1;O000132;P0380;5;797.92;0;3989.6
OL000132_2;O000132;P0382;1;217.42;0.2;173.94
OL000132_3;O000132;P0189;2;88.85;0.05;168.81
OL000133_1;O000133;P0114;1;588.56;0.1;529.7
OL000133_2;O000133;P0005;5;164.48;0.1;740.16
OL000133_3;O000133;P0162;2;579.81;0.05;1101.64
OL000133_4;O000133;P0429;2;719.05;0.1;1294.29
OL000133_5;O000133;P0349;4;43.17;0;172.68
OL000134_1;O000134;P0435;6;639.42;0;3836.52
OL000134_2;O000134;P0359;6;233.67;0;1402.02
OL000135_1;O000135;P0037;5;655.22;0.05;3112.3
OL000135_2;O000135;P0145;6;675.85;0;4055.1
OL000135_3;O000135;P0359;5;233.67;0.1;1051.51
OL000135_4;O000135;P0050;2;746.85;0.05;1419.01
OL000136_1;O000136;P0186;6;402.12;0.2;1930.18
OL000137_1;O000137;P0304;4;613.75;0;2455.0
OL000137_2;O000137;P0322;6;525.88;0.1;2839.75
OL000137_3;O000137;P0126;1;160.09;0;160.09
OL000138_1;O000138;P0060;1;519.25;0;519.25
OL000139_1;O000139;P0033;6;75.31;0.2;361.49
OL000139_2;O000139;P0095;4;329.47;0;1317.88
OL000139_3;O000139;P0202;5;103.78;0.2;415.12
OL000140_1;O000140;P0021;2;281.03;0.2;449.65
OL000141_1;O000141;P0485;5;18.52;0.05;87.97
OL000142_1;O000142;P0439;2;388.5;0;777.0
OL000142_2;O000142;P0309;5;494.09;0;2470.45
OL000142_3;O000142;P0303;3;291.26;0.05;830.09
OL000143_1;O000143;P0323;6;751.63;0.05;4284.29
OL000144_1;O000144;P0209;1;95.13;0.05;90.37
OL000144_2;O000144;P0328;1;32.57;0.05;30.94
OL000144_3;O000144;P0466;3;280.34;0.05;798.97
OL000144_4;O000144;P0075;2;688.89;0.05;1308.89
OL000144_5;O000144;P0006;1;499.95;0.1;449.95
OL000145_1;O000145;P0139;5;502.22;0;2511.1
OL000145_2;O000145;P0460;1;497.38;0;497.38
OL000145_3;O000145;P0163;4;592.02;0;2368.08
OL000145_4;O000145;P0177;6;239.75;0.2;1150.8
OL000145_5;O000145;P0283;5;302.47;0.1;1361.12
OL000146_1;O000146;P0348;5;142.21;0.1;639.95
OL000146_2;O000146;P0362;4;577.1;0;2308.4
OL000147_1;O000147;P0484;1;383.24;0;383.24
OL000147_2;O000147;P0295;1;451.32;0;451.32
OL000148_1;O000148;P0098;6;520.33;0;3121.98
OL000148_2;O000148;P0366;4;460.32;0.2;1473.02
OL000148_3;O000148;P0384;3;349.75;0;1049.25
OL000148_4;O000148;P0379;6;436.54;0.2;2095.39
OL000148_5;O000148;P0351;5;635.26;0;3176.3
OL000149_1;O000149;P0468;6;765.15;0;4590.9
OL000149_2;O000149;P0426;5;285.73;0;1428.65
OL000149_3;O000149;P0149;3;168.57;0.1;455.14
OL000150_1;O000150;P0153;3;554.19;0;1662.57
OL000150_2;O000150;P0003;3;222.04;0;666.12
OL000150_3;O000150;P0206;3;290.56;0;871.68
OL000151_1;O000151;P0220;2;653.08;0.2;1044.93
OL000151_2;O000151;P0416;3;625.2;0;1875.6
OL000151_3;O000151;P0225;6;147.3;0.1;795.42
OL000152_1;O000152;P0492;6;280.85;0.05;1600.85
OL000152_2;O000152;P0061;4;489.47;0.1;1762.09
OL000152_3;O000152;P0282;4;793.52;0;3174.08
OL000152_4;O000152;P0167;4;472.6;0.2;1512.32
OL000153_1;O000153;P0220;5;653.08;0;3265.4
OL000153_2;O000153;P0223;4;696.39;0.05;2646.28
OL000153_3;O000153;P0145;4;675.85;0;2703.4
OL000154_1;O000154;P0359;6;233.67;0.2;1121.62
OL000155_1;O000155;P0209;5;95.13;0.05;451.87
OL000155_2;O000155;P0359;6;233.67;0;1402.02
OL000155_3;O000155;P0114;3;588.56;0.1;1589.11
OL000155_4;O000155;P0246;1;725.45;0.2;580.36
OL000156_1;O000156;P0144;5;385.42;0;1927.1
OL000156_2;O000156;P0221;2;641.07;0.05;1218.03
OL000156_3;O000156;P0486;4;640.6;0.05;2434.28
OL000156_4;O000156;P0172;3;611.34;0;1834.02
OL000157_1;O000157;P0067;6;433.89;0.2;2082.67
OL000158_1;O000158;P0066;2;324.4;0.1;583.92
OL000159_1;O000159;P0357;2;499.59;0.05;949.22
OL000159_2;O000159;P0024;5;365.16;0;1825.8
OL000159_3;O000159;P0407;6;553.63;0;3321.78
OL000160_1;O000160;P0451;5;615.28;0.1;2768.76
OL000161_1;O000161;P0475;2;176.86;0.05;336.03
OL000161_2;O000161;P0448;1;423.67;0;423.67
OL000161_3;O000161;P0422;2;152.75;0.2;244.4
OL000162_1;O000162;P0091;3;378.18;0;1134.54
OL000162_2;O000162;P0276;6;436.04;0.2;2092.99
OL000162_3;O000162;P0055;6;587.3;0.1;3171.42
OL000163_1;O000163;P0189;2;88.85;0.1;159.93
OL000163_2;O000163;P0048;4;504.68;0;2018.72
OL000163_3;O000163;P0236;2;664.71;0;1329.42
OL000163_4;O000163;P0097;5;304.07;0.1;1368.32
OL000164_1;O000164;P0071;6;564.18;0;3385.08
OL000164_2;O000164;P0309;1;494.09;0.1;444.68
OL000164_3;O000164;P0197;1;19.76;0;19.76
OL000164_4;O000164;P0424;1;385.81;0;385.81
OL000164_5;O000164;P0068;2;170.53;0;341.06
OL000165_1;O000165;P0158;3;182.39;0.1;492.45
OL000165_2;O000165;P0080;2;645.43;0;1290.86
OL000166_1;O000166;P0198;2;534.33;0.05;1015.23
OL000166_2;O000166;P0336;3;199.25;0;597.75
OL000166_3;O000166;P0472;6;789.27;0.1;4262.06
OL000166_4;O000166;P0352;6;607.79;0;3646.74
OL000167_1;O000167;P0172;5;611.34;0;3056.7
OL000167_2;O000167;P0348;4;142.21;0;568.84
OL000167_3;O000167;P0458;6;539.99;0.05;3077.94
OL000167_4;O000167;P0320;3;765.71;0.05;2182.27
OL000167_5;O000167;P0449;1;114.85;0.05;109.11
OL000168_1;O000168;P0492;6;280.85;0.05;1600.85
OL000168_2;O000168;P0075;1;688.89;0.05;654.45
OL000168_3;O000168;P0066;2;324.4;0.1;583.92
OL000168_4;O000168;P0181;3;101.47;0.1;273.97
OL000169_1;O000169;P0270;5;141.41;0;707.05
OL000169_2;O000169;P0360;1;44.58;0;44.58
OL000169_3;O000169;P0186;1;402.12;0;402.12
OL000169_4;O000169;P0436;1;646.77;0.05;614.43
OL000170_1;O000170;P0029;6;557.81;0;3346.86
OL000170_2;O000170;P0061;6;489.47;0;2936.82
OL000171_1;O000171;P0040;1;221.2;0.2;176.96
OL000171_2;O000171;P0426;4;285.73;0;1142.92
OL000172_1;O000172;P0083;1;798.25;0.1;718.43
OL000172_2;O000172;P0427;4;339.4;0.1;1221.84
OL000172_3;O000172;P0284;6;324.52;0.05;1849.76
OL000172_4;O000172;P0471;5;260.11;0.2;1040.44
OL000172_5;O000172;P0157;6;570.4;0;3422.4
OL000173_1;O000173;P0419;6;77.39;0.1;417.91
OL000174_1;O000174;P0278;1;115.77;0;115.77
OL000174_2;O000174;P0109;5;759.21;0;3796.05
OL000175_1;O000175;P0484;3;383.24;0;1149.72
OL000176_1;O000176;P0013;5;326.64;0.1;1469.88
OL000176_2;O000176;P0245;5;434.35;0;2171.75
OL000177_1;O000177;P0334;5;481.63;0.05;2287.74
OL000177_2;O000177;P0230;2;271.54;0.05;515.93
OL000177_3;O000177;P0149;3;168.57;0.2;404.57
OL000177_4;O000177;P0439;4;388.5;0;1554.0
OL000177_5;O000177;P0457;6;480.94;0.1;2597.08
OL000178_1;O000178;P0087;3;420.61;0;1261.83
OL000178_2;O000178;P0035;3;439.05;0.2;1053.72
OL000178_3;O000178;P0187;3;80.31;0;240.93
OL000179_1;O000179;P0488;3;528.49;0.05;1506.2
OL000179_2;O000179;P0043;6;306.39;0.1;1654.51
OL000179_3;O000179;P0260;4;193.08;0.05;733.7
OL000179_4;O000179;P0450;6;255.68;0;1534.08
OL000179_5;O000179;P0318;6;546.87;0;3281.22
OL000180_1;O000180;P0329;5;443.35;0.1;1995.08
OL000180_2;O000180;P0056;1;621.03;0;621.03
OL000180_3;O000180;P0375;1;325.84;0.1;293.26
OL000180_4;O000180;P0394;4;310.75;0;1243.0
OL000181_1;O000181;P0291;1;78.61;0.2;62.89
OL000181_2;O000181;P0397;4;248.84;0;995.36
OL000181_3;O000181;P0480;3;345.57;0.1;933.04
OL000182_1;O000182;P0110;6;193.77;0.05;1104.49
OL000182_2;O000182;P0095;1;329.47;0;329.47
OL000182_3;O000182;P0459;4;255.21;0.05;969.8
OL000182_4;O000182;P0494;3;590.15;0;1770.45
OL000182_5;O000182;P0102;3;79.3;0.1;214.11
OL000183_1;O000183;P0008;2;240.24;0.1;432.43
OL000183_2;O000183;P0479;2;502.37;0.1;904.27
OL000183_3;O000183;P0443;3;306.44;0;919.32
OL000184_1;O000184;P0308;4;554.48;0;2217.92
OL000184_2;O000184;P0179;2;27.31;0;54.62
OL000185_1;O000185;P0219;5;549.88;0.05;2611.93
OL000185_2;O000185;P0059;2;107.29;0.1;193.12
OL000185_3;O000185;P0220;3;653.08;0;1959.24
OL000185_4;O000185;P0284;5;324.52;0;1622.6
OL000185_5;O000185;P0278;4;115.77;0.1;416.77
OL000186_1;O000186;P0325;4;60.4;0.2;193.28
OL000187_1;O000187;P0004;3;392.54;0;1177.62
OL000187_2;O000187;P0260;3;193.08;0.05;550.28
OL000187_3;O000187;P0451;6;615.28;0.05;3507.1
OL000187_4;O000187;P0158;4;182.39;0;729.56
OL000188_1;O000188;P0373;2;659.33;0.1;1186.79
OL000188_2;O000188;P0463;3;91.32;0.2;219.17
OL000188_3;O000188;P0082;4;168.53;0;674.12
OL000188_4;O000188;P0051;6;724.0;0;4344.0
OL000189_1;O000189;P0363;5;514.74;0;2573.7
OL000189_2;O000189;P0293;4;451.7;0;1806.8
OL000189_3;O000189;P0381;6;126.93;0;761.58
OL000189_4;O000189;P0233;6;418.33;0.05;2384.48
OL000189_5;O000189;P0096;2;120.44;0;240.88
OL000190_1;O000190;P0055;2;587.3;0.05;1115.87
OL000191_1;O000191;P0193;3;522.59;0.1;1410.99
OL000191_2;O000191;P0414;2;357.25;0;714.5
OL000191_3;O000191;P0153;1;554.19;0;554.19
OL000191_4;O000191;P0338;5;501.98;0.2;2007.92
OL000192_1;O000192;P0444;3;603.72;0;1811.16
OL000192_2;O000192;P0461;2;707.1;0;1414.2
OL000193_1;O000193;P0473;2;774.64;0.05;1471.82
OL000193_2;O000193;P0089;2;216.18;0.05;410.74
OL000193_3;O000193;P0493;4;336.23;0;1344.92
OL000193_4;O000193;P0299;5;17.68;0.05;83.98
OL000194_1;O000194;P0231;2;283.35;0;566.7
OL000195_1;O000195;P0191;2;716.68;0.05;1361.69
OL000195_2;O000195;P0063;1;479.2;0.05;455.24
OL000195_3;O000195;P0353;1;116.44;0.05;110.62
OL000196_1;O000196;P0350;4;404.94;0.05;1538.77
OL000196_2;O000196;P0417;3;368.41;0;1105.23
OL000196_3;O000196;P0101;1;37.37;0.1;33.63
OL000196_4;O000196;P0256;1;439.34;0.05;417.37
OL000197_1;O000197;P0019;5;629.57;0.2;2518.28
OL000197_2;O000197;P0021;3;281.03;0;843.09
OL000197_3;O000197;P0036;4;90.91;0;363.64
OL000197_4;O000197;P0425;4;706.91;0.05;2686.26
OL000198_1;O000198;P0053;1;114.83;0;114.83
OL000198_2;O000198;P0025;1;604.34;0;604.34
OL000198_3;O000198;P0054;3;790.64;0.1;2134.73
OL000198_4;O000198;P0116;2;242.67;0;485.34
OL000198_5;O000198;P0098;6;520.33;0.05;2965.88
OL000199_1;O000199;P0299;4;17.68;0;70.72
OL000199_2;O000199;P0065;3;63.35;0;190.05
OL000200_1;O000200;P0181;5;101.47;0;507.35
OL000201_1;O000201;P0390;5;214.34;0.2;857.36
OL000201_2;O000201;P0440;3;714.73;0.05;2036.98
OL000201_3;O000201;P0363;4;514.74;0;2058.96
OL000201_4;O000201;P0435;5;639.42;0;3197.1
OL000201_5;O000201;P0469;2;58.57;0;117.14
OL000202_1;O000202;P0382;1;217.42;0;217.42
OL000203_1;O000203;P0026;6;100.02;0.1;540.11
OL000204_1;O000204;P0059;1;107.29;0;107.29
OL000204_2;O000204;P0295;3;451.32;0;1353.96
OL000205_1;O000205;P0049;2;10.53;0.2;16.85
OL000206_1;O000206;P0091;3;378.18;0;1134.54
OL000207_1;O000207;P0387;2;305.32;0;610.64
OL000207_2;O000207;P0052;3;606.63;0.05;1728.9
OL000208_1;O000208;P0352;5;607.79;0;3038.95
OL000208_2;O000208;P0076;4;542.56;0;2170.24
OL000208_3;O000208;P0338;2;501.98;0.05;953.76
OL000209_1;O000209;P0455;3;714.87;0.1;1930.15
OL000209_2;O000209;P0302;4;201.22;0.05;764.64
OL000209_3;O000209;P0159;2;773.52;0;1547.04
OL000210_1;O000210;P0495;3;376.57;0.2;903.77
OL000210_2;O000210;P0286;6;660.37;0;3962.22
OL000210_3;O000210;P0156;4;484.9;0.05;1842.62
OL000210_4;O000210;P0034;3;238.05;0;714.15
OL000210_5;O000210;P0233;1;418.33;0;418.33
OL000211_1;O000211;P0366;3;460.32;0;1380.96
OL000212_1;O000212;P0224;6;486.68;0.05;2774.08
OL000212_2;O000212;P0412;5;461.83;0;2309.15
OL000212_3;O000212;P0350;2;404.94;0.05;769.39
OL000212_4;O000212;P0070;4;493.71;0.2;1579.87
OL000212_5;O000212;P0103;3;795.33;0.05;2266.69
OL000213_1;O000213;P0239;4;352.09;0.1;1267.52
OL000213_2;O000213;P0237;1;39.93;0.2;31.94
OL000213_3;O000213;P0014;4;732.38;0;2929.52
OL000213_4;O000213;P0387;2;305.32;0.2;488.51
OL000214_1;O000214;P0029;3;557.81;0;1673.43
OL000215_1;O000215;P0155;6;333.51;0.05;1901.01
OL000215_2;O000215;P0369;1;797.51;0.1;717.76
OL000216_1;O000216;P0154;4;626.07;0.1;2253.85
OL000217_1;O000217;P0103;4;795.33;0.1;2863.19
OL000217_2;O000217;P0149;3;168.57;0;505.71
OL000217_3;O000217;P0492;5;280.85;0.1;1263.83
OL000217_4;O000217;P0189;6;88.85;0.05;506.44
OL000217_5;O000217;P0201;4;195.65;0;782.6
OL000218_1;O000218;P0493;2;336.23;0.1;605.21
OL000218_2;O000218;P0452;6;162.11;0.1;875.39
OL000218_3;O000218;P0142;1;383.71;0;383.71
OL000219_1;O000219;P0473;4;774.64;0;3098.56
OL000219_2;O000219;P0470;6;367.85;0.1;1986.39
OL000219_3;O000219;P0193;4;522.59;0.2;1672.29
OL000220_1;O000220;P0256;6;439.34;0.1;2372.44
OL000221_1;O000221;P0311;6;604.23;0;3625.38
OL000221_2;O000221;P0473;2;774.64;0.05;1471.82
OL000221_3;O000221;P0056;6;621.03;0.1;3353.56
OL000222_1;O000222;P0323;6;751.63;0;4509.78
OL000223_1;O000223;P0293;4;451.7;0.2;1445.44
OL000223_2;O000223;P0181;3;101.47;0.2;243.53
OL000224_1;O000224;P0277;3;348.88;0;1046.64
OL000224_2;O000224;P0115;3;743.79;0.05;2119.8
OL000224_3;O000224;P0200;6;271.41;0.05;1547.04
OL000224_4;O000224;P0035;2;439.05;0.05;834.19
OL000224_5;O000224;P0039;5;646.3;0.2;2585.2
OL000225_1;O000225;P0172;1;611.34;0;611.34
OL000225_2;O000225;P0105;5;183.03;0.05;869.39
OL000226_1;O000226;P0054;1;790.64;0.1;711.58
OL000227_1;O000227;P0199;4;380.74;0;1522.96
OL000228_1;O000228;P0383;5;166.51;0.2;666.04
OL000228_2;O000228;P0024;1;365.16;0;365.16
OL000228_3;O000228;P0417;1;368.41;0;368.41
OL000228_4;O000228;P0030;2;394.47;0.1;710.05
OL000229_1;O000229;P0254;6;489.24;0.05;2788.67
OL000229_2;O000229;P0460;2;497.38;0.1;895.28
OL000230_1;O000230;P0105;2;183.03;0.2;292.85
OL000231_1;O000231;P0154;1;626.07;0;626.07
OL000231_2;O000231;P0143;5;557.99;0.1;2510.95
OL000231_3;O000231;P0254;1;489.24;0.1;440.32
OL000231_4;O000231;P0197;4;19.76;0;79.04
OL000232_1;O000232;P0175;6;544.63;0.2;2614.22
OL000233_1;O000233;P0382;2;217.42;0;434.84
OL000233_2;O000233;P0465;1;313.22;0.05;297.56
OL000233_3;O000233;P0410;6;62.25;0.05;354.82
OL000233_4;O000233;P0044;2;703.08;0.2;1124.93
OL000234_1;O000234;P0237;1;39.93;0.1;35.94
OL000234_2;O000234;P0005;4;164.48;0;657.92
OL000234_3;O000234;P0495;3;376.57;0.1;1016.74
OL000234_4;O000234;P0327;5;205.44;0;1027.2
OL000235_1;O000235;P0076;5;542.56;0;2712.8
OL000235_2;O000235;P0120;1;48.04;0;48.04
OL000236_1;O000236;P0056;1;621.03;0.2;496.82
OL000236_2;O000236;P0228;1;67.58;0.2;54.06
OL000236_3;O000236;P0040;2;221.2;0;442.4
OL000237_1;O000237;P0319;1;395.12;0;395.12
OL000237_2;O000237;P0189;1;88.85;0.05;84.41
OL000237_3;O000237;P0477;2;66.68;0.2;106.69
OL000238_1;O000238;P0323;5;751.63;0.1;3382.34
OL000238_2;O000238;P0276;6;436.04;0;2616.24
OL000238_3;O000238;P0434;5;193.85;0;969.25
OL000238_4;O000238;P0311;4;604.23;0.2;1933.54
OL000238_5;O000238;P0267;4;103.48;0.05;393.22
OL000239_1;O000239;P0287;5;73.23;0;366.15
OL000239_2;O000239;P0469;3;58.57;0.1;158.14
OL000239_3;O000239;P0310;2;494.34;0.1;889.81
OL000240_1;O000240;P0259;2;135.79;0.2;217.26
OL000240_2;O000240;P0254;6;489.24;0;2935.44
OL000240_3;O000240;P0461;2;707.1;0.1;1272.78
OL000240_4;O000240;P0008;2;240.24;0;480.48
OL000241_1;O000241;P0066;4;324.4;0.2;1038.08
OL000241_2;O000241;P0124;6;69.25;0.05;394.72
OL000241_3;O000241;P0061;3;489.47;0.05;1394.99
OL000242_1;O000242;P0470;5;367.85;0;1839.25
OL000242_2;O000242;P0078;1;732.02;0.2;585.62
OL000242_3;O000242;P0304;3;613.75;0.1;1657.12
OL000242_4;O000242;P0195;3;153.2;0.1;413.64
OL000242_5;O000242;P0091;5;378.18;0.2;1512.72
OL000243_1;O000243;P0489;2;70.72;0;141.44
OL000243_2;O000243;P0417;6;368.41;0;2210.46
OL000244_1;O000244;P0474;2;195.84;0.05;372.1
OL000245_1;O000245;P0219;6;549.88;0.1;2969.35
OL000245_2;O000245;P0267;2;103.48;0.1;186.26
OL000245_3;O000245;P0152;1;768.81;0;768.81
OL000245_4;O000245;P0228;4;67.58;0.1;243.29
OL000245_5;O000245;P0135;1;684.61;0;684.61
OL000246_1;O000246;P0362;6;577.1;0.05;3289.47
OL000247_1;O000247;P0249;2;271.37;0.1;488.47
OL000247_2;O000247;P0145;2;675.85;0;1351.7
OL000248_1;O000248;P0121;6;309.18;0.05;1762.33
OL000248_2;O000248;P0248;5;540.63;0;2703.15
OL000248_3;O000248;P0450;3;255.68;0;767.04
OL000248_4;O000248;P0449;3;114.85;0.1;310.09
OL000248_5;O000248;P0251;6;130.39;0.1;704.11
OL000249_1;O000249;P0178;6;158.86;0.1;857.84
OL000250_1;O000250;P0346;3;135.3;0.1;365.31
OL000250_2;O000250;P0201;4;195.65;0.1;704.34
OL000250_3;O000250;P0205;3;483.96;0;1451.88
OL000251_1;O000251;P0313;3;686.48;0;2059.44
OL000251_2;O000251;P0310;5;494.34;0;2471.7
OL000251_3;O000251;P0487;6;584.31;0;3505.86
OL000251_4;O000251;P0411;4;347.77;0;1391.08
OL000251_5;O000251;P0400;6;346.91;0.05;1977.39
OL000252_1;O000252;P0170;4;715.35;0;2861.4
OL000252_2;O000252;P0284;6;324.52;0;1947.12
OL000252_3;O000252;P0482;1;99.4;0;99.4
OL000253_1;O000253;P0417;4;368.41;0.1;1326.28
OL000254_1;O000254;P0402;3;349.75;0.1;944.33
OL000254_2;O000254;P0263;6;307.56;0;1845.36
OL000254_3;O000254;P0155;3;333.51;0.1;900.48
OL000255_1;O000255;P0255;6;714.76;0.1;3859.7
OL000256_1;O000256;P0049;5;10.53;0;52.65
OL000257_1;O000257;P0428;2;454.12;0;908.24
OL000257_2;O000257;P0165;6;87.11;0.2;418.13
OL000257_3;O000257;P0307;4;284.36;0;1137.44
OL000258_1;O000258;P0359;1;233.67;0.1;210.3
OL000258_2;O000258;P0066;1;324.4;0;324.4
OL000258_3;O000258;P0267;6;103.48;0;620.88
OL000258_4;O000258;P0086;2;778.32;0.1;1400.98
OL000259_1;O000259;P0456;3;49.86;0.2;119.66
OL000259_2;O000259;P0333;2;738.45;0;1476.9
OL000259_3;O000259;P0149;5;168.57;0;842.85
OL000259_4;O000259;P0412;5;461.83;0.05;2193.69
OL000259_5;O000259;P0266;5;231.84;0.05;1101.24
OL000260_1;O000260;P0356;1;437.87;0.2;350.3
OL000260_2;O000260;P0235;3;505.28;0;1515.84
OL000261_1;O000261;P0040;5;221.2;0;1106.0
OL000261_2;O000261;P0053;6;114.83;0;688.98
OL000262_1;O000262;P0402;2;349.75;0;699.5
OL000263_1;O000263;P0155;5;333.51;0;1667.55
OL000263_2;O000263;P0124;5;69.25;0.1;311.62
OL000263_3;O000263;P0194;4;677.04;0.1;2437.34
OL000264_1;O000264;P0461;4;707.1;0.05;2686.98
OL000264_2;O000264;P0092;1;376.04;0.05;357.24
OL000264_3;O000264;P0438;4;582.27;0.05;2212.63
OL000264_4;O000264;P0373;4;659.33;0;2637.32
OL000264_5;O000264;P0316;5;507.59;0;2537.95
OL000265_1;O000265;P0332;3;423.42;0.1;1143.23
OL000266_1;O000266;P0190;1;101.56;0.2;81.25
OL000267_1;O000267;P0429;6;719.05;0.05;4098.58
OL000267_2;O000267;P0460;6;497.38;0;2984.28
OL000267_3;O000267;P0464;5;326.65;0.05;1551.59
OL000268_1;O000268;P0210;2;475.56;0;951.12
OL000268_2;O000268;P0160;3;275.66;0.2;661.58
OL000268_3;O000268;P0180;1;515.85;0.05;490.06
OL000268_4;O000268;P0239;5;352.09;0;1760.45
OL000268_5;O000268;P0290;4;561.78;0;2247.12
OL000269_1;O000269;P0383;6;166.51;0;999.06
OL000269_2;O000269;P0159;1;773.52;0.1;696.17
OL000270_1;O000270;P0297;3;608.4;0.05;1733.94
OL000270_2;O000270;P0396;6;397.05;0.2;1905.84
OL000270_3;O000270;P0231;6;283.35;0;1700.1
OL000271_1;O000271;P0134;1;433.06;0;433.06
OL000271_2;O000271;P0265;6;15.21;0;91.26
OL000271_3;O000271;P0244;2;18.81;0.1;33.86
OL000271_4;O000271;P0301;3;463.23;0.05;1320.21
OL000272_1;O000272;P0084;4;437.82;0.2;1401.02
OL000272_2;O000272;P0096;1;120.44;0.1;108.4
OL000272_3;O000272;P0415;5;736.04;0.1;3312.18
OL000273_1;O000273;P0397;3;248.84;0.2;597.22
OL000273_2;O000273;P0206;5;290.56;0;1452.8
OL000273_3;O000273;P0084;5;437.82;0;2189.1
OL000273_4;O000273;P0473;3;774.64;0.2;1859.14
OL000274_1;O000274;P0338;2;501.98;0;1003.96
OL000275_1;O000275;P0242;5;659.48;0.1;2967.66
OL000276_1;O000276;P0037;3;655.22;0.1;1769.09
OL000276_2;O000276;P0343;6;381.42;0.2;1830.82
OL000276_3;O000276;P0014;2;732.38;0.2;1171.81
OL000276_4;O000276;P0092;2;376.04;0.05;714.48
OL000276_5;O000276;P0186;3;402.12;0.2;965.09
OL000277_1;O000277;P0160;4;275.66;0.1;992.38
OL000277_2;O000277;P0018;3;737.23;0.1;1990.52
OL000277_3;O000277;P0092;2;376.04;0.1;676.87
OL000278_1;O000278;P0217;1;571.0;0.05;542.45
OL000278_2;O000278;P0218;3;124.81;0;374.43
OL000278_3;O000278;P0310;4;494.34;0.2;1581.89
OL000278_4;O000278;P0191;4;716.68;0.05;2723.38
OL000279_1;O000279;P0223;1;696.39;0.1;626.75
OL000279_2;O000279;P0145;1;675.85;0;675.85
OL000279_3;O000279;P0445;4;197.74;0.1;711.86
OL000279_4;O000279;P0188;1;581.63;0.2;465.3
OL000280_1;O000280;P0375;1;325.84;0.2;260.67
OL000280_2;O000280;P0379;4;436.54;0;1746.16
OL000280_3;O000280;P0090;1;69.0;0.2;55.2
OL000281_1;O000281;P0168;3;500.32;0;1500.96
OL000282_1;O000282;P0495;1;376.57;0;376.57
OL000282_2;O000282;P0293;3;451.7;0.05;1287.34
OL000282_3;O000282;P0316;5;507.59;0.2;2030.36
OL000282_4;O000282;P0438;2;582.27;0;1164.54
OL000283_1;O000283;P0401;4;119.48;0;477.92
OL000284_1;O000284;P0169;5;336.35;0.1;1513.58
OL000284_2;O000284;P0244;5;18.81;0;94.05
OL000284_3;O000284;P0176;3;407.64;0.05;1161.77
OL000284_4;O000284;P0178;4;158.86;0;635.44
OL000284_5;O000284;P0237;6;39.93;0.1;215.62
OL000285_1;O000285;P0385;3;263.38;0.1;711.13
OL000285_2;O000285;P0346;4;135.3;0;541.2
OL000285_3;O000285;P0080;5;645.43;0.2;2581.72
OL000286_1;O000286;P0050;4;746.85;0;2987.4
OL000287_1;O000287;P0323;1;751.63;0.05;714.05
OL000287_2;O000287;P0258;5;297.45;0.2;1189.8
OL000287_3;O000287;P0201;2;195.65;0.1;352.17
OL000288_1;O000288;P0499;4;87.64;0.1;315.5
OL000288_2;O000288;P0097;6;304.07;0;1824.42
OL000288_3;O000288;P0317;2;746.16;0;1492.32
OL000288_4;O000288;P0313;5;686.48;0.2;2745.92
OL000289_1;O000289;P0283;5;302.47;0;1512.35
OL000289_2;O000289;P0436;2;646.77;0.1;1164.19
OL000289_3;O000289;P0189;6;88.85;0;533.1
OL000289_4;O000289;P0090;4;69.0;0;276.0
OL000290_1;O000290;P0429;3;719.05;0;2157.15
OL000290_2;O000290;P0126;4;160.09;0;640.36
OL000290_3;O000290;P0004;6;392.54;0;2355.24
OL000290_4;O000290;P0350;6;404.94;0.1;2186.68
OL000290_5;O000290;P0444;5;603.72;0.1;2716.74
OL000291_1;O000291;P0187;4;80.31;0.2;256.99
OL000292_1;O000292;P0169;6;336.35;0;2018.1
OL000293_1;O000293;P0014;2;732.38;0.05;1391.52
OL000293_2;O000293;P0289;3;528.94;0.05;1507.48
OL000293_3;O000293;P0158;6;182.39;0;1094.34
OL000294_1;O000294;P0156;2;484.9;0.2;775.84
OL000294_2;O000294;P0007;3;263.33;0.05;750.49
OL000294_3;O000294;P0370;5;454.88;0.2;1819.52
OL000294_4;O000294;P0208;4;744.87;0.2;2383.58
OL000294_5;O000294;P0461;2;707.1;0.05;1343.49
OL000295_1;O000295;P0106;2;799.69;0;1599.38
OL000295_2;O000295;P0143;5;557.99;0;2789.95
OL000295_3;O000295;P0333;2;738.45;0.05;1403.06
OL000296_1;O000296;P0447;1;391.3;0;391.3
OL000296_2;O000296;P0229;5;135.9;0.2;543.6
OL000296_3;O000296;P0127;2;461.7;0.05;877.23
OL000296_4;O000296;P0409;6;613.99;0;3683.94
OL000296_5;O000296;P0354;6;397.17;0;2383.02
OL000297_1;O000297;P0117;2;485.89;0.2;777.42
OL000297_2;O000297;P0390;5;214.34;0.1;964.53
OL000298_1;O000298;P0292;1;168.25;0.2;134.6
OL000298_2;O000298;P0221;1;641.07;0.1;576.96
OL000298_3;O000298;P0399;6;528.98;0;3173.88
OL000299_1;O000299;P0136;5;787.65;0;3938.25
OL000299_2;O000299;P0175;3;544.63;0.2;1307.11
OL000299_3;O000299;P0258;3;297.45;0.1;803.11
OL000300_1;O000300;P0422;2;152.75;0;305.5
OL000300_2;O000300;P0399;1;528.98;0;528.98
OL000300_3;O000300;P0110;3;193.77;0.2;465.05
OL000300_4;O000300;P0157;3;570.4;0.2;1368.96
OL000300_5;O000300;P0242;1;659.48;0.05;626.51
OL000301_1;O000301;P0400;6;346.91;0.05;1977.39
OL000301_2;O000301;P0118;3;198.02;0.1;534.65
OL000301_3;O000301;P0479;3;502.37;0.05;1431.75
OL000301_4;O000301;P0075;3;688.89;0.05;1963.34
OL000302_1;O000302;P0420;6;145.0;0;870.0
OL000303_1;O000303;P0055;1;587.3;0;587.3
OL000303_2;O000303;P0083;3;798.25;0.1;2155.28
OL000303_3;O000303;P0483;6;787.1;0.2;3778.08
OL000304_1;O000304;P0167;6;472.6;0.1;2552.04
OL000305_1;O000305;P0396;1;397.05;0.05;377.2
OL000305_2;O000305;P0491;3;148.57;0.1;401.14
OL000306_1;O000306;P0203;4;443.79;0;1775.16
OL000306_2;O000306;P0426;5;285.73;0;1428.65
OL000306_3;O000306;P0468;5;765.15;0.05;3634.46
OL000306_4;O000306;P0009;5;320.42;0.1;1441.89
OL000307_1;O000307;P0294;4;369.26;0.2;1181.63
OL000308_1;O000308;P0295;3;451.32;0;1353.96
OL000308_2;O000308;P0320;4;765.71;0;3062.84
OL000308_3;O000308;P0005;2;164.48;0.05;312.51
OL000308_4;O000308;P0219;2;549.88;0.05;1044.77
OL000309_1;O000309;P0309;1;494.09;0;494.09
OL000309_2;O000309;P0277;3;348.88;0;1046.64
OL000309_3;O000309;P0168;3;500.32;0;1500.96
OL000309_4;O000309;P0337;2;154.1;0;308.2
OL000309_5;O000309;P0156;2;484.9;0.1;872.82
OL000310_1;O000310;P0102;2;79.3;0.1;142.74
OL000310_2;O000310;P0303;1;291.26;0;291.26
OL000310_3;O000310;P0497;2;19.37;0.2;30.99
OL000310_4;O000310;P0468;5;765.15;0.2;3060.6
OL000311_1;O000311;P0484;4;383.24;0;1532.96
OL000312_1;O000312;P0374;6;119.34;0.05;680.24
OL000312_2;O000312;P0024;2;365.16;0;730.32
OL000312_3;O000312;P0091;5;378.18;0;1890.9
OL000313_1;O000313;P0380;6;797.92;0;4787.52
OL000313_2;O000313;P0187;1;80.31;0;80.31
OL000314_1;O000314;P0370;5;454.88;0;2274.4
OL000314_2;O000314;P0081;1;621.09;0;621.09
OL000314_3;O000314;P0179;2;27.31;0;54.62
OL000314_4;O000314;P0215;1;239.56;0;239.56
OL000314_5;O000314;P0496;4;549.97;0.1;1979.89
OL000315_1;O000315;P0101;2;37.37;0;74.74
OL000315_2;O000315;P0264;2;726.72;0;1453.44
OL000315_3;O000315;P0116;6;242.67;0;1456.02
OL000315_4;O000315;P0381;1;126.93;0.1;114.24
OL000315_5;O000315;P0145;5;675.85;0;3379.25
OL000316_1;O000316;P0297;6;608.4;0;3650.4
OL000316_2;O000316;P0383;4;166.51;0;666.04
OL000317_1;O000317;P0233;5;418.33;0.05;1987.07
OL000317_2;O000317;P0280;4;15.68;0;62.72
OL000318_1;O000318;P0219;6;549.88;0;3299.28
OL000318_2;O000318;P0494;5;590.15;0;2950.75
OL000318_3;O000318;P0049;2;10.53;0.1;18.95
OL000319_1;O000319;P0100;2;146.52;0;293.04
OL000319_2;O000319;P0398;1;653.74;0;653.74
OL000319_3;O000319;P0376;6;662.31;0.05;3775.17
OL000319_4;O000319;P0270;5;141.41;0;707.05
OL000319_5;O000319;P0289;5;528.94;0.2;2115.76
OL000320_1;O000320;P0143;1;557.99;0.1;502.19
OL000320_2;O000320;P0152;4;768.81;0.2;2460.19
OL000321_1;O000321;P0387;4;305.32;0;1221.28
OL000322_1;O000322;P0064;6;459.02;0.2;2203.3
OL000322_2;O000322;P0484;6;383.24;0;2299.44
OL000322_3;O000322;P0106;4;799.69;0;3198.76
OL000322_4;O000322;P0345;3;590.9;0.05;1684.06
OL000323_1;O000323;P0196;3;395.62;0;1186.86
OL000324_1;O000324;P0429;6;719.05;0.1;3882.87
OL000324_2;O000324;P0216;1;264.68;0;264.68
OL000324_3;O000324;P0443;3;306.44;0.05;873.35
OL000324_4;O000324;P0464;3;326.65;0.2;783.96
OL000325_1;O000325;P0288;5;771.19;0.2;3084.76
OL000325_2;O000325;P0193;5;522.59;0.2;2090.36
OL000325_3;O000325;P0446;6;305.63;0.1;1650.4
OL000325_4;O000325;P0022;5;271.48;0;1357.4
OL000326_1;O000326;P0443;5;306.44;0;1532.2
OL000326_2;O000326;P0482;4;99.4;0.1;357.84
OL000326_3;O000326;P0343;1;381.42;0;381.42
OL000326_4;O000326;P0291;2;78.61;0;157.22
OL000326_5;O000326;P0323;3;751.63;0;2254.89
OL000327_1;O000327;P0394;2;310.75;0;621.5
OL000327_2;O000327;P0286;5;660.37;0.05;3136.76
OL000327_3;O000327;P0380;4;797.92;0.05;3032.1
OL000328_1;O000328;P0136;6;787.65;0.1;4253.31
OL000328_2;O000328;P0180;3;515.85;0.1;1392.8
OL000329_1;O000329;P0357;1;499.59;0;499.59
OL000329_2;O000329;P0048;1;504.68;0.2;403.74
OL000329_3;O000329;P0469;6;58.57;0.1;316.28
OL000329_4;O000329;P0437;3;63.59;0;190.77
OL000329_5;O000329;P0367;3;372.39;0.2;893.74
OL000330_1;O000330;P0014;4;732.38;0;2929.52
OL000330_2;O000330;P0427;6;339.4;0;2036.4
OL000330_3;O000330;P0126;2;160.09;0.1;288.16
OL000331_1;O000331;P0298;4;312.31;0.2;999.39
OL000331_2;O000331;P0455;4;714.87;0.05;2716.51
OL000331_3;O000331;P0362;3;577.1;0.05;1644.74
OL000331_4;O000331;P0221;3;641.07;0.05;1827.05
OL000331_5;O000331;P0461;2;707.1;0.05;1343.49
OL000332_1;O000332;P0414;5;357.25;0;1786.25
OL000333_1;O000333;P0333;1;738.45;0.05;701.53
OL000333_2;O000333;P0245;6;434.35;0;2606.1
OL000333_3;O000333;P0033;6;75.31;0.05;429.27
OL000333_4;O000333;P0034;6;238.05;0.05;1356.89
OL000333_5;O000333;P0292;3;168.25;0;504.75
OL000334_1;O000334;P0393;5;533.76;0.2;2135.04
OL000334_2;O000334;P0162;1;579.81;0.2;463.85
OL000335_1;O000335;P0046;1;324.2;0.1;291.78
OL000335_2;O000335;P0294;6;369.26;0.1;1994.0
OL000335_3;O000335;P0413;4;204.12;0.1;734.83
OL000336_1;O000336;P0174;4;431.69;0;1726.76
OL000337_1;O000337;P0289;3;528.94;0;1586.82
OL000337_2;O000337;P0490;2;213.0;0;426.0
OL000337_3;O000337;P0326;5;796.85;0.1;3585.83
OL000337_4;O000337;P0094;5;775.04;0;3875.2
OL000337_5;O000337;P0500;3;420.76;0;1262.28
OL000338_1;O000338;P0414;3;357.25;0.05;1018.16
OL000339_1;O000339;P0343;5;381.42;0;1907.1
OL000340_1;O000340;P0047;6;276.83;0.05;1577.93
OL000340_2;O000340;P0467;5;100.32;0.2;401.28
OL000340_3;O000340;P0295;6;451.32;0.2;2166.34
OL000340_4;O000340;P0268;4;388.26;0.2;1242.43
OL000340_5;O000340;P0330;2;515.43;0.05;979.32
OL000341_1;O000341;P0255;3;714.76;0;2144.28
OL000341_2;O000341;P0271;1;181.11;0;181.11
OL000341_3;O000341;P0485;1;18.52;0.05;17.59
OL000342_1;O000342;P0435;2;639.42;0.2;1023.07
OL000342_2;O000342;P0190;6;101.56;0;609.36
OL000342_3;O000342;P0467;2;100.32;0;200.64
OL000342_4;O000342;P0235;2;505.28;0;1010.56
OL000342_5;O000342;P0365;3;86.72;0;260.16
OL000343_1;O000343;P0191;4;716.68;0;2866.72
OL000343_2;O000343;P0080;2;645.43;0.2;1032.69
OL000344_1;O000344;P0419;4;77.39;0.05;294.08
OL000344_2;O000344;P0308;1;554.48;0.1;499.03
OL000345_1;O000345;P0146;5;263.49;0.05;1251.58
OL000345_2;O000345;P0056;1;621.03;0.1;558.93
OL000345_3;O000345;P0422;2;152.75;0;305.5
OL000346_1;O000346;P0190;4;101.56;0;406.24
OL000346_2;O000346;P0227;5;743.62;0;3718.1
OL000346_3;O000346;P0340;5;193.92;0;969.6
OL000346_4;O000346;P0394;2;310.75;0.05;590.42
OL000346_5;O000346;P0023;5;157.25;0;786.25
OL000347_1;O000347;P0337;6;154.1;0.1;832.14
OL000347_2;O000347;P0013;4;326.64;0;1306.56
OL000347_3;O000347;P0432;2;789.16;0.2;1262.66
OL000348_1;O000348;P0462;1;388.14;0;388.14
OL000348_2;O000348;P0004;4;392.54;0;1570.16
OL000349_1;O000349;P0199;4;380.74;0;1522.96
OL000349_2;O000349;P0350;4;404.94;0.2;1295.81
OL000349_3;O000349;P0129;3;240.53;0.1;649.43
OL000349_4;O000349;P0246;2;725.45;0.1;1305.81
OL000349_5;O000349;P0275;3;483.85;0;1451.55
OL000350_1;O000350;P0431;6;493.52;0.05;2813.06
OL000350_2;O000350;P0107;4;654.87;0.1;2357.53
OL000351_1;O000351;P0187;4;80.31;0.2;256.99
OL000351_2;O000351;P0442;4;711.54;0.05;2703.85
OL000351_3;O000351;P0330;3;515.43;0;1546.29
OL000351_4;O000351;P0202;2;103.78;0.1;186.8
OL000351_5;O000351;P0056;5;621.03;0.1;2794.63
OL000352_1;O000352;P0291;6;78.61;0;471.66
OL000352_2;O000352;P0140;6;470.31;0.2;2257.49
OL000352_3;O000352;P0394;2;310.75;0.1;559.35
OL000352_4;O000352;P0295;2;451.32;0;902.64
OL000353_1;O000353;P0472;1;789.27;0.05;749.81
OL000354_1;O000354;P0149;3;168.57;0;505.71
OL000354_2;O000354;P0411;5;347.77;0;1738.85
OL000355_1;O000355;P0466;4;280.34;0;1121.36
OL000355_2;O000355;P0387;1;305.32;0;305.32
OL000356_1;O000356;P0044;3;703.08;0;2109.24
OL000356_2;O000356;P0091;2;378.18;0.2;605.09
OL000356_3;O000356;P0154;6;626.07;0.1;3380.78
OL000357_1;O000357;P0263;3;307.56;0.2;738.14
OL000357_2;O000357;P0463;1;91.32;0.1;82.19
OL000358_1;O000358;P0067;5;433.89;0;2169.45
OL000359_1;O000359;P0068;3;170.53;0.05;486.01
OL000359_2;O000359;P0283;2;302.47;0.1;544.45
OL000359_3;O000359;P0145;3;675.85;0;2027.55
OL000360_1;O000360;P0005;6;164.48;0;986.88
OL000361_1;O000361;P0002;4;76.91;0;307.64
OL000362_1;O000362;P0227;2;743.62;0.2;1189.79
OL000363_1;O000363;P0112;4;126.69;0.05;481.42
OL000363_2;O000363;P0423;3;403.13;0;1209.39
OL000363_3;O000363;P0272;1;637.75;0.05;605.86
OL000364_1;O000364;P0164;5;385.83;0.05;1832.69
OL000365_1;O000365;P0022;6;271.48;0.05;1547.44
OL000365_2;O000365;P0210;4;475.56;0.1;1712.02
OL000366_1;O000366;P0205;3;483.96;0;1451.88
OL000366_2;O000366;P0223;6;696.39;0;4178.34
OL000367_1;O000367;P0311;6;604.23;0.1;3262.84
OL000367_2;O000367;P0222;4;780.9;0;3123.6
OL000367_3;O000367;P0250;6;162.86;0;977.16
OL000367_4;O000367;P0181;1;101.47;0;101.47
OL000368_1;O000368;P0314;1;404.68;0.2;323.74
OL000368_2;O000368;P0067;5;433.89;0.05;2060.98
OL000368_3;O000368;P0175;6;544.63;0.05;3104.39
OL000368_4;O000368;P0414;6;357.25;0;2143.5
OL000369_1;O000369;P0407;3;553.63;0;1660.89
OL000369_2;O000369;P0462;2;388.14;0.05;737.47
OL000369_3;O000369;P0401;6;119.48;0.2;573.5
OL000369_4;O000369;P0498;2;429.72;0.2;687.55
OL000369_5;O000369;P0313;2;686.48;0;1372.96
OL000370_1;O000370;P0399;2;528.98;0.05;1005.06
OL000370_2;O000370;P0365;2;86.72;0.05;164.77
OL000370_3;O000370;P0435;1;639.42;0.1;575.48
OL000370_4;O000370;P0127;2;461.7;0;923.4
OL000371_1;O000371;P0310;1;494.34;0.05;469.62
OL000371_2;O000371;P0376;1;662.31;0;662.31
OL000371_3;O000371;P0269;5;463.05;0.05;2199.49
OL000371_4;O000371;P0128;4;242.69;0.1;873.68
OL000371_5;O000371;P0359;1;233.67;0.05;221.99
OL000372_1;O000372;P0480;3;345.57;0.1;933.04
OL000373_1;O000373;P0282;1;793.52;0.1;714.17
OL000373_2;O000373;P0331;3;359.07;0.1;969.49
OL000373_3;O000373;P0092;3;376.04;0.2;902.5
OL000373_4;O000373;P0429;1;719.05;0.05;683.1
OL000374_1;O000374;P0048;3;504.68;0.05;1438.34
OL000374_2;O000374;P0174;1;431.69;0.1;388.52
OL000375_1;O000375;P0117;2;485.89;0;971.78
OL000375_2;O000375;P0331;6;359.07;0.2;1723.54
OL000375_3;O000375;P0013;1;326.64;0;326.64
OL000376_1;O000376;P0282;1;793.52;0;793.52
OL000376_2;O000376;P0103;5;795.33;0;3976.65
OL000376_3;O000376;P0107;2;654.87;0.2;1047.79
OL000376_4;O000376;P0252;1;630.67;0.05;599.14
OL000377_1;O000377;P0172;2;611.34;0.05;1161.55
OL000377_2;O000377;P0460;3;497.38;0.1;1342.93
OL000377_3;O000377;P0062;6;637.08;0.05;3631.36
OL000378_1;O000378;P0185;4;666.88;0;2667.52
OL000378_2;O000378;P0332;6;423.42;0;2540.52
OL000378_3;O000378;P0291;3;78.61;0;235.83
OL000379_1;O000379;P0147;6;331.66;0;1989.96
OL000379_2;O000379;P0040;5;221.2;0;1106.0
OL000379_3;O000379;P0453;1;134.42;0;134.42
OL000379_4;O000379;P0318;1;546.87;0;546.87
OL000379_5;O000379;P0485;3;18.52;0;55.56
OL000380_1;O000380;P0461;1;707.1;0.05;671.75
OL000381_1;O000381;P0360;5;44.58;0.1;200.61
OL000382_1;O000382;P0411;3;347.77;0;1043.31
OL000382_2;O000382;P0344;3;616.84;0;1850.52
OL000383_1;O000383;P0338;3;501.98;0.2;1204.75
OL000383_2;O000383;P0277;2;348.88;0.05;662.87
OL000383_3;O000383;P0377;6;626.3;0.05;3569.91
OL000384_1;O000384;P0171;3;395.19;0.1;1067.01
OL000384_2;O000384;P0231;5;283.35;0;1416.75
OL000385_1;O000385;P0022;5;271.48;0;1357.4
OL000385_2;O000385;P0295;1;451.32;0.05;428.75
OL000385_3;O000385;P0479;5;502.37;0;2511.85
OL000385_4;O000385;P0379;2;436.54;0.05;829.43
OL000385_5;O000385;P0251;1;130.39;0.05;123.87
OL000386_1;O000386;P0367;1;372.39;0.2;297.91
OL000386_2;O000386;P0410;1;62.25;0.1;56.02
OL000387_1;O000387;P0424;6;385.81;0;2314.86
OL000387_2;O000387;P0035;3;439.05;0.1;1185.44
OL000388_1;O000388;P0017;4;474.99;0.05;1804.96
OL000388_2;O000388;P0180;1;515.85;0.05;490.06
OL000388_3;O000388;P0359;4;233.67;0.1;841.21
OL000388_4;O000388;P0386;5;644.21;0;3221.05
OL000389_1;O000389;P0233;4;418.33;0.05;1589.65
OL000390_1;O000390;P0036;5;90.91;0;454.55
OL000390_2;O000390;P0238;3;464.22;0.2;1114.13
OL000390_3;O000390;P0199;5;380.74;0;1903.7
OL000390_4;O000390;P0130;5;716.95;0;3584.75
OL000391_1;O000391;P0003;4;222.04;0;888.16
OL000391_2;O000391;P0396;4;397.05;0;1588.2
OL000392_1;O000392;P0188;6;581.63;0.1;3140.8
OL000392_2;O000392;P0011;6;638.57;0.2;3065.14
OL000392_3;O000392;P0460;6;497.38;0.05;2835.07
OL000392_4;O000392;P0326;5;796.85;0;3984.25
OL000393_1;O000393;P0062;1;637.08;0;637.08
OL000393_2;O000393;P0045;5;679.26;0;3396.3
OL000394_1;O000394;P0006;3;499.95;0;1499.85
OL000394_2;O000394;P0262;1;522.33;0;522.33
OL000394_3;O000394;P0269;6;463.05;0.05;2639.39
OL000394_4;O000394;P0300;5;658.65;0;3293.25
OL000395_1;O000395;P0440;1;714.73;0;714.73
OL000395_2;O000395;P0342;2;676.4;0.2;1082.24
OL000395_3;O000395;P0075;1;688.89;0.1;620.0
OL000395_4;O000395;P0263;1;307.56;0.2;246.05
OL000395_5;O000395;P0085;2;584.5;0.1;1052.1
OL000396_1;O000396;P0384;2;349.75;0.1;629.55
OL000396_2;O000396;P0315;5;47.69;0.1;214.6
OL000397_1;O000397;P0190;3;101.56;0.1;274.21
OL000398_1;O000398;P0307;6;284.36;0.2;1364.93
OL000398_2;O000398;P0071;4;564.18;0.05;2143.88
OL000398_3;O000398;P0047;6;276.83;0.1;1494.88
OL000398_4;O000398;P0500;3;420.76;0.2;1009.82
OL000398_5;O000398;P0265;5;15.21;0;76.05
OL000399_1;O000399;P0136;5;787.65;0.1;3544.43
OL000399_2;O000399;P0343;6;381.42;0;2288.52
OL000399_3;O000399;P0394;5;310.75;0;1553.75
OL000400_1;O000400;P0327;2;205.44;0;410.88
OL000400_2;O000400;P0307;6;284.36;0.05;1620.85
OL000400_3;O000400;P0094;6;775.04;0.1;4185.22
OL000401_1;O000401;P0035;2;439.05;0.05;834.19
OL000402_1;O000402;P0072;2;579.4;0;1158.8
OL000403_1;O000403;P0031;1;675.17;0;675.17
OL000403_2;O000403;P0173;5;352.63;0.05;1674.99
OL000403_3;O000403;P0146;4;263.49;0;1053.96
OL000403_4;O000403;P0119;2;219.52;0.2;351.23
OL000403_5;O000403;P0310;5;494.34;0.05;2348.11
OL000404_1;O000404;P0499;3;87.64;0.1;236.63
OL000404_2;O000404;P0064;1;459.02;0;459.02
OL000404_3;O000404;P0433;4;502.36;0;2009.44
OL000404_4;O000404;P0124;4;69.25;0.2;221.6
OL000404_5;O000404;P0085;2;584.5;0;1169.0
OL000405_1;O000405;P0436;5;646.77;0.1;2910.47
OL000405_2;O000405;P0012;5;530.34;0.05;2519.12
OL000405_3;O000405;P0106;6;799.69;0.1;4318.33
OL000405_4;O000405;P0224;5;486.68;0.05;2311.73
OL000406_1;O000406;P0208;3;744.87;0;2234.61
OL000406_2;O000406;P0367;3;372.39;0;1117.17
OL000406_3;O000406;P0195;5;153.2;0.1;689.4
OL000407_1;O000407;P0224;3;486.68;0.05;1387.04
OL000408_1;O000408;P0047;6;276.83;0;1660.98
OL000408_2;O000408;P0048;5;504.68;0.2;2018.72
OL000409_1;O000409;P0148;5;570.56;0.1;2567.52
OL000409_2;O000409;P0483;4;787.1;0;3148.4
OL000410_1;O000410;P0126;1;160.09;0.05;152.09
OL000410_2;O000410;P0438;2;582.27;0.05;1106.31
OL000411_1;O000411;P0090;6;69.0;0;414.0
OL000411_2;O000411;P0366;2;460.32;0;920.64
OL000411_3;O000411;P0328;5;32.57;0;162.85
OL000411_4;O000411;P0035;4;439.05;0;1756.2
OL000412_1;O000412;P0258;4;297.45;0;1189.8
OL000412_2;O000412;P0413;1;204.12;0;204.12
OL000413_1;O000413;P0333;3;738.45;0.1;1993.82
OL000413_2;O000413;P0126;2;160.09;0;320.18
OL000414_1;O000414;P0180;4;515.85;0.1;1857.06
OL000415_1;O000415;P0473;5;774.64;0;3873.2
OL000415_2;O000415;P0006;1;499.95;0;499.95
OL000415_3;O000415;P0382;6;217.42;0.2;1043.62
OL000416_1;O000416;P0300;1;658.65;0.1;592.78
OL000416_2;O000416;P0389;4;382.24;0.1;1376.06
OL000416_3;O000416;P0391;5;426.17;0;2130.85
OL000416_4;O000416;P0342;5;676.4;0.2;2705.6
OL000416_5;O000416;P0260;1;193.08;0;193.08
OL000417_1;O000417;P0100;4;146.52;0.2;468.86
OL000417_2;O000417;P0100;4;146.52;0;586.08
OL000418_1;O000418;P0416;3;625.2;0.2;1500.48
OL000418_2;O000418;P0373;3;659.33;0.1;1780.19
OL000418_3;O000418;P0490;3;213.0;0.2;511.2
OL000418_4;O000418;P0286;5;660.37;0.05;3136.76
OL000419_1;O000419;P0027;5;284.86;0.05;1353.09
OL000419_2;O000419;P0411;3;347.77;0;1043.31
OL000419_3;O000419;P0422;2;152.75;0.2;244.4
OL000419_4;O000419;P0115;2;743.79;0;1487.58
OL000420_1;O000420;P0224;4;486.68;0.1;1752.05
OL000421_1;O000421;P0125;5;526.37;0;2631.85
OL000421_2;O000421;P0173;2;352.63;0.2;564.21
OL000421_3;O000421;P0168;5;500.32;0.1;2251.44
OL000422_1;O000422;P0242;2;659.48;0;1318.96
OL000423_1;O000423;P0405;2;158.47;0.1;285.25
OL000423_2;O000423;P0422;4;152.75;0;611.0
OL000424_1;O000424;P0115;6;743.79;0.05;4239.6
OL000424_2;O000424;P0017;4;474.99;0.05;1804.96
OL000424_3;O000424;P0341;2;630.72;0.1;1135.3
OL000424_4;O000424;P0415;4;736.04;0.05;2796.95
OL000424_5;O000424;P0488;5;528.49;0.05;2510.33
OL000425_1;O000425;P0076;1;542.56;0.1;488.3
OL000426_1;O000426;P0480;6;345.57;0;2073.42
OL000426_2;O000426;P0459;4;255.21;0;1020.84
OL000426_3;O000426;P0187;2;80.31;0.1;144.56
OL000427_1;O000427;P0382;6;217.42;0.1;1174.07
OL000427_2;O000427;P0338;3;501.98;0.2;1204.75
OL000427_3;O000427;P0445;6;197.74;0;1186.44
OL000428_1;O000428;P0365;3;86.72;0.2;208.13
OL000428_2;O000428;P0191;3;716.68;0;2150.04
OL000428_3;O000428;P0054;4;790.64;0.2;2530.05
OL000429_1;O000429;P0209;5;95.13;0;475.65
OL000430_1;O000430;P0131;4;301.83;0.05;1146.95
OL000430_2;O000430;P0003;5;222.04;0;1110.2
OL000430_3;O000430;P0021;2;281.03;0.1;505.85
OL000430_4;O000430;P0123;4;261.79;0;1047.16
OL000430_5;O000430;P0221;1;641.07;0;641.07
OL000431_1;O000431;P0474;4;195.84;0.2;626.69
OL000431_2;O000431;P0372;3;248.45;0;745.35
OL000432_1;O000432;P0083;4;798.25;0;3193.0
OL000432_2;O000432;P0374;2;119.34;0.05;226.75
OL000432_3;O000432;P0050;3;746.85;0.05;2128.52
OL000432_4;O000432;P0278;6;115.77;0.2;555.7
OL000433_1;O000433;P0247;6;163.52;0.2;784.9
OL000434_1;O000434;P0083;5;798.25;0.2;3193.0
OL000434_2;O000434;P0100;4;146.52;0.05;556.78
OL000434_3;O000434;P0016;3;185.38;0.1;500.53
OL000435_1;O000435;P0286;4;660.37;0.1;2377.33
OL000435_2;O000435;P0165;6;87.11;0.05;496.53
OL000435_3;O000435;P0102;1;79.3;0;79.3
OL000435_4;O000435;P0232;2;639.0;0;1278.0
OL000436_1;O000436;P0284;5;324.52;0.05;1541.47
OL000436_2;O000436;P0062;5;637.08;0;3185.4
OL000436_3;O000436;P0403;6;578.36;0.05;3296.65
OL000436_4;O000436;P0126;3;160.09;0.2;384.22
OL000437_1;O000437;P0039;4;646.3;0.05;2455.94
OL000437_2;O000437;P0379;3;436.54;0.1;1178.66
OL000437_3;O000437;P0012;1;530.34;0.05;503.82
OL000438_1;O000438;P0119;1;219.52;0.05;208.54
OL000439_1;O000439;P0138;6;449.53;0;2697.18
OL000439_2;O000439;P0071;1;564.18;0;564.18
OL000439_3;O000439;P0486;5;640.6;0;3203.0
OL000440_1;O000440;P0333;5;738.45;0;3692.25
OL000440_2;O000440;P0323;1;751.63;0.1;676.47
OL000441_1;O000441;P0221;2;641.07;0.2;1025.71
OL000442_1;O000442;P0255;1;714.76;0;714.76
OL000442_2;O000442;P0208;5;744.87;0;3724.35
OL000442_3;O000442;P0383;3;166.51;0;499.53
OL000442_4;O000442;P0296;2;702.13;0.2;1123.41
OL000442_5;O000442;P0062;6;637.08;0;3822.48
OL000443_1;O000443;P0212;1;529.44;0.05;502.97
OL000444_1;O000444;P0446;6;305.63;0;1833.78
OL000444_2;O000444;P0251;4;130.39;0.05;495.48
OL000445_1;O000445;P0219;1;549.88;0.1;494.89
OL000445_2;O000445;P0403;5;578.36;0;2891.8
OL000446_1;O000446;P0197;2;19.76;0.2;31.62
OL000446_2;O000446;P0261;6;635.25;0;3811.5
OL000446_3;O000446;P0057;3;523.52;0.05;1492.03
OL000446_4;O000446;P0268;3;388.26;0;1164.78
OL000447_1;O000447;P0410;5;62.25;0;311.25
OL000447_2;O000447;P0322;4;525.88;0.2;1682.82
OL000447_3;O000447;P0002;2;76.91;0;153.82
OL000447_4;O000447;P0168;6;500.32;0.2;2401.54
OL000447_5;O000447;P0215;5;239.56;0.05;1137.91
OL000448_1;O000448;P0167;1;472.6;0.05;448.97
OL000448_2;O000448;P0183;4;223.28;0;893.12
OL000449_1;O000449;P0379;1;436.54;0;436.54
OL000449_2;O000449;P0349;5;43.17;0.1;194.27
OL000449_3;O000449;P0368;2;408.71;0;817.42
OL000449_4;O000449;P0378;2;189.11;0;378.22
OL000449_5;O000449;P0190;1;101.56;0;101.56
OL000450_1;O000450;P0023;4;157.25;0.05;597.55
OL000450_2;O000450;P0278;2;115.77;0;231.54
OL000451_1;O000451;P0285;6;411.59;0;2469.54
OL000451_2;O000451;P0014;6;732.38;0;4394.28
OL000451_3;O000451;P0322;5;525.88;0;2629.4
OL000451_4;O000451;P0342;3;676.4;0;2029.2
OL000452_1;O000452;P0372;6;248.45;0;1490.7
OL000453_1;O000453;P0109;1;759.21;0;759.21
OL000453_2;O000453;P0213;1;771.24;0.1;694.12
OL000454_1;O000454;P0143;3;557.99;0.05;1590.27
OL000454_2;O000454;P0311;2;604.23;0;1208.46
OL000454_3;O000454;P0101;4;37.37;0.05;142.01
OL000454_4;O000454;P0193;5;522.59;0.1;2351.66
OL000455_1;O000455;P0276;2;436.04;0;872.08
OL000455_2;O000455;P0124;1;69.25;0.2;55.4
OL000456_1;O000456;P0072;2;579.4;0;1158.8
OL000456_2;O000456;P0266;2;231.84;0.2;370.94
OL000457_1;O000457;P0043;3;306.39;0;919.17
OL000458_1;O000458;P0181;3;101.47;0.1;273.97
OL000458_2;O000458;P0345;1;590.9;0.2;472.72
OL000459_1;O000459;P0257;5;475.78;0;2378.9
OL000459_2;O000459;P0161;4;418.66;0.1;1507.18
OL000459_3;O000459;P0021;5;281.03;0.1;1264.63
OL000460_1;O000460;P0194;5;677.04;0;3385.2
OL000460_2;O000460;P0121;4;309.18;0;1236.72
OL000460_3;O000460;P0409;3;613.99;0.2;1473.58
OL000460_4;O000460;P0117;3;485.89;0.05;1384.79
OL000461_1;O000461;P0286;4;660.37;0.2;2113.18
OL000461_2;O000461;P0182;1;130.97;0.2;104.78
OL000461_3;O000461;P0399;6;528.98;0.2;2539.1
OL000461_4;O000461;P0095;2;329.47;0;658.94
OL000461_5;O000461;P0032;3;313.32;0;939.96
OL000462_1;O000462;P0256;2;439.34;0.2;702.94
OL000462_2;O000462;P0100;4;146.52;0;586.08
OL000462_3;O000462;P0271;6;181.11;0;1086.66
OL000462_4;O000462;P0205;3;483.96;0;1451.88
OL000463_1;O000463;P0451;4;615.28;0;2461.12
OL000463_2;O000463;P0189;6;88.85;0.2;426.48
OL000464_1;O000464;P0370;6;454.88;0.05;2592.82
OL000464_2;O000464;P0175;5;544.63;0;2723.15
OL000465_1;O000465;P0124;5;69.25;0.2;277.0
OL000465_2;O000465;P0266;2;231.84;0.05;440.5
OL000465_3;O000465;P0170;6;715.35;0;4292.1
OL000466_1;O000466;P0301;3;463.23;0;1389.69
OL000466_2;O000466;P0203;6;443.79;0;2662.74
OL000466_3;O000466;P0414;2;357.25;0;714.5
OL000467_1;O000467;P0330;3;515.43;0;1546.29
OL000467_2;O000467;P0021;4;281.03;0;1124.12
OL000467_3;O000467;P0371;1;323.7;0;323.7
OL000467_4;O000467;P0471;5;260.11;0.2;1040.44
OL000468_1;O000468;P0399;4;528.98;0;2115.92
OL000468_2;O000468;P0282;2;793.52;0.2;1269.63
OL000468_3;O000468;P0269;1;463.05;0;463.05
OL000469_1;O000469;P0069;1;355.61;0;355.61
OL000469_2;O000469;P0160;5;275.66;0;1378.3
OL000469_3;O000469;P0414;1;357.25;0.2;285.8
OL000470_1;O000470;P0483;2;787.1;0.2;1259.36
OL000470_2;O000470;P0309;5;494.09;0;2470.45
OL000471_1;O000471;P0122;4;552.86;0.1;1990.3
OL000471_2;O000471;P0220;4;653.08;0;2612.32
OL000471_3;O000471;P0266;6;231.84;0;1391.04
OL000472_1;O000472;P0038;3;690.23;0;2070.69
OL000472_2;O000472;P0052;2;606.63;0;1213.26
OL000472_3;O000472;P0131;3;301.83;0.05;860.22
OL000472_4;O000472;P0027;4;284.86;0.2;911.55
OL000473_1;O000473;P0459;5;255.21;0;1276.05
OL000473_2;O000473;P0407;5;553.63;0.1;2491.34
OL000473_3;O000473;P0400;2;346.91;0.05;659.13
OL000474_1;O000474;P0311;1;604.23;0.2;483.38
OL000475_1;O000475;P0483;6;787.1;0.1;4250.34
OL000475_2;O000475;P0393;5;533.76;0.2;2135.04
OL000475_3;O000475;P0414;4;357.25;0.05;1357.55
OL000475_4;O000475;P0426;5;285.73;0.2;1142.92
OL000475_5;O000475;P0389;5;382.24;0.1;1720.08
OL000476_1;O000476;P0317;2;746.16;0;1492.32
OL000476_2;O000476;P0456;2;49.86;0;99.72
OL000476_3;O000476;P0095;2;329.47;0.05;625.99
OL000476_4;O000476;P0400;2;346.91;0.1;624.44
OL000476_5;O000476;P0207;5;659.25;0.2;2637.0
OL000477_1;O000477;P0288;6;771.19;0;4627.14
OL000477_2;O000477;P0267;5;103.48;0;517.4
OL000477_3;O000477;P0167;6;472.6;0.2;2268.48
OL000478_1;O000478;P0016;5;185.38;0;926.9
OL000478_2;O000478;P0208;5;744.87;0.05;3538.13
OL000478_3;O000478;P0279;6;332.83;0;1996.98
OL000479_1;O000479;P0161;5;418.66;0.05;1988.63
OL000479_2;O000479;P0473;1;774.64;0.05;735.91
OL000479_3;O000479;P0432;2;789.16;0.05;1499.4
OL000479_4;O000479;P0205;5;483.96;0;2419.8
OL000479_5;O000479;P0124;5;69.25;0.05;328.94
OL000480_1;O000480;P0060;4;519.25;0.2;1661.6
OL000481_1;O000481;P0028;4;540.97;0.1;1947.49
OL000481_2;O000481;P0397;2;248.84;0.2;398.14
OL000481_3;O000481;P0101;5;37.37;0.1;168.16
OL000482_1;O000482;P0454;2;261.6;0.1;470.88
OL000482_2;O000482;P0391;4;426.17;0;1704.68
OL000482_3;O000482;P0306;2;185.45;0.05;352.35
OL000482_4;O000482;P0010;5;584.5;0;2922.5
OL000483_1;O000483;P0104;4;281.79;0;1127.16
OL000483_2;O000483;P0046;2;324.2;0.05;615.98
OL000484_1;O000484;P0001;4;481.57;0;1926.28
OL000484_2;O000484;P0113;4;533.09;0;2132.36
OL000485_1;O000485;P0372;2;248.45;0.2;397.52
OL000486_1;O000486;P0475;2;176.86;0.1;318.35
OL000487_1;O000487;P0266;4;231.84;0;927.36
OL000487_2;O000487;P0294;5;369.26;0.05;1753.98
OL000487_3;O000487;P0377;4;626.3;0.2;2004.16
OL000488_1;O000488;P0492;6;280.85;0;1685.1
OL000488_2;O000488;P0253;6;375.65;0.2;1803.12
OL000488_3;O000488;P0279;6;332.83;0.1;1797.28
OL000488_4;O000488;P0207;6;659.25;0;3955.5
OL000489_1;O000489;P0338;2;501.98;0;1003.96
OL000490_1;O000490;P0376;1;662.31;0.2;529.85
OL000490_2;O000490;P0334;2;481.63;0;963.26
OL000491_1;O000491;P0065;1;63.35;0.05;60.18
OL000491_2;O000491;P0409;1;613.99;0.2;491.19
OL000492_1;O000492;P0332;1;423.42;0.05;402.25
OL000493_1;O000493;P0101;5;37.37;0;186.85
OL000493_2;O000493;P0014;5;732.38;0.1;3295.71
OL000493_3;O000493;P0141;4;705.31;0;2821.24
OL000493_4;O000493;P0494;5;590.15;0;2950.75
OL000494_1;O000494;P0164;5;385.83;0.2;1543.32
OL000494_2;O000494;P0101;4;37.37;0;149.48
OL000495_1;O000495;P0196;6;395.62;0.2;1898.98
OL000495_2;O000495;P0170;6;715.35;0.1;3862.89
OL000495_3;O000495;P0292;1;168.25;0;168.25
OL000495_4;O000495;P0345;1;590.9;0;590.9
OL000496_1;O000496;P0325;2;60.4;0.2;96.64
OL000496_2;O000496;P0379;5;436.54;0.05;2073.57
OL000497_1;O000497;P0092;3;376.04;0.1;1015.31
OL000497_2;O000497;P0086;5;778.32;0;3891.6
OL000497_3;O000497;P0207;5;659.25;0;3296.25
OL000497_4;O000497;P0445;6;197.74;0;1186.44
OL000498_1;O000498;P0167;1;472.6;0.2;378.08
OL000498_2;O000498;P0165;4;87.11;0.05;331.02
OL000498_3;O000498;P0423;3;403.13;0;1209.39
OL000498_4;O000498;P0004;2;392.54;0.05;745.83
OL000498_5;O000498;P0322;5;525.88;0;2629.4
OL000499_1;O000499;P0045;3;679.26;0;2037.78
OL000500_1;O000500;P0050;2;746.85;0.1;1344.33
OL000500_2;O000500;P0230;3;271.54;0;814.62
OL000500_3;O000500;P0009;5;320.42;0.05;1522.0
OL000500_4;O000500;P0488;2;528.49;0;1056.98
OL000500_5;O000500;P0146;1;263.49;0;263.49
OL000501_1;O000501;P0067;2;433.89;0.2;694.22
OL000501_2;O000501;P0270;5;141.41;0.05;671.7
OL000501_3;O000501;P0206;2;290.56;0;581.12
OL000502_1;O000502;P0253;6;375.65;0.05;2141.2
OL000502_2;O000502;P0262;3;522.33;0.05;1488.64
OL000503_1;O000503;P0171;1;395.19;0;395.19
OL000503_2;O000503;P0478;1;117.26;0;117.26
OL000503_3;O000503;P0022;2;271.48;0.05;515.81
OL000503_4;O000503;P0191;6;716.68;0;4300.08
OL000504_1;O000504;P0285;6;411.59;0;2469.54
OL000504_2;O000504;P0350;1;404.94;0.05;384.69
OL000504_3;O000504;P0156;3;484.9;0.2;1163.76
OL000504_4;O000504;P0269;5;463.05;0.1;2083.72
OL000505_1;O000505;P0471;3;260.11;0.05;741.31
OL000505_2;O000505;P0108;1;478.09;0.2;382.47
OL000506_1;O000506;P0194;6;677.04;0;4062.24
OL000507_1;O000507;P0091;2;378.18;0.05;718.54
OL000507_2;O000507;P0246;4;725.45;0.05;2756.71
OL000507_3;O000507;P0134;6;433.06;0.05;2468.44
OL000507_4;O000507;P0288;6;771.19;0.05;4395.78
OL000508_1;O000508;P0368;4;408.71;0;1634.84
OL000508_2;O000508;P0331;4;359.07;0;1436.28
OL000509_1;O000509;P0376;4;662.31;0.05;2516.78
OL000510_1;O000510;P0137;4;549.67;0;2198.68
OL000510_2;O000510;P0251;6;130.39;0.1;704.11
OL000510_3;O000510;P0378;6;189.11;0.1;1021.19
OL000511_1;O000511;P0310;5;494.34;0.1;2224.53
OL000511_2;O000511;P0002;2;76.91;0.2;123.06
OL000511_3;O000511;P0090;4;69.0;0;276.0
OL000511_4;O000511;P0083;1;798.25;0.05;758.34
OL000512_1;O000512;P0125;2;526.37;0;1052.74
OL000512_2;O000512;P0015;6;787.05;0;4722.3
OL000512_3;O000512;P0069;3;355.61;0.1;960.15
OL000512_4;O000512;P0374;6;119.34;0;716.04
OL000512_5;O000512;P0281;2;524.74;0;1049.48
OL000513_1;O000513;P0155;2;333.51;0.1;600.32
OL000513_2;O000513;P0331;1;359.07;0.2;287.26
OL000513_3;O000513;P0438;5;582.27;0.05;2765.78
OL000514_1;O000514;P0156;2;484.9;0.1;872.82
OL000515_1;O000515;P0204;1;297.04;0;297.04
OL000515_2;O000515;P0375;2;325.84;0;651.68
OL000516_1;O000516;P0370;1;454.88;0.1;409.39
OL000516_2;O000516;P0070;6;493.71;0.05;2814.15
OL000516_3;O000516;P0339;6;27.48;0.2;131.9
OL000516_4;O000516;P0390;4;214.34;0;857.36
OL000516_5;O000516;P0102;5;79.3;0;396.5
OL000517_1;O000517;P0350;4;404.94;0.2;1295.81
OL000517_2;O000517;P0072;3;579.4;0;1738.2
OL000517_3;O000517;P0296;6;702.13;0.05;4002.14
OL000517_4;O000517;P0069;2;355.61;0.2;568.98
OL000517_5;O000517;P0147;4;331.66;0;1326.64
OL000518_1;O000518;P0497;4;19.37;0;77.48
OL000518_2;O000518;P0073;3;103.26;0;309.78
OL000519_1;O000519;P0477;1;66.68;0.1;60.01
OL000519_2;O000519;P0064;3;459.02;0.2;1101.65
OL000519_3;O000519;P0083;4;798.25;0;3193.0
OL000519_4;O000519;P0286;4;660.37;0.05;2509.41
OL000520_1;O000520;P0424;6;385.81;0;2314.86
OL000520_2;O000520;P0114;6;588.56;0.05;3354.79
OL000521_1;O000521;P0485;2;18.52;0.05;35.19
OL000521_2;O000521;P0246;1;725.45;0;725.45
OL000522_1;O000522;P0231;4;283.35;0.05;1076.73
OL000523_1;O000523;P0499;3;87.64;0;262.92
OL000524_1;O000524;P0252;3;630.67;0;1892.01
OL000524_2;O000524;P0411;4;347.77;0;1391.08
OL000524_3;O000524;P0059;6;107.29;0;643.74
OL000525_1;O000525;P0422;4;152.75;0.05;580.45
OL000525_2;O000525;P0430;4;558.75;0.1;2011.5
OL000526_1;O000526;P0321;5;680.63;0;3403.15
OL000526_2;O000526;P0387;1;305.32;0;305.32
OL000526_3;O000526;P0026;4;100.02;0.2;320.06
OL000527_1;O000527;P0128;6;242.69;0;1456.14
OL000527_2;O000527;P0163;2;592.02;0;1184.04
OL000527_3;O000527;P0131;5;301.83;0.2;1207.32
OL000528_1;O000528;P0417;4;368.41;0.1;1326.28
OL000529_1;O000529;P0391;3;426.17;0.1;1150.66
OL000529_2;O000529;P0094;2;775.04;0.2;1240.06
OL000530_1;O000530;P0027;5;284.86;0.1;1281.87
OL000530_2;O000530;P0420;5;145.0;0;725.0
OL000530_3;O000530;P0055;1;587.3;0.1;528.57
OL000530_4;O000530;P0029;2;557.81;0;1115.62
OL000531_1;O000531;P0043;4;306.39;0;1225.56
OL000532_1;O000532;P0268;5;388.26;0;1941.3
OL000532_2;O000532;P0293;4;451.7;0.2;1445.44
OL000532_3;O000532;P0192;4;326.61;0;1306.44
OL000533_1;O000533;P0207;1;659.25;0;659.25
OL000533_2;O000533;P0479;2;502.37;0.2;803.79
OL000533_3;O000533;P0457;4;480.94;0.2;1539.01
OL000533_4;O000533;P0139;2;502.22;0.2;803.55
OL000533_5;O000533;P0344;4;616.84;0.2;1973.89
OL000534_1;O000534;P0405;5;158.47;0.1;713.12
OL000535_1;O000535;P0298;6;312.31;0.1;1686.47
OL000535_2;O000535;P0094;3;775.04;0;2325.12
OL000535_3;O000535;P0454;5;261.6;0.1;1177.2
OL000535_4;O000535;P0360;6;44.58;0.05;254.11
OL000536_1;O000536;P0073;2;103.26;0.05;196.19
OL000536_2;O000536;P0297;2;608.4;0.1;1095.12
OL000536_3;O000536;P0141;5;705.31;0.2;2821.24
OL000536_4;O000536;P0065;1;63.35;0.2;50.68
OL000537_1;O000537;P0218;1;124.81;0.2;99.85
OL000538_1;O000538;P0244;6;18.81;0.1;101.57
OL000538_2;O000538;P0458;1;539.99;0.05;512.99
OL000539_1;O000539;P0050;4;746.85;0.05;2838.03
OL000539_2;O000539;P0333;1;738.45;0;738.45
OL000539_3;O000539;P0357;3;499.59;0.05;1423.83
OL000539_4;O000539;P0015;5;787.05;0.1;3541.72
OL000539_5;O000539;P0206;1;290.56;0.1;261.5
OL000540_1;O000540;P0265;1;15.21;0;15.21
OL000540_2;O000540;P0430;3;558.75;0.2;1341.0
OL000540_3;O000540;P0095;4;329.47;0.1;1186.09
OL000540_4;O000540;P0485;3;18.52;0.2;44.45
OL000541_1;O000541;P0134;3;433.06;0;1299.18
OL000541_2;O000541;P0057;1;523.52;0.2;418.82
OL000541_3;O000541;P0070;6;493.71;0.2;2369.81
OL000541_4;O000541;P0348;2;142.21;0;284.42
OL000541_5;O000541;P0433;6;502.36;0.1;2712.74
OL000542_1;O000542;P0128;4;242.69;0;970.76
OL000542_2;O000542;P0052;5;606.63;0.2;2426.52
OL000542_3;O000542;P0134;3;433.06;0.05;1234.22
OL000543_1;O000543;P0403;6;578.36;0.2;2776.13
OL000543_2;O000543;P0315;4;47.69;0.1;171.68
OL000543_3;O000543;P0255;4;714.76;0;2859.04
OL000544_1;O000544;P0394;3;310.75;0;932.25
OL000544_2;O000544;P0099;5;50.0;0.2;200.0
OL000544_3;O000544;P0015;4;787.05;0;3148.2
OL000545_1;O000545;P0118;1;198.02;0;198.02
OL000545_2;O000545;P0356;6;437.87;0.1;2364.5
OL000545_3;O000545;P0083;2;798.25;0;1596.5
OL000546_1;O000546;P0091;3;378.18;0;1134.54
OL000547_1;O000547;P0066;2;324.4;0;648.8
OL000547_2;O000547;P0089;5;216.18;0.2;864.72
OL000547_3;O000547;P0452;3;162.11;0.1;437.7
OL000547_4;O000547;P0477;1;66.68;0.05;63.35
OL000547_5;O000547;P0229;2;135.9;0.1;244.62
OL000548_1;O000548;P0357;5;499.59;0.1;2248.15
OL000548_2;O000548;P0444;5;603.72;0;3018.6
OL000548_3;O000548;P0237;5;39.93;0.05;189.67
OL000549_1;O000549;P0025;1;604.34;0.1;543.91
OL000549_2;O000549;P0131;3;301.83;0.05;860.22
OL000549_3;O000549;P0147;6;331.66;0.1;1790.96
OL000550_1;O000550;P0231;4;283.35;0.1;1020.06
OL000551_1;O000551;P0032;1;313.32;0.2;250.66
OL000551_2;O000551;P0402;4;349.75;0;1399.0
OL000551_3;O000551;P0424;1;385.81;0.05;366.52
OL000551_4;O000551;P0169;6;336.35;0;2018.1
OL000551_5;O000551;P0017;4;474.99;0.2;1519.97
OL000552_1;O000552;P0226;4;112.75;0.2;360.8
OL000552_2;O000552;P0147;5;331.66;0;1658.3
OL000552_3;O000552;P0432;4;789.16;0.05;2998.81
OL000552_4;O000552;P0089;3;216.18;0.05;616.11
OL000553_1;O000553;P0055;1;587.3;0.05;557.93
OL000553_2;O000553;P0124;6;69.25;0.2;332.4
OL000553_3;O000553;P0064;2;459.02;0.2;734.43
OL000553_4;O000553;P0234;5;162.08;0.2;648.32
OL000553_5;O000553;P0339;3;27.48;0.2;65.95
OL000554_1;O000554;P0141;4;705.31;0;2821.24
OL000555_1;O000555;P0267;2;103.48;0;206.96
OL000555_2;O000555;P0291;1;78.61;0;78.61
OL000556_1;O000556;P0086;2;778.32;0;1556.64
OL000556_2;O000556;P0023;1;157.25;0;157.25
OL000557_1;O000557;P0471;6;260.11;0.1;1404.59
OL000557_2;O000557;P0367;4;372.39;0;1489.56
OL000557_3;O000557;P0006;5;499.95;0;2499.75
OL000557_4;O000557;P0419;3;77.39;0;232.17
OL000557_5;O000557;P0191;4;716.68;0;2866.72
OL000558_1;O000558;P0162;3;579.81;0.1;1565.49
OL000558_2;O000558;P0444;5;603.72;0.05;2867.67
OL000559_1;O000559;P0170;1;715.35;0;715.35
OL000560_1;O000560;P0414;4;357.25;0.2;1143.2
OL000561_1;O000561;P0284;2;324.52;0.1;584.14
OL000561_2;O000561;P0274;6;169.86;0.2;815.33
OL000561_3;O000561;P0290;5;561.78;0.1;2528.01
OL000562_1;O000562;P0187;1;80.31;0.05;76.29
OL000563_1;O000563;P0233;6;418.33;0.2;2007.98
OL000563_2;O000563;P0296;5;702.13;0;3510.65
OL000563_3;O000563;P0195;1;153.2;0.05;145.54
OL000564_1;O000564;P0250;3;162.86;0.1;439.72
OL000564_2;O000564;P0309;2;494.09;0;988.18
OL000565_1;O000565;P0028;6;540.97;0.05;3083.53
OL000565_2;O000565;P0370;6;454.88;0.05;2592.82
OL000565_3;O000565;P0137;2;549.67;0;1099.34
OL000565_4;O000565;P0422;5;152.75;0.05;725.56
OL000566_1;O000566;P0033;6;75.31;0.1;406.67
OL000567_1;O000567;P0313;3;686.48;0.05;1956.47
OL000567_2;O000567;P0003;1;222.04;0;222.04
OL000567_3;O000567;P0249;5;271.37;0.2;1085.48
OL000567_4;O000567;P0094;2;775.04;0.05;1472.58
OL000567_5;O000567;P0368;4;408.71;0;1634.84
OL000568_1;O000568;P0500;1;420.76;0.2;336.61
OL000568_2;O000568;P0092;4;376.04;0;1504.16
OL000568_3;O000568;P0418;6;726.66;0;4359.96
OL000569_1;O000569;P0003;4;222.04;0.05;843.75
OL000570_1;O000570;P0177;2;239.75;0.2;383.6
OL000570_2;O000570;P0132;3;671.29;0.1;1812.48
OL000570_3;O000570;P0393;1;533.76;0.1;480.38
OL000570_4;O000570;P0429;6;719.05;0;4314.3
OL000571_1;O000571;P0079;3;262.75;0.2;630.6
OL000572_1;O000572;P0208;3;744.87;0.2;1787.69
OL000573_1;O000573;P0472;6;789.27;0.05;4498.84
OL000573_2;O000573;P0208;2;744.87;0.2;1191.79
OL000573_3;O000573;P0025;3;604.34;0.05;1722.37
OL000573_4;O000573;P0028;4;540.97;0.1;1947.49
OL000574_1;O000574;P0462;3;388.14;0;1164.42
OL000574_2;O000574;P0022;4;271.48;0.05;1031.62
OL000574_3;O000574;P0375;1;325.84;0.2;260.67
OL000575_1;O000575;P0350;4;404.94;0;1619.76
OL000575_2;O000575;P0352;6;607.79;0;3646.74
OL000575_3;O000575;P0087;6;420.61;0;2523.66
OL000575_4;O000575;P0208;6;744.87;0.2;3575.38
OL000576_1;O000576;P0006;2;499.95;0.1;899.91
OL000577_1;O000577;P0490;4;213.0;0;852.0
OL000578_1;O000578;P0148;6;570.56;0.2;2738.69
OL000578_2;O000578;P0111;3;169.16;0;507.48
OL000578_3;O000578;P0105;6;183.03;0.2;878.54
OL000578_4;O000578;P0061;1;489.47;0.05;465.0
OL000579_1;O000579;P0457;2;480.94;0.2;769.5
OL000579_2;O000579;P0184;3;100.07;0;300.21
OL000579_3;O000579;P0466;3;280.34;0.2;672.82
OL000579_4;O000579;P0175;2;544.63;0;1089.26
OL000579_5;O000579;P0186;4;402.12;0;1608.48
OL000580_1;O000580;P0367;2;372.39;0;744.78
OL000580_2;O000580;P0292;3;168.25;0.05;479.51
OL000581_1;O000581;P0195;3;153.2;0.05;436.62
OL000581_2;O000581;P0067;4;433.89;0;1735.56
OL000582_1;O000582;P0293;1;451.7;0.1;406.53
OL000583_1;O000583;P0316;1;507.59;0.05;482.21
OL000583_2;O000583;P0459;6;255.21;0.05;1454.7
OL000584_1;O000584;P0215;6;239.56;0;1437.36
OL000584_2;O000584;P0409;1;613.99;0;613.99
OL000585_1;O000585;P0004;2;392.54;0;785.08
OL000585_2;O000585;P0221;6;641.07;0;3846.42
OL000585_3;O000585;P0051;6;724.0;0.2;3475.2
OL000585_4;O000585;P0372;6;248.45;0;1490.7
OL000585_5;O000585;P0035;3;439.05;0.2;1053.72
OL000586_1;O000586;P0042;6;611.56;0.2;2935.49
OL000586_2;O000586;P0451;3;615.28;0.2;1476.67
OL000586_3;O000586;P0384;4;349.75;0.1;1259.1
OL000586_4;O000586;P0086;6;778.32;0;4669.92
OL000586_5;O000586;P0196;5;395.62;0.2;1582.48
OL000587_1;O000587;P0444;1;603.72;0;603.72
OL000587_2;O000587;P0264;2;726.72;0;1453.44
OL000587_3;O000587;P0370;4;454.88;0;1819.52
OL000588_1;O000588;P0383;1;166.51;0;166.51
OL000588_2;O000588;P0216;3;264.68;0.2;635.23
OL000588_3;O000588;P0309;6;494.09;0;2964.54
OL000588_4;O000588;P0359;1;233.67;0;233.67
OL000588_5;O000588;P0377;6;626.3;0;3757.8
OL000589_1;O000589;P0022;2;271.48;0.2;434.37
OL000589_2;O000589;P0048;4;504.68;0.05;1917.78
OL000590_1;O000590;P0068;1;170.53;0;170.53
OL000590_2;O000590;P0334;2;481.63;0.2;770.61
OL000591_1;O000591;P0318;4;546.87;0.1;1968.73
OL000592_1;O000592;P0197;2;19.76;0.1;35.57
OL000593_1;O000593;P0310;2;494.34;0;988.68
OL000593_2;O000593;P0291;4;78.61;0.05;298.72
OL000593_3;O000593;P0005;3;164.48;0.2;394.75
OL000594_1;O000594;P0482;6;99.4;0.2;477.12
OL000594_2;O000594;P0357;3;499.59;0.05;1423.83
OL000594_3;O000594;P0345;2;590.9;0;1181.8
OL000595_1;O000595;P0337;5;154.1;0.2;616.4
OL000596_1;O000596;P0116;2;242.67;0.05;461.07
OL000596_2;O000596;P0487;2;584.31;0;1168.62
OL000597_1;O000597;P0470;6;367.85;0.2;1765.68
OL000597_2;O000597;P0346;3;135.3;0.1;365.31
OL000597_3;O000597;P0170;4;715.35;0.1;2575.26
OL000597_4;O000597;P0301;6;463.23;0.05;2640.41
OL000598_1;O000598;P0493;1;336.23;0.1;302.61
OL000598_2;O000598;P0107;3;654.87;0;1964.61
OL000598_3;O000598;P0041;2;694.97;0.05;1320.44
OL000598_4;O000598;P0147;3;331.66;0;994.98
OL000599_1;O000599;P0433;4;502.36;0;2009.44
OL000599_2;O000599;P0058;2;496.7;0;993.4
OL000599_3;O000599;P0233;3;418.33;0;1254.99
OL000600_1;O000600;P0398;3;653.74;0.05;1863.16
OL000600_2;O000600;P0110;6;193.77;0;1162.62
OL000600_3;O000600;P0232;5;639.0;0.1;2875.5
OL000601_1;O000601;P0189;6;88.85;0.2;426.48
OL000602_1;O000602;P0025;1;604.34;0.1;543.91
OL000602_2;O000602;P0100;6;146.52;0;879.12
OL000602_3;O000602;P0446;6;305.63;0;1833.78
OL000602_4;O000602;P0355;5;666.77;0.1;3000.47
OL000603_1;O000603;P0467;1;100.32;0;100.32
OL000603_2;O000603;P0474;6;195.84;0.05;1116.29
OL000603_3;O000603;P0418;2;726.66;0.1;1307.99
OL000604_1;O000604;P0340;2;193.92;0;387.84
OL000604_2;O000604;P0218;1;124.81;0.2;99.85
OL000604_3;O000604;P0155;2;333.51;0.2;533.62
OL000604_4;O000604;P0355;1;666.77;0;666.77
OL000605_1;O000605;P0308;6;554.48;0;3326.88
OL000606_1;O000606;P0458;5;539.99;0.2;2159.96
OL000606_2;O000606;P0312;2;783.63;0;1567.26
OL000607_1;O000607;P0283;4;302.47;0;1209.88
OL000608_1;O000608;P0331;5;359.07;0;1795.35
OL000608_2;O000608;P0458;5;539.99;0.2;2159.96
OL000608_3;O000608;P0324;2;195.36;0;390.72
OL000609_1;O000609;P0354;2;397.17;0;794.34
OL000609_2;O000609;P0488;2;528.49;0.2;845.58
OL000610_1;O000610;P0461;4;707.1;0;2828.4
OL000611_1;O000611;P0118;5;198.02;0.05;940.6
OL000611_2;O000611;P0396;1;397.05;0.2;317.64
OL000611_3;O000611;P0166;2;185.58;0;371.16
OL000612_1;O000612;P0405;4;158.47;0;633.88
OL000612_2;O000612;P0186;3;402.12;0.05;1146.04
OL000612_3;O000612;P0292;1;168.25;0;168.25
OL000613_1;O000613;P0304;2;613.75;0.2;982.0
OL000613_2;O000613;P0165;4;87.11;0.2;278.75
OL000613_3;O000613;P0255;3;714.76;0;2144.28
OL000613_4;O000613;P0031;4;675.17;0;2700.68
OL000614_1;O000614;P0482;2;99.4;0.2;159.04
OL000615_1;O000615;P0395;2;157.27;0;314.54
OL000615_2;O000615;P0225;6;147.3;0.1;795.42
OL000615_3;O000615;P0346;1;135.3;0.1;121.77
OL000615_4;O000615;P0492;3;280.85;0.2;674.04
OL000615_5;O000615;P0494;5;590.15;0.2;2360.6
OL000616_1;O000616;P0489;5;70.72;0.2;282.88
OL000617_1;O000617;P0328;4;32.57;0.05;123.77
OL000617_2;O000617;P0246;1;725.45;0;725.45
OL000617_3;O000617;P0001;2;481.57;0.1;866.83
OL000617_4;O000617;P0496;5;549.97;0.1;2474.87
OL000617_5;O000617;P0203;3;443.79;0.05;1264.8
OL000618_1;O000618;P0132;3;671.29;0;2013.87
OL000619_1;O000619;P0115;3;743.79;0;2231.37
OL000619_2;O000619;P0026;6;100.02;0.05;570.11
OL000619_3;O000619;P0304;4;613.75;0;2455.0
OL000619_4;O000619;P0092;3;376.04;0.05;1071.71
OL000620_1;O000620;P0391;3;426.17;0.2;1022.81
OL000620_2;O000620;P0202;3;103.78;0.05;295.77
OL000620_3;O000620;P0212;6;529.44;0.1;2858.98
OL000620_4;O000620;P0127;3;461.7;0.05;1315.84
OL000620_5;O000620;P0386;3;644.21;0.05;1836.0
OL000621_1;O000621;P0142;5;383.71;0.1;1726.69
OL000621_2;O000621;P0146;2;263.49;0.2;421.58
OL000621_3;O000621;P0452;3;162.11;0.1;437.7
OL000622_1;O000622;P0329;5;443.35;0.2;1773.4
OL000622_2;O000622;P0440;3;714.73;0;2144.19
OL000622_3;O000622;P0128;2;242.69;0;485.38
OL000622_4;O000622;P0496;1;549.97;0.2;439.98
OL000622_5;O000622;P0229;2;135.9;0;271.8
OL000623_1;O000623;P0068;2;170.53;0;341.06
OL000623_2;O000623;P0126;1;160.09;0;160.09
OL000623_3;O000623;P0155;3;333.51;0.2;800.42
OL000623_4;O000623;P0222;3;780.9;0.1;2108.43
OL000623_5;O000623;P0476;1;740.34;0;740.34
OL000624_1;O000624;P0271;6;181.11;0.2;869.33
OL000624_2;O000624;P0201;2;195.65;0.05;371.74
OL000624_3;O000624;P0299;3;17.68;0.1;47.74
OL000625_1;O000625;P0115;5;743.79;0.2;2975.16
OL000626_1;O000626;P0107;6;654.87;0;3929.22
OL000626_2;O000626;P0010;3;584.5;0;1753.5
OL000626_3;O000626;P0340;4;193.92;0.2;620.54
OL000626_4;O000626;P0213;5;771.24;0.1;3470.58
OL000627_1;O000627;P0225;3;147.3;0;441.9
OL000627_2;O000627;P0239;3;352.09;0;1056.27
OL000627_3;O000627;P0020;3;367.43;0;1102.29
OL000627_4;O000627;P0431;3;493.52;0;1480.56
OL000628_1;O000628;P0079;5;262.75;0;1313.75
OL000628_2;O000628;P0005;2;164.48;0;328.96
OL000628_3;O000628;P0069;3;355.61;0.1;960.15
OL000628_4;O000628;P0294;1;369.26;0;369.26
OL000628_5;O000628;P0105;1;183.03;0;183.03
OL000629_1;O000629;P0089;3;216.18;0.05;616.11
OL000630_1;O000630;P0235;1;505.28;0.2;404.22
OL000630_2;O000630;P0415;6;736.04;0;4416.24
OL000630_3;O000630;P0047;4;276.83;0;1107.32
OL000631_1;O000631;P0165;3;87.11;0.1;235.2
OL000631_2;O000631;P0055;5;587.3;0.2;2349.2
OL000631_3;O000631;P0480;2;345.57;0.05;656.58
OL000631_4;O000631;P0026;4;100.02;0.05;380.08
OL000632_1;O000632;P0401;6;119.48;0.05;681.04
OL000632_2;O000632;P0198;4;534.33;0.2;1709.86
OL000632_3;O000632;P0145;6;675.85;0.05;3852.35
OL000632_4;O000632;P0469;5;58.57;0;292.85
OL000632_5;O000632;P0485;2;18.52;0.1;33.34
OL000633_1;O000633;P0213;6;771.24;0.2;3701.95
OL000633_2;O000633;P0026;6;100.02;0;600.12
OL000633_3;O000633;P0233;1;418.33;0.1;376.5
OL000633_4;O000633;P0150;6;566.66;0;3399.96
OL000633_5;O000633;P0409;6;613.99;0;3683.94
OL000634_1;O000634;P0113;5;533.09;0.1;2398.91
OL000634_2;O000634;P0094;2;775.04;0;1550.08
OL000635_1;O000635;P0355;5;666.77;0;3333.85
OL000636_1;O000636;P0006;3;499.95;0.2;1199.88
OL000636_2;O000636;P0350;4;404.94;0.2;1295.81
OL000637_1;O000637;P0120;3;48.04;0;144.12
OL000637_2;O000637;P0232;4;639.0;0.1;2300.4
OL000637_3;O000637;P0164;2;385.83;0;771.66
OL000637_4;O000637;P0467;3;100.32;0.2;240.77
OL000638_1;O000638;P0037;3;655.22;0.1;1769.09
OL000639_1;O000639;P0341;2;630.72;0;1261.44
OL000639_2;O000639;P0221;4;641.07;0;2564.28
OL000639_3;O000639;P0172;6;611.34;0.05;3484.64
OL000640_1;O000640;P0361;2;88.02;0;176.04
OL000640_2;O000640;P0420;6;145.0;0;870.0
OL000641_1;O000641;P0206;3;290.56;0;871.68
OL000641_2;O000641;P0054;5;790.64;0;3953.2
OL000641_3;O000641;P0272;3;637.75;0.05;1817.59
OL000641_4;O000641;P0285;5;411.59;0;2057.95
OL000642_1;O000642;P0327;4;205.44;0.05;780.67
OL000642_2;O000642;P0485;4;18.52;0.05;70.38
OL000642_3;O000642;P0397;6;248.84;0;1493.04
OL000642_4;O000642;P0306;4;185.45;0;741.8
OL000643_1;O000643;P0130;5;716.95;0;3584.75
OL000643_2;O000643;P0408;1;316.09;0.05;300.29
OL000643_3;O000643;P0376;4;662.31;0.2;2119.39
OL000643_4;O000643;P0470;5;367.85;0;1839.25
OL000643_5;O000643;P0047;4;276.83;0.2;885.86
OL000644_1;O000644;P0378;6;189.11;0;1134.66
OL000645_1;O000645;P0139;2;502.22;0.2;803.55
OL000645_2;O000645;P0461;2;707.1;0.2;1131.36
OL000646_1;O000646;P0478;2;117.26;0;234.52
OL000646_2;O000646;P0091;5;378.18;0;1890.9
OL000646_3;O000646;P0452;5;162.11;0.2;648.44
OL000646_4;O000646;P0458;4;539.99;0;2159.96
OL000647_1;O000647;P0001;1;481.57;0;481.57
OL000648_1;O000648;P0271;4;181.11;0.05;688.22
OL000649_1;O000649;P0268;1;388.26;0.05;368.85
OL000649_2;O000649;P0127;1;461.7;0.2;369.36
OL000649_3;O000649;P0066;4;324.4;0.2;1038.08
OL000649_4;O000649;P0228;4;67.58;0;270.32
OL000649_5;O000649;P0236;5;664.71;0;3323.55
OL000650_1;O000650;P0189;6;88.85;0.1;479.79
OL000650_2;O000650;P0274;4;169.86;0;679.44
OL000650_3;O000650;P0314;3;404.68;0.2;971.23
OL000650_4;O000650;P0425;1;706.91;0;706.91
OL000651_1;O000651;P0228;3;67.58;0.1;182.47
OL000652_1;O000652;P0131;5;301.83;0.05;1433.69
OL000652_2;O000652;P0352;5;607.79;0.2;2431.16
OL000652_3;O000652;P0146;4;263.49;0.05;1001.26
OL000652_4;O000652;P0039;5;646.3;0;3231.5
OL000653_1;O000653;P0055;4;587.3;0.05;2231.74
OL000653_2;O000653;P0398;5;653.74;0.2;2614.96
OL000653_3;O000653;P0015;3;787.05;0.05;2243.09
OL000653_4;O000653;P0162;1;579.81;0.2;463.85
OL000653_5;O000653;P0086;6;778.32;0.2;3735.94
OL000654_1;O000654;P0010;5;584.5;0;2922.5
OL000655_1;O000655;P0283;2;302.47;0.2;483.95
OL000655_2;O000655;P0305;6;788.44;0.1;4257.58
OL000655_3;O000655;P0135;6;684.61;0;4107.66
OL000655_4;O000655;P0284;3;324.52;0.1;876.2
OL000655_5;O000655;P0444;2;603.72;0;1207.44
OL000656_1;O000656;P0467;3;100.32;0.1;270.86
OL000657_1;O000657;P0213;6;771.24;0;4627.44
OL000657_2;O000657;P0016;1;185.38;0;185.38
OL000658_1;O000658;P0463;4;91.32;0.05;347.02
OL000658_2;O000658;P0085;3;584.5;0;1753.5
OL000658_3;O000658;P0194;2;677.04;0;1354.08
OL000658_4;O000658;P0060;3;519.25;0.05;1479.86
OL000658_5;O000658;P0313;5;686.48;0.1;3089.16
OL000659_1;O000659;P0133;4;337.05;0.05;1280.79
OL000660_1;O000660;P0251;1;130.39;0;130.39
OL000661_1;O000661;P0325;4;60.4;0.1;217.44
OL000661_2;O000661;P0081;4;621.09;0.05;2360.14
OL000662_1;O000662;P0052;4;606.63;0;2426.52
OL000662_2;O000662;P0258;3;297.45;0.1;803.11
OL000662_3;O000662;P0189;5;88.85;0;444.25
OL000663_1;O000663;P0183;2;223.28;0.05;424.23
OL000663_2;O000663;P0225;5;147.3;0.05;699.67
OL000664_1;O000664;P0262;5;522.33;0;2611.65
OL000664_2;O000664;P0114;2;588.56;0;1177.12
OL000664_3;O000664;P0272;2;637.75;0.1;1147.95
OL000664_4;O000664;P0043;1;306.39;0;306.39
OL000665_1;O000665;P0279;4;332.83;0;1331.32
OL000665_2;O000665;P0005;3;164.48;0.2;394.75
OL000665_3;O000665;P0223;2;696.39;0.05;1323.14
OL000665_4;O000665;P0351;1;635.26;0.05;603.5
OL000666_1;O000666;P0097;3;304.07;0.05;866.6
OL000666_2;O000666;P0446;4;305.63;0.1;1100.27
OL000666_3;O000666;P0045;6;679.26;0.1;3668.0
OL000666_4;O000666;P0227;6;743.62;0.1;4015.55
OL000667_1;O000667;P0027;5;284.86;0.2;1139.44
OL000667_2;O000667;P0295;5;451.32;0;2256.6
OL000667_3;O000667;P0354;1;397.17;0;397.17
OL000668_1;O000668;P0142;6;383.71;0.2;1841.81
OL000668_2;O000668;P0398;5;653.74;0.05;3105.26
OL000668_3;O000668;P0318;6;546.87;0.2;2624.98
OL000668_4;O000668;P0371;4;323.7;0.2;1035.84
OL000669_1;O000669;P0092;2;376.04;0;752.08
OL000670_1;O000670;P0271;3;181.11;0.05;516.16
OL000670_2;O000670;P0474;3;195.84;0;587.52
OL000670_3;O000670;P0405;3;158.47;0;475.41
OL000670_4;O000670;P0218;4;124.81;0;499.24
OL000670_5;O000670;P0268;4;388.26;0.2;1242.43
OL000671_1;O000671;P0296;1;702.13;0;702.13
OL000671_2;O000671;P0378;5;189.11;0.2;756.44
OL000671_3;O000671;P0323;2;751.63;0;1503.26
OL000672_1;O000672;P0385;1;263.38;0.1;237.04
OL000672_2;O000672;P0493;6;336.23;0;2017.38
OL000672_3;O000672;P0394;6;310.75;0.05;1771.27
OL000672_4;O000672;P0100;2;146.52;0.1;263.74
OL000672_5;O000672;P0011;6;638.57;0;3831.42
OL000673_1;O000673;P0294;1;369.26;0.2;295.41
OL000674_1;O000674;P0388;4;696.31;0;2785.24
OL000674_2;O000674;P0469;4;58.57;0;234.28
OL000674_3;O000674;P0112;6;126.69;0.05;722.13
OL000674_4;O000674;P0261;6;635.25;0.2;3049.2
OL000675_1;O000675;P0231;6;283.35;0;1700.1
OL000675_2;O000675;P0045;6;679.26;0.05;3871.78
OL000675_3;O000675;P0441;4;246.48;0.1;887.33
OL000676_1;O000676;P0242;4;659.48;0;2637.92
OL000676_2;O000676;P0234;1;162.08;0;162.08
OL000677_1;O000677;P0320;6;765.71;0.1;4134.83
OL000678_1;O000678;P0110;1;193.77;0.05;184.08
OL000678_2;O000678;P0074;4;572.74;0.1;2061.86
OL000678_3;O000678;P0107;4;654.87;0;2619.48
OL000678_4;O000678;P0479;5;502.37;0;2511.85
OL000679_1;O000679;P0321;6;680.63;0;4083.78
OL000679_2;O000679;P0292;2;168.25;0;336.5
OL000679_3;O000679;P0259;5;135.79;0.05;645.0
OL000679_4;O000679;P0481;5;741.99;0.2;2967.96
OL000679_5;O000679;P0233;3;418.33;0.05;1192.24
OL000680_1;O000680;P0062;1;637.08;0.1;573.37
OL000680_2;O000680;P0430;3;558.75;0;1676.25
OL000680_3;O000680;P0104;3;281.79;0;845.37
OL000680_4;O000680;P0303;5;291.26;0.2;1165.04
OL000680_5;O000680;P0462;1;388.14;0.2;310.51
OL000681_1;O000681;P0310;1;494.34;0.2;395.47
OL000682_1;O000682;P0442;2;711.54;0;1423.08
OL000682_2;O000682;P0313;1;686.48;0.05;652.16
OL000683_1;O000683;P0431;5;493.52;0;2467.6
OL000683_2;O000683;P0031;5;675.17;0.1;3038.26
OL000684_1;O000684;P0209;2;95.13;0;190.26
OL000684_2;O000684;P0091;3;378.18;0;1134.54
OL000684_3;O000684;P0254;3;489.24;0;1467.72
OL000684_4;O000684;P0095;3;329.47;0;988.41
OL000684_5;O000684;P0136;6;787.65;0;4725.9
OL000685_1;O000685;P0356;6;437.87;0;2627.22
OL000685_2;O000685;P0029;2;557.81;0;1115.62
OL000685_3;O000685;P0017;5;474.99;0.05;2256.2
OL000685_4;O000685;P0400;2;346.91;0.1;624.44
OL000686_1;O000686;P0125;2;526.37;0.05;1000.1
OL000686_2;O000686;P0490;5;213.0;0;1065.0
OL000686_3;O000686;P0014;4;732.38;0;2929.52
OL000686_4;O000686;P0316;4;507.59;0;2030.36
OL000687_1;O000687;P0062;1;637.08;0.05;605.23
OL000687_2;O000687;P0162;6;579.81;0.05;3304.92
OL000688_1;O000688;P0151;2;107.86;0;215.72
OL000688_2;O000688;P0185;2;666.88;0;1333.76
OL000688_3;O000688;P0332;4;423.42;0;1693.68
OL000689_1;O000689;P0107;6;654.87;0;3929.22
OL000690_1;O000690;P0424;6;385.81;0.05;2199.12
OL000690_2;O000690;P0300;5;658.65;0.05;3128.59
OL000690_3;O000690;P0058;4;496.7;0;1986.8
OL000691_1;O000691;P0246;5;725.45;0.1;3264.53
OL000691_2;O000691;P0406;5;488.43;0.1;2197.93
OL000691_3;O000691;P0065;2;63.35;0.1;114.03
OL000692_1;O000692;P0150;5;566.66;0.2;2266.64
OL000692_2;O000692;P0067;1;433.89;0.1;390.5
OL000692_3;O000692;P0154;1;626.07;0;626.07
OL000692_4;O000692;P0207;5;659.25;0.2;2637.0
OL000693_1;O000693;P0259;2;135.79;0;271.58
OL000694_1;O000694;P0463;3;91.32;0;273.96
OL000694_2;O000694;P0450;2;255.68;0;511.36
OL000694_3;O000694;P0002;1;76.91;0;76.91
OL000695_1;O000695;P0409;1;613.99;0;613.99
OL000695_2;O000695;P0297;1;608.4;0.1;547.56
OL000695_3;O000695;P0291;6;78.61;0;471.66
OL000695_4;O000695;P0421;2;572.52;0;1145.04
OL000696_1;O000696;P0199;2;380.74;0;761.48
OL000696_2;O000696;P0026;1;100.02;0.2;80.02
OL000696_3;O000696;P0418;5;726.66;0.2;2906.64
OL000697_1;O000697;P0331;3;359.07;0.05;1023.35
OL000697_2;O000697;P0169;5;336.35;0;1681.75
OL000697_3;O000697;P0389;5;382.24;0.05;1815.64
OL000697_4;O000697;P0077;1;382.69;0;382.69
OL000697_5;O000697;P0326;3;796.85;0;2390.55
OL000698_1;O000698;P0452;6;162.11;0;972.66
OL000698_2;O000698;P0415;2;736.04;0.2;1177.66
OL000698_3;O000698;P0467;1;100.32;0.2;80.26
OL000699_1;O000699;P0464;2;326.65;0.1;587.97
OL000699_2;O000699;P0117;3;485.89;0;1457.67
OL000699_3;O000699;P0211;3;351.92;0;1055.76
OL000700_1;O000700;P0352;4;607.79;0;2431.16
OL000701_1;O000701;P0028;1;540.97;0;540.97
OL000702_1;O000702;P0485;5;18.52;0.05;87.97
OL000702_2;O000702;P0006;4;499.95;0.1;1799.82
OL000702_3;O000702;P0223;3;696.39;0;2089.17
OL000703_1;O000703;P0055;5;587.3;0;2936.5
OL000704_1;O000704;P0274;2;169.86;0;339.72
OL000704_2;O000704;P0482;3;99.4;0;298.2
OL000704_3;O000704;P0384;6;349.75;0;2098.5
OL000704_4;O000704;P0423;4;403.13;0;1612.52
OL000705_1;O000705;P0437;5;63.59;0.1;286.16
OL000705_2;O000705;P0262;3;522.33;0.2;1253.59
OL000705_3;O000705;P0151;4;107.86;0.1;388.3
OL000705_4;O000705;P0425;1;706.91;0;706.91
OL000706_1;O000706;P0416;2;625.2;0.05;1187.88
OL000706_2;O000706;P0028;3;540.97;0.1;1460.62
OL000706_3;O000706;P0450;6;255.68;0.1;1380.67
OL000707_1;O000707;P0411;3;347.77;0;1043.31
OL000707_2;O000707;P0393;1;533.76;0;533.76
OL000707_3;O000707;P0344;6;616.84;0.2;2960.83
OL000708_1;O000708;P0413;2;204.12;0;408.24
OL000708_2;O000708;P0271;5;181.11;0.05;860.27
OL000708_3;O000708;P0301;4;463.23;0.2;1482.34
OL000708_4;O000708;P0012;4;530.34;0.1;1909.22
OL000708_5;O000708;P0133;1;337.05;0.05;320.2
OL000709_1;O000709;P0061;6;489.47;0.1;2643.14
OL000710_1;O000710;P0319;5;395.12;0;1975.6
OL000710_2;O000710;P0042;1;611.56;0.05;580.98
OL000710_3;O000710;P0017;1;474.99;0;474.99
OL000710_4;O000710;P0153;4;554.19;0;2216.76
OL000710_5;O000710;P0124;1;69.25;0.1;62.33
OL000711_1;O000711;P0051;5;724.0;0.05;3439.0
OL000711_2;O000711;P0433;6;502.36;0.1;2712.74
OL000711_3;O000711;P0421;5;572.52;0.05;2719.47
OL000712_1;O000712;P0268;6;388.26;0;2329.56
OL000712_2;O000712;P0242;2;659.48;0.1;1187.06
OL000712_3;O000712;P0307;1;284.36;0;284.36
OL000712_4;O000712;P0240;1;498.5;0.1;448.65
OL000713_1;O000713;P0397;1;248.84;0.2;199.07
OL000713_2;O000713;P0102;4;79.3;0.05;301.34
OL000713_3;O000713;P0429;2;719.05;0;1438.1
OL000713_4;O000713;P0230;4;271.54;0.2;868.93
OL000714_1;O000714;P0100;2;146.52;0;293.04
OL000714_2;O000714;P0449;4;114.85;0;459.4
OL000714_3;O000714;P0084;1;437.82;0.1;394.04
OL000715_1;O000715;P0126;5;160.09;0.05;760.43
OL000716_1;O000716;P0482;6;99.4;0.2;477.12
OL000717_1;O000717;P0155;1;333.51;0.1;300.16
OL000718_1;O000718;P0207;6;659.25;0;3955.5
OL000718_2;O000718;P0119;6;219.52;0.2;1053.7
OL000718_3;O000718;P0442;3;711.54;0;2134.62
OL000719_1;O000719;P0164;4;385.83;0;1543.32
OL000720_1;O000720;P0186;3;402.12;0;1206.36
OL000720_2;O000720;P0193;6;522.59;0;3135.54
OL000720_3;O000720;P0391;6;426.17;0.2;2045.62
OL000721_1;O000721;P0236;2;664.71;0;1329.42
OL000722_1;O000722;P0163;3;592.02;0;1776.06
OL000722_2;O000722;P0272;1;637.75;0;637.75
OL000722_3;O000722;P0455;4;714.87;0.05;2716.51
OL000722_4;O000722;P0421;1;572.52;0.05;543.89
OL000723_1;O000723;P0285;5;411.59;0.05;1955.05
OL000723_2;O000723;P0024;4;365.16;0.1;1314.58
OL000724_1;O000724;P0496;4;549.97;0.1;1979.89
OL000724_2;O000724;P0214;6;710.29;0;4261.74
OL000724_3;O000724;P0184;5;100.07;0;500.35
OL000724_4;O000724;P0112;5;126.69;0.1;570.11
OL000724_5;O000724;P0370;5;454.88;0.1;2046.96
OL000725_1;O000725;P0352;5;607.79;0.2;2431.16
OL000726_1;O000726;P0378;4;189.11;0.2;605.15
OL000727_1;O000727;P0384;2;349.75;0.1;629.55
OL000727_2;O000727;P0374;2;119.34;0;238.68
OL000727_3;O000727;P0031;6;675.17;0;4051.02
OL000727_4;O000727;P0090;6;69.0;0;414.0
OL000728_1;O000728;P0191;1;716.68;0.05;680.85
OL000728_2;O000728;P0138;5;449.53;0.1;2022.88
OL000728_3;O000728;P0296;5;702.13;0;3510.65
OL000728_4;O000728;P0017;3;474.99;0;1424.97
OL000728_5;O000728;P0482;1;99.4;0.1;89.46
OL000729_1;O000729;P0032;4;313.32;0.2;1002.62
OL000730_1;O000730;P0094;3;775.04;0.05;2208.86
OL000730_2;O000730;P0193;5;522.59;0;2612.95
OL000730_3;O000730;P0437;1;63.59;0.1;57.23
OL000730_4;O000730;P0082;5;168.53;0.05;800.52
OL000731_1;O000731;P0167;1;472.6;0.2;378.08
OL000731_2;O000731;P0113;6;533.09;0.2;2558.83
OL000731_3;O000731;P0116;2;242.67;0.1;436.81
OL000731_4;O000731;P0359;2;233.67;0.1;420.61
OL000731_5;O000731;P0093;5;560.53;0;2802.65
OL000732_1;O000732;P0233;2;418.33;0.2;669.33
OL000732_2;O000732;P0330;3;515.43;0.05;1468.98
OL000733_1;O000733;P0386;4;644.21;0;2576.84
OL000733_2;O000733;P0087;1;420.61;0.2;336.49
OL000733_3;O000733;P0006;6;499.95;0;2999.7
OL000734_1;O000734;P0179;2;27.31;0;54.62
OL000734_2;O000734;P0106;2;799.69;0;1599.38
OL000735_1;O000735;P0116;4;242.67;0.2;776.54
OL000736_1;O000736;P0004;5;392.54;0;1962.7
OL000736_2;O000736;P0178;5;158.86;0.2;635.44
OL000737_1;O000737;P0308;5;554.48;0;2772.4
OL000737_2;O000737;P0488;1;528.49;0;528.49
OL000737_3;O000737;P0074;2;572.74;0.1;1030.93
OL000737_4;O000737;P0206;2;290.56;0;581.12
OL000737_5;O000737;P0247;4;163.52;0.05;621.38
OL000738_1;O000738;P0229;1;135.9;0;135.9
OL000738_2;O000738;P0052;4;606.63;0.05;2305.19
OL000738_3;O000738;P0119;6;219.52;0.1;1185.41
OL000738_4;O000738;P0066;4;324.4;0.05;1232.72
OL000739_1;O000739;P0338;6;501.98;0.2;2409.5
OL000739_2;O000739;P0463;3;91.32;0.05;260.26
OL000740_1;O000740;P0154;2;626.07;0;1252.14
OL000741_1;O000741;P0363;3;514.74;0.05;1467.01
OL000741_2;O000741;P0359;5;233.67;0;1168.35
OL000742_1;O000742;P0302;5;201.22;0.1;905.49
OL000742_2;O000742;P0182;1;130.97;0.05;124.42
OL000742_3;O000742;P0447;5;391.3;0;1956.5
OL000742_4;O000742;P0085;3;584.5;0.1;1578.15
OL000742_5;O000742;P0367;5;372.39;0.05;1768.85
OL000743_1;O000743;P0070;4;493.71;0;1974.84
OL000743_2;O000743;P0010;6;584.5;0.2;2805.6
OL000743_3;O000743;P0137;4;549.67;0.1;1978.81
OL000743_4;O000743;P0065;6;63.35;0.2;304.08
OL000744_1;O000744;P0274;2;169.86;0.05;322.73
OL000745_1;O000745;P0406;2;488.43;0;976.86
OL000745_2;O000745;P0473;3;774.64;0;2323.92
OL000746_1;O000746;P0221;2;641.07;0;1282.14
OL000746_2;O000746;P0035;4;439.05;0.05;1668.39
OL000746_3;O000746;P0332;1;423.42;0;423.42
OL000747_1;O000747;P0048;1;504.68;0.2;403.74
OL000747_2;O000747;P0114;4;588.56;0;2354.24
OL000747_3;O000747;P0356;1;437.87;0.1;394.08
OL000747_4;O000747;P0495;1;376.57;0.2;301.26
OL000748_1;O000748;P0006;1;499.95;0.2;399.96
OL000748_2;O000748;P0167;2;472.6;0.1;850.68
OL000748_3;O000748;P0089;2;216.18;0.05;410.74
OL000749_1;O000749;P0071;2;564.18;0;1128.36
OL000749_2;O000749;P0200;3;271.41;0.05;773.52
OL000749_3;O000749;P0461;3;707.1;0;2121.3
OL000750_1;O000750;P0150;2;566.66;0.2;906.66
OL000750_2;O000750;P0500;1;420.76;0.05;399.72
OL000750_3;O000750;P0451;4;615.28;0;2461.12
OL000750_4;O000750;P0243;3;318.88;0.05;908.81
OL000750_5;O000750;P0052;5;606.63;0.2;2426.52
OL000751_1;O000751;P0113;3;533.09;0.05;1519.31
OL000751_2;O000751;P0220;3;653.08;0;1959.24
OL000752_1;O000752;P0144;6;385.42;0.1;2081.27
OL000753_1;O000753;P0090;1;69.0;0.1;62.1
OL000753_2;O000753;P0372;3;248.45;0;745.35
OL000753_3;O000753;P0165;5;87.11;0.2;348.44
OL000754_1;O000754;P0027;4;284.86;0.1;1025.5
OL000754_2;O000754;P0043;5;306.39;0.1;1378.75
OL000754_3;O000754;P0432;6;789.16;0.05;4498.21
OL000754_4;O000754;P0450;4;255.68;0.05;971.58
OL000755_1;O000755;P0266;3;231.84;0.2;556.42
OL000756_1;O000756;P0198;1;534.33;0.05;507.61
OL000756_2;O000756;P0500;2;420.76;0.05;799.44
OL000756_3;O000756;P0211;4;351.92;0;1407.68
OL000756_4;O000756;P0173;1;352.63;0;352.63
OL000756_5;O000756;P0362;2;577.1;0.1;1038.78
OL000757_1;O000757;P0377;2;626.3;0.1;1127.34
OL000757_2;O000757;P0211;4;351.92;0.2;1126.14
OL000758_1;O000758;P0199;4;380.74;0;1522.96
OL000759_1;O000759;P0356;4;437.87;0;1751.48
OL000760_1;O000760;P0296;6;702.13;0;4212.78
OL000760_2;O000760;P0243;2;318.88;0.2;510.21
OL000761_1;O000761;P0378;1;189.11;0.2;151.29
OL000761_2;O000761;P0217;3;571.0;0.2;1370.4
OL000761_3;O000761;P0135;2;684.61;0.1;1232.3
OL000761_4;O000761;P0301;3;463.23;0;1389.69
OL000762_1;O000762;P0307;2;284.36;0;568.72
OL000762_2;O000762;P0316;3;507.59;0.2;1218.22
OL000762_3;O000762;P0225;2;147.3;0;294.6
OL000762_4;O000762;P0189;3;88.85;0.2;213.24
OL000763_1;O000763;P0198;6;534.33;0.1;2885.38
OL000764_1;O000764;P0103;4;795.33;0;3181.32
OL000765_1;O000765;P0077;5;382.69;0;1913.45
OL000765_2;O000765;P0308;4;554.48;0.2;1774.34
OL000765_3;O000765;P0090;6;69.0;0.05;393.3
OL000765_4;O000765;P0427;3;339.4;0.2;814.56
OL000766_1;O000766;P0453;4;134.42;0;537.68
OL000766_2;O000766;P0088;4;513.4;0.1;1848.24
OL000766_3;O000766;P0201;2;195.65;0;391.3
OL000766_4;O000766;P0286;1;660.37;0.2;528.3
OL000766_5;O000766;P0069;1;355.61;0;355.61
OL000767_1;O000767;P0268;6;388.26;0.1;2096.6
OL000767_2;O000767;P0461;1;707.1;0;707.1
OL000767_3;O000767;P0092;1;376.04;0.05;357.24
OL000768_1;O000768;P0283;3;302.47;0.2;725.93
OL000768_2;O000768;P0232;4;639.0;0;2556.0
OL000769_1;O000769;P0131;5;301.83;0;1509.15
OL000769_2;O000769;P0359;5;233.67;0.1;1051.51
OL000769_3;O000769;P0405;3;158.47;0.05;451.64
OL000769_4;O000769;P0348;1;142.21;0;142.21
OL000770_1;O000770;P0220;1;653.08;0.1;587.77
OL000770_2;O000770;P0207;4;659.25;0.2;2109.6
OL000771_1;O000771;P0096;5;120.44;0.2;481.76
OL000771_2;O000771;P0199;2;380.74;0;761.48
OL000771_3;O000771;P0493;4;336.23;0.2;1075.94
OL000772_1;O000772;P0302;6;201.22;0.2;965.86
OL000772_2;O000772;P0406;6;488.43;0.2;2344.46
OL000773_1;O000773;P0131;5;301.83;0;1509.15
OL000773_2;O000773;P0026;5;100.02;0.05;475.09
OL000774_1;O000774;P0335;6;207.42;0.1;1120.07
OL000775_1;O000775;P0105;5;183.03;0.2;732.12
OL000776_1;O000776;P0169;5;336.35;0;1681.75
OL000777_1;O000777;P0206;5;290.56;0;1452.8
OL000777_2;O000777;P0451;1;615.28;0;615.28
OL000777_3;O000777;P0243;6;318.88;0.05;1817.62
OL000778_1;O000778;P0159;2;773.52;0.05;1469.69
OL000779_1;O000779;P0329;2;443.35;0;886.7
OL000779_2;O000779;P0255;3;714.76;0;2144.28
OL000780_1;O000780;P0021;2;281.03;0.05;533.96
OL000780_2;O000780;P0375;2;325.84;0.05;619.1
OL000780_3;O000780;P0437;3;63.59;0.05;181.23
OL000780_4;O000780;P0434;4;193.85;0.05;736.63
OL000781_1;O000781;P0399;5;528.98;0;2644.9
OL000782_1;O000782;P0286;3;660.37;0.2;1584.89
OL000783_1;O000783;P0421;4;572.52;0;2290.08
OL000783_2;O000783;P0026;3;100.02;0;300.06
OL000783_3;O000783;P0301;2;463.23;0;926.46
OL000783_4;O000783;P0368;3;408.71;0.05;1164.82
OL000784_1;O000784;P0393;6;533.76;0;3202.56
OL000784_2;O000784;P0123;5;261.79;0.05;1243.5
OL000785_1;O000785;P0498;4;429.72;0.05;1632.94
OL000786_1;O000786;P0258;5;297.45;0;1487.25
OL000787_1;O000787;P0444;2;603.72;0;1207.44
OL000787_2;O000787;P0048;2;504.68;0;1009.36
OL000787_3;O000787;P0416;4;625.2;0.1;2250.72
OL000788_1;O000788;P0409;6;613.99;0;3683.94
OL000788_2;O000788;P0076;1;542.56;0.05;515.43
OL000788_3;O000788;P0116;5;242.67;0.1;1092.01
OL000788_4;O000788;P0348;1;142.21;0.1;127.99
OL000789_1;O000789;P0174;6;431.69;0;2590.14
OL000789_2;O000789;P0296;3;702.13;0.1;1895.75
OL000789_3;O000789;P0449;4;114.85;0.1;413.46
OL000789_4;O000789;P0209;2;95.13;0.1;171.23
OL000789_5;O000789;P0093;2;560.53;0.05;1065.01
OL000790_1;O000790;P0265;4;15.21;0;60.84
OL000790_2;O000790;P0170;1;715.35;0.1;643.82
OL000790_3;O000790;P0122;1;552.86;0.1;497.57
OL000790_4;O000790;P0203;2;443.79;0.1;798.82
OL000791_1;O000791;P0023;5;157.25;0;786.25
OL000791_2;O000791;P0085;1;584.5;0;584.5
OL000791_3;O000791;P0328;1;32.57;0;32.57
OL000791_4;O000791;P0187;2;80.31;0;160.62
OL000791_5;O000791;P0312;3;783.63;0.05;2233.35
OL000792_1;O000792;P0442;4;711.54;0.05;2703.85
OL000792_2;O000792;P0470;4;367.85;0.05;1397.83
OL000793_1;O000793;P0062;6;637.08;0.2;3057.98
OL000793_2;O000793;P0305;4;788.44;0.05;2996.07
OL000793_3;O000793;P0323;3;751.63;0.2;1803.91
OL000793_4;O000793;P0109;3;759.21;0.05;2163.75
OL000793_5;O000793;P0391;3;426.17;0.1;1150.66
OL000794_1;O000794;P0159;5;773.52;0.1;3480.84
OL000794_2;O000794;P0016;4;185.38;0;741.52
OL000795_1;O000795;P0349;1;43.17;0;43.17
OL000795_2;O000795;P0226;2;112.75;0;225.5
OL000796_1;O000796;P0158;4;182.39;0.2;583.65
OL000796_2;O000796;P0136;1;787.65;0.1;708.88
OL000796_3;O000796;P0496;3;549.97;0.05;1567.41
OL000797_1;O000797;P0494;6;590.15;0.05;3363.85
OL000797_2;O000797;P0434;6;193.85;0.1;1046.79
OL000797_3;O000797;P0298;2;312.31;0.1;562.16
OL000797_4;O000797;P0170;4;715.35;0;2861.4
OL000798_1;O000798;P0278;3;115.77;0;347.31
OL000799_1;O000799;P0403;6;578.36;0;3470.16
OL000799_2;O000799;P0108;5;478.09;0.1;2151.4
OL000800_1;O000800;P0319;6;395.12;0;2370.72
OL000800_2;O000800;P0115;6;743.79;0.2;3570.19
OL000801_1;O000801;P0265;3;15.21;0.05;43.35
OL000801_2;O000801;P0071;2;564.18;0.05;1071.94
OL000802_1;O000802;P0030;4;394.47;0.05;1498.99
OL000802_2;O000802;P0224;5;486.68;0.2;1946.72
OL000802_3;O000802;P0319;1;395.12;0;395.12
OL000802_4;O000802;P0283;2;302.47;0;604.94
OL000803_1;O000803;P0359;1;233.67;0.1;210.3
OL000803_2;O000803;P0206;3;290.56;0.1;784.51
OL000803_3;O000803;P0015;4;787.05;0;3148.2
OL000803_4;O000803;P0107;5;654.87;0.05;3110.63
OL000803_5;O000803;P0027;2;284.86;0.1;512.75
OL000804_1;O000804;P0460;4;497.38;0.05;1890.04
OL000804_2;O000804;P0010;6;584.5;0.1;3156.3
OL000805_1;O000805;P0098;5;520.33;0.05;2471.57
OL000805_2;O000805;P0325;4;60.4;0.05;229.52
OL000805_3;O000805;P0485;4;18.52;0;74.08
OL000805_4;O000805;P0145;5;675.85;0.1;3041.33
OL000806_1;O000806;P0219;1;549.88;0.2;439.9
OL000806_2;O000806;P0379;5;436.54;0.05;2073.57
OL000806_3;O000806;P0417;3;368.41;0;1105.23
OL000806_4;O000806;P0444;3;603.72;0.2;1448.93
OL000806_5;O000806;P0360;6;44.58;0;267.48
OL000807_1;O000807;P0413;6;204.12;0;1224.72
OL000807_2;O000807;P0339;1;27.48;0.05;26.11
OL000807_3;O000807;P0316;3;507.59;0.2;1218.22
OL000807_4;O000807;P0478;3;117.26;0;351.78
OL000807_5;O000807;P0129;1;240.53;0;240.53
OL000808_1;O000808;P0175;4;544.63;0.1;1960.67
OL000808_2;O000808;P0383;5;166.51;0.1;749.29
OL000809_1;O000809;P0358;6;435.78;0.05;2483.95
OL000809_2;O000809;P0295;6;451.32;0.05;2572.52
OL000810_1;O000810;P0439;5;388.5;0.1;1748.25
OL000811_1;O000811;P0376;4;662.31;0.2;2119.39
OL000811_2;O000811;P0209;3;95.13;0.05;271.12
OL000811_3;O000811;P0256;6;439.34;0.2;2108.83
OL000812_1;O000812;P0403;4;578.36;0.2;1850.75
OL000812_2;O000812;P0439;2;388.5;0.05;738.15
OL000812_3;O000812;P0350;1;404.94;0.05;384.69
OL000812_4;O000812;P0037;4;655.22;0.1;2358.79
OL000812_5;O000812;P0181;3;101.47;0.05;289.19
OL000813_1;O000813;P0429;3;719.05;0.1;1941.43
OL000813_2;O000813;P0445;1;197.74;0;197.74
OL000814_1;O000814;P0314;6;404.68;0.2;1942.46
OL000814_2;O000814;P0115;1;743.79;0.2;595.03
OL000814_3;O000814;P0398;3;653.74;0;1961.22
OL000814_4;O000814;P0109;3;759.21;0.2;1822.1
OL000814_5;O000814;P0007;5;263.33;0.1;1184.98
OL000815_1;O000815;P0153;3;554.19;0;1662.57
OL000816_1;O000816;P0024;2;365.16;0.1;657.29
OL000816_2;O000816;P0001;2;481.57;0.2;770.51
OL000816_3;O000816;P0129;3;240.53;0;721.59
OL000816_4;O000816;P0334;1;481.63;0;481.63
OL000816_5;O000816;P0497;1;19.37;0.05;18.4
OL000817_1;O000817;P0224;4;486.68;0.05;1849.38
OL000817_2;O000817;P0313;3;686.48;0;2059.44
OL000817_3;O000817;P0337;3;154.1;0;462.3
OL000817_4;O000817;P0263;4;307.56;0.05;1168.73
OL000817_5;O000817;P0466;6;280.34;0.2;1345.63
OL000818_1;O000818;P0332;2;423.42;0;846.84
OL000818_2;O000818;P0498;4;429.72;0;1718.88
OL000819_1;O000819;P0207;2;659.25;0.2;1054.8
OL000819_2;O000819;P0110;6;193.77;0;1162.62
OL000819_3;O000819;P0191;1;716.68;0.2;573.34
OL000819_4;O000819;P0473;1;774.64;0.1;697.18
OL000820_1;O000820;P0069;4;355.61;0;1422.44
OL000820_2;O000820;P0113;6;533.09;0.1;2878.69
OL000821_1;O000821;P0322;6;525.88;0.1;2839.75
OL000821_2;O000821;P0029;6;557.81;0.2;2677.49
OL000821_3;O000821;P0144;4;385.42;0.1;1387.51
OL000821_4;O000821;P0298;3;312.31;0.05;890.08
OL000821_5;O000821;P0037;6;655.22;0.1;3538.19
OL000822_1;O000822;P0299;1;17.68;0.05;16.8
OL000822_2;O000822;P0253;5;375.65;0;1878.25
OL000822_3;O000822;P0286;5;660.37;0.05;3136.76
OL000823_1;O000823;P0041;2;694.97;0;1389.94
OL000823_2;O000823;P0304;4;613.75;0;2455.0
OL000823_3;O000823;P0093;1;560.53;0.2;448.42
OL000823_4;O000823;P0015;6;787.05;0.05;4486.18
OL000824_1;O000824;P0199;6;380.74;0.2;1827.55
OL000824_2;O000824;P0019;1;629.57;0;629.57
OL000824_3;O000824;P0233;5;418.33;0;2091.65
OL000824_4;O000824;P0113;4;533.09;0;2132.36
OL000825_1;O000825;P0262;5;522.33;0.1;2350.49
OL000825_2;O000825;P0442;5;711.54;0;3557.7
OL000825_3;O000825;P0499;2;87.64;0.05;166.52
OL000825_4;O000825;P0182;6;130.97;0.1;707.24
OL000826_1;O000826;P0309;6;494.09;0;2964.54
OL000826_2;O000826;P0265;3;15.21;0.05;43.35
OL000826_3;O000826;P0135;1;684.61;0.05;650.38
OL000826_4;O000826;P0189;5;88.85;0.2;355.4
OL000826_5;O000826;P0108;1;478.09;0;478.09
OL000827_1;O000827;P0420;5;145.0;0.2;580.0
OL000827_2;O000827;P0039;6;646.3;0;3877.8
OL000827_3;O000827;P0299;6;17.68;0.1;95.47
OL000827_4;O000827;P0450;4;255.68;0.2;818.18
OL000828_1;O000828;P0469;2;58.57;0.1;105.43
OL000829_1;O000829;P0188;4;581.63;0;2326.52
OL000829_2;O000829;P0308;6;554.48;0;3326.88
OL000829_3;O000829;P0340;4;193.92;0;775.68
OL000829_4;O000829;P0054;5;790.64;0.1;3557.88
OL000830_1;O000830;P0036;5;90.91;0.05;431.82
OL000830_2;O000830;P0321;6;680.63;0.05;3879.59
OL000830_3;O000830;P0276;2;436.04;0.2;697.66
OL000831_1;O000831;P0333;1;738.45;0.1;664.61
OL000831_2;O000831;P0138;6;449.53;0.2;2157.74
OL000831_3;O000831;P0059;4;107.29;0;429.16
OL000832_1;O000832;P0429;3;719.05;0.1;1941.43
OL000832_2;O000832;P0198;6;534.33;0;3205.98
OL000832_3;O000832;P0362;5;577.1;0.05;2741.22
OL000833_1;O000833;P0493;6;336.23;0.05;1916.51
OL000833_2;O000833;P0497;6;19.37;0;116.22
OL000833_3;O000833;P0295;6;451.32;0.2;2166.34
OL000833_4;O000833;P0197;6;19.76;0;118.56
OL000834_1;O000834;P0090;1;69.0;0;69.0
OL000834_2;O000834;P0407;2;553.63;0;1107.26
OL000834_3;O000834;P0349;6;43.17;0;259.02
OL000835_1;O000835;P0315;1;47.69;0.05;45.31
OL000835_2;O000835;P0077;6;382.69;0.05;2181.33
OL000835_3;O000835;P0142;4;383.71;0;1534.84
OL000835_4;O000835;P0141;3;705.31;0;2115.93
OL000836_1;O000836;P0127;4;461.7;0;1846.8
OL000836_2;O000836;P0195;2;153.2;0;306.4
OL000836_3;O000836;P0291;5;78.61;0.05;373.4
OL000836_4;O000836;P0377;6;626.3;0.1;3382.02
OL000837_1;O000837;P0111;5;169.16;0.05;803.51
OL000838_1;O000838;P0387;2;305.32;0;610.64
OL000838_2;O000838;P0034;3;238.05;0.05;678.44
OL000838_3;O000838;P0142;4;383.71;0;1534.84
OL000838_4;O000838;P0192;6;326.61;0.1;1763.69
OL000839_1;O000839;P0149;1;168.57;0.2;134.86
OL000840_1;O000840;P0246;2;725.45;0;1450.9
OL000840_2;O000840;P0160;2;275.66;0.2;441.06
OL000840_3;O000840;P0044;3;703.08;0;2109.24
OL000840_4;O000840;P0481;1;741.99;0.05;704.89
OL000840_5;O000840;P0118;4;198.02;0.1;712.87
OL000841_1;O000841;P0390;4;214.34;0;857.36
OL000841_2;O000841;P0209;6;95.13;0.2;456.62
OL000841_3;O000841;P0334;1;481.63;0;481.63
OL000842_1;O000842;P0222;3;780.9;0.05;2225.56
OL000842_2;O000842;P0466;6;280.34;0;1682.04
OL000842_3;O000842;P0346;3;135.3;0;405.9
OL000842_4;O000842;P0087;3;420.61;0;1261.83
OL000842_5;O000842;P0050;3;746.85;0;2240.55
OL000843_1;O000843;P0119;5;219.52;0;1097.6
OL000843_2;O000843;P0095;6;329.47;0;1976.82
OL000843_3;O000843;P0025;3;604.34;0.1;1631.72
OL000844_1;O000844;P0093;5;560.53;0.1;2522.38
OL000844_2;O000844;P0490;1;213.0;0;213.0
OL000844_3;O000844;P0082;2;168.53;0.2;269.65
OL000845_1;O000845;P0136;5;787.65;0.2;3150.6
OL000845_2;O000845;P0221;4;641.07;0;2564.28
OL000846_1;O000846;P0426;2;285.73;0.05;542.89
OL000846_2;O000846;P0208;1;744.87;0.05;707.63
OL000846_3;O000846;P0353;2;116.44;0.1;209.59
OL000846_4;O000846;P0492;4;280.85;0.05;1067.23
OL000847_1;O000847;P0113;2;533.09;0.1;959.56
OL000847_2;O000847;P0435;5;639.42;0.05;3037.24
OL000847_3;O000847;P0082;3;168.53;0.1;455.03
OL000848_1;O000848;P0383;2;166.51;0;333.02
OL000848_2;O000848;P0149;2;168.57;0.1;303.43
OL000848_3;O000848;P0253;5;375.65;0;1878.25
OL000849_1;O000849;P0211;5;351.92;0.05;1671.62
OL000849_2;O000849;P0257;6;475.78;0.1;2569.21
OL000849_3;O000849;P0127;6;461.7;0.2;2216.16
OL000850_1;O000850;P0460;5;497.38;0;2486.9
OL000850_2;O000850;P0356;4;437.87;0;1751.48
OL000850_3;O000850;P0015;2;787.05;0;1574.1
OL000850_4;O000850;P0255;2;714.76;0.1;1286.57
OL000851_1;O000851;P0198;6;534.33;0.05;3045.68
OL000851_2;O000851;P0294;2;369.26;0;738.52
OL000852_1;O000852;P0199;6;380.74;0.05;2170.22
OL000852_2;O000852;P0177;4;239.75;0;959.0
OL000853_1;O000853;P0360;4;44.58;0.05;169.4
OL000853_2;O000853;P0291;4;78.61;0;314.44
OL000853_3;O000853;P0318;4;546.87;0.1;1968.73
OL000853_4;O000853;P0345;1;590.9;0.1;531.81
OL000854_1;O000854;P0291;5;78.61;0.05;373.4
OL000854_2;O000854;P0375;5;325.84;0;1629.2
OL000855_1;O000855;P0024;5;365.16;0.2;1460.64
OL000855_2;O000855;P0409;6;613.99;0.05;3499.74
OL000855_3;O000855;P0046;6;324.2;0;1945.2
OL000856_1;O000856;P0396;1;397.05;0;397.05
OL000857_1;O000857;P0150;2;566.66;0;1133.32
OL000857_2;O000857;P0489;2;70.72;0.05;134.37
OL000858_1;O000858;P0052;2;606.63;0.2;970.61
OL000858_2;O000858;P0196;1;395.62;0;395.62
OL000858_3;O000858;P0166;4;185.58;0;742.32
OL000858_4;O000858;P0438;6;582.27;0;3493.62
OL000858_5;O000858;P0405;4;158.47;0;633.88
OL000859_1;O000859;P0068;5;170.53;0.1;767.38
OL000860_1;O000860;P0310;1;494.34;0;494.34
OL000860_2;O000860;P0284;1;324.52;0;324.52
OL000861_1;O000861;P0043;3;306.39;0;919.17
OL000861_2;O000861;P0170;1;715.35;0.1;643.82
OL000862_1;O000862;P0072;6;579.4;0.05;3302.58
OL000863_1;O000863;P0190;1;101.56;0.2;81.25
OL000864_1;O000864;P0234;2;162.08;0.1;291.74
OL000865_1;O000865;P0003;4;222.04;0.2;710.53
OL000865_2;O000865;P0332;4;423.42;0;1693.68
OL000866_1;O000866;P0073;1;103.26;0.1;92.93
OL000866_2;O000866;P0209;2;95.13;0;190.26
OL000866_3;O000866;P0257;6;475.78;0;2854.68
OL000866_4;O000866;P0063;3;479.2;0;1437.6
OL000866_5;O000866;P0072;2;579.4;0;1158.8
OL000867_1;O000867;P0020;6;367.43;0.2;1763.66
OL000868_1;O000868;P0475;2;176.86;0;353.72
OL000868_2;O000868;P0393;6;533.76;0.2;2562.05
OL000868_3;O000868;P0304;2;613.75;0;1227.5
OL000868_4;O000868;P0406;4;488.43;0.05;1856.03
OL000869_1;O000869;P0319;3;395.12;0.05;1126.09
OL000870_1;O000870;P0282;1;793.52;0;793.52
OL000870_2;O000870;P0044;6;703.08;0.2;3374.78
OL000871_1;O000871;P0372;6;248.45;0.1;1341.63
OL000871_2;O000871;P0129;2;240.53;0.1;432.95
OL000871_3;O000871;P0306;5;185.45;0;927.25
OL000871_4;O000871;P0164;3;385.83;0.2;925.99
OL000871_5;O000871;P0166;3;185.58;0.1;501.07
OL000872_1;O000872;P0354;3;397.17;0.05;1131.93
OL000873_1;O000873;P0043;4;306.39;0.05;1164.28
OL000874_1;O000874;P0316;5;507.59;0;2537.95
OL000874_2;O000874;P0328;5;32.57;0.1;146.56
OL000874_3;O000874;P0152;3;768.81;0.05;2191.11
OL000874_4;O000874;P0236;4;664.71;0;2658.84
OL000875_1;O000875;P0158;1;182.39;0.05;173.27
OL000875_2;O000875;P0176;2;407.64;0.1;733.75
OL000876_1;O000876;P0189;4;88.85;0;355.4
OL000876_2;O000876;P0123;2;261.79;0;523.58
OL000877_1;O000877;P0310;4;494.34;0.1;1779.62
OL000877_2;O000877;P0095;6;329.47;0.2;1581.46
OL000878_1;O000878;P0303;2;291.26;0.1;524.27
OL000878_2;O000878;P0196;5;395.62;0;1978.1
OL000879_1;O000879;P0004;2;392.54;0;785.08
OL000879_2;O000879;P0024;4;365.16;0;1460.64
OL000879_3;O000879;P0344;5;616.84;0;3084.2
OL000880_1;O000880;P0221;1;641.07;0.1;576.96
OL000880_2;O000880;P0075;2;688.89;0.05;1308.89
OL000880_3;O000880;P0193;6;522.59;0.05;2978.76
OL000881_1;O000881;P0070;6;493.71;0;2962.26
OL000881_2;O000881;P0043;4;306.39;0.1;1103.0
OL000882_1;O000882;P0101;6;37.37;0.2;179.38
OL000882_2;O000882;P0359;1;233.67;0;233.67
OL000882_3;O000882;P0344;4;616.84;0.1;2220.62
OL000883_1;O000883;P0245;5;434.35;0;2171.75
OL000883_2;O000883;P0209;6;95.13;0;570.78
OL000883_3;O000883;P0409;6;613.99;0.2;2947.15
OL000884_1;O000884;P0080;1;645.43;0;645.43
OL000884_2;O000884;P0194;6;677.04;0.2;3249.79
OL000884_3;O000884;P0369;3;797.51;0.2;1914.02
OL000884_4;O000884;P0189;4;88.85;0;355.4
OL000884_5;O000884;P0467;4;100.32;0;401.28
OL000885_1;O000885;P0448;2;423.67;0;847.34
OL000885_2;O000885;P0107;2;654.87;0.05;1244.25
OL000886_1;O000886;P0037;3;655.22;0;1965.66
OL000886_2;O000886;P0471;5;260.11;0;1300.55
OL000886_3;O000886;P0022;1;271.48;0;271.48
OL000886_4;O000886;P0399;3;528.98;0;1586.94
OL000886_5;O000886;P0418;4;726.66;0.05;2761.31
OL000887_1;O000887;P0493;2;336.23;0.1;605.21
OL000887_2;O000887;P0487;3;584.31;0.1;1577.64
OL000888_1;O000888;P0012;3;530.34;0.1;1431.92
OL000889_1;O000889;P0449;4;114.85;0.1;413.46
OL000889_2;O000889;P0092;5;376.04;0;1880.2
OL000889_3;O000889;P0379;3;436.54;0;1309.62
OL000889_4;O000889;P0315;4;47.69;0.2;152.61
OL000890_1;O000890;P0147;3;331.66;0.1;895.48
OL000891_1;O000891;P0285;6;411.59;0;2469.54
OL000891_2;O000891;P0397;2;248.84;0;497.68
OL000891_3;O000891;P0228;6;67.58;0;405.48
OL000891_4;O000891;P0356;1;437.87;0.2;350.3
OL000892_1;O000892;P0219;2;549.88;0;1099.76
OL000892_2;O000892;P0058;1;496.7;0;496.7
OL000892_3;O000892;P0453;2;134.42;0;268.84
OL000892_4;O000892;P0421;1;572.52;0.2;458.02
OL000892_5;O000892;P0150;5;566.66;0.05;2691.63
OL000893_1;O000893;P0371;6;323.7;0;1942.2
OL000893_2;O000893;P0358;2;435.78;0.1;784.4
OL000893_3;O000893;P0005;3;164.48;0.05;468.77
OL000893_4;O000893;P0311;3;604.23;0.1;1631.42
OL000894_1;O000894;P0465;5;313.22;0;1566.1
OL000895_1;O000895;P0111;5;169.16;0.2;676.64
OL000896_1;O000896;P0427;3;339.4;0;1018.2
OL000896_2;O000896;P0268;6;388.26;0;2329.56
OL000897_1;O000897;P0145;4;675.85;0;2703.4
OL000897_2;O000897;P0250;4;162.86;0.2;521.15
OL000897_3;O000897;P0135;1;684.61;0;684.61
OL000897_4;O000897;P0493;5;336.23;0;1681.15
OL000898_1;O000898;P0044;5;703.08;0.2;2812.32
OL000899_1;O000899;P0107;3;654.87;0;1964.61
OL000899_2;O000899;P0131;3;301.83;0.2;724.39
OL000899_3;O000899;P0035;5;439.05;0.05;2085.49
OL000899_4;O000899;P0217;3;571.0;0.1;1541.7
OL000899_5;O000899;P0362;2;577.1;0.2;923.36
OL000900_1;O000900;P0035;6;439.05;0.05;2502.59
OL000901_1;O000901;P0221;5;641.07;0.2;2564.28
OL000901_2;O000901;P0416;6;625.2;0;3751.2
OL000901_3;O000901;P0131;3;301.83;0;905.49
OL000901_4;O000901;P0327;3;205.44;0;616.32
OL000902_1;O000902;P0065;6;63.35;0;380.1
OL000902_2;O000902;P0328;4;32.57;0;130.28
OL000902_3;O000902;P0285;6;411.59;0;2469.54
OL000902_4;O000902;P0487;4;584.31;0.1;2103.52
OL000903_1;O000903;P0075;1;688.89;0;688.89
OL000904_1;O000904;P0388;5;696.31;0.1;3133.39
OL000905_1;O000905;P0371;6;323.7;0.1;1747.98
OL000905_2;O000905;P0269;2;463.05;0;926.1
OL000905_3;O000905;P0148;3;570.56;0;1711.68
OL000905_4;O000905;P0009;5;320.42;0.05;1522.0
OL000905_5;O000905;P0078;2;732.02;0.05;1390.84
OL000906_1;O000906;P0235;1;505.28;0.05;480.02
OL000907_1;O000907;P0363;2;514.74;0.1;926.53
OL000907_2;O000907;P0005;1;164.48;0.2;131.58
OL000907_3;O000907;P0017;2;474.99;0.1;854.98
OL000907_4;O000907;P0179;5;27.31;0.2;109.24
OL000908_1;O000908;P0308;2;554.48;0;1108.96
OL000909_1;O000909;P0483;4;787.1;0;3148.4
OL000910_1;O000910;P0002;1;76.91;0;76.91
OL000910_2;O000910;P0353;6;116.44;0;698.64
OL000910_3;O000910;P0011;5;638.57;0.1;2873.57
OL000911_1;O000911;P0489;6;70.72;0;424.32
OL000911_2;O000911;P0374;1;119.34;0;119.34
OL000911_3;O000911;P0121;3;309.18;0.1;834.79
OL000911_4;O000911;P0433;6;502.36;0;3014.16
OL000912_1;O000912;P0373;1;659.33;0.05;626.36
OL000913_1;O000913;P0026;3;100.02;0;300.06
OL000913_2;O000913;P0325;4;60.4;0.1;217.44
OL000914_1;O000914;P0458;6;539.99;0.05;3077.94
OL000914_2;O000914;P0394;4;310.75;0;1243.0
OL000914_3;O000914;P0447;3;391.3;0;1173.9
OL000914_4;O000914;P0038;1;690.23;0;690.23
OL000915_1;O000915;P0286;5;660.37;0;3301.85
OL000916_1;O000916;P0204;2;297.04;0.2;475.26
OL000916_2;O000916;P0278;2;115.77;0.1;208.39
OL000916_3;O000916;P0475;2;176.86;0.1;318.35
OL000916_4;O000916;P0279;5;332.83;0.05;1580.94
OL000917_1;O000917;P0230;6;271.54;0.1;1466.32
OL000917_2;O000917;P0044;4;703.08;0.05;2671.7
OL000918_1;O000918;P0166;5;185.58;0.1;835.11
OL000918_2;O000918;P0195;3;153.2;0;459.6
OL000918_3;O000918;P0282;2;793.52;0.2;1269.63
OL000918_4;O000918;P0190;6;101.56;0.2;487.49
OL000919_1;O000919;P0445;4;197.74;0.05;751.41
OL000919_2;O000919;P0411;1;347.77;0.2;278.22
OL000919_3;O000919;P0273;4;481.26;0;1925.04
OL000920_1;O000920;P0288;4;771.19;0.05;2930.52
OL000920_2;O000920;P0328;4;32.57;0;130.28
OL000920_3;O000920;P0321;2;680.63;0;1361.26
OL000920_4;O000920;P0397;2;248.84;0.2;398.14
OL000921_1;O000921;P0206;6;290.56;0.2;1394.69
OL000922_1;O000922;P0482;2;99.4;0.05;188.86
OL000923_1;O000923;P0157;4;570.4;0.2;1825.28
OL000923_2;O000923;P0189;4;88.85;0.1;319.86
OL000923_3;O000923;P0131;1;301.83;0.1;271.65
OL000924_1;O000924;P0182;5;130.97;0;654.85
OL000924_2;O000924;P0342;6;676.4;0.05;3855.48
OL000924_3;O000924;P0260;2;193.08;0.05;366.85
OL000924_4;O000924;P0288;6;771.19;0;4627.14
OL000925_1;O000925;P0243;3;318.88;0.2;765.31
OL000925_2;O000925;P0242;1;659.48;0.2;527.58
OL000925_3;O000925;P0462;5;388.14;0.05;1843.66
OL000925_4;O000925;P0125;2;526.37;0.1;947.47
OL000926_1;O000926;P0164;1;385.83;0.05;366.54
OL000926_2;O000926;P0370;1;454.88;0.2;363.9
OL000926_3;O000926;P0090;5;69.0;0.05;327.75
OL000927_1;O000927;P0162;3;579.81;0.05;1652.46
OL000927_2;O000927;P0342;6;676.4;0;4058.4
OL000927_3;O000927;P0124;5;69.25;0;346.25
OL000927_4;O000927;P0033;4;75.31;0;301.24
OL000927_5;O000927;P0172;5;611.34;0.05;2903.87
OL000928_1;O000928;P0136;6;787.65;0;4725.9
OL000928_2;O000928;P0423;2;403.13;0.1;725.63
OL000928_3;O000928;P0318;3;546.87;0;1640.61
OL000928_4;O000928;P0041;6;694.97;0;4169.82
OL000928_5;O000928;P0058;2;496.7;0;993.4
OL000929_1;O000929;P0057;6;523.52;0;3141.12
OL000929_2;O000929;P0269;3;463.05;0.1;1250.24
OL000929_3;O000929;P0115;5;743.79;0;3718.95
OL000930_1;O000930;P0041;4;694.97;0.05;2640.89
OL000931_1;O000931;P0198;1;534.33;0;534.33
OL000931_2;O000931;P0434;1;193.85;0.05;184.16
OL000931_3;O000931;P0426;4;285.73;0.05;1085.77
OL000932_1;O000932;P0302;5;201.22;0;1006.1
OL000933_1;O000933;P0370;5;454.88;0.2;1819.52
OL000933_2;O000933;P0277;2;348.88;0;697.76
OL000933_3;O000933;P0469;6;58.57;0.1;316.28
OL000934_1;O000934;P0030;2;394.47;0.05;749.49
OL000934_2;O000934;P0312;2;783.63;0.1;1410.53
OL000935_1;O000935;P0033;1;75.31;0.05;71.54
OL000935_2;O000935;P0150;5;566.66;0;2833.3
OL000935_3;O000935;P0384;3;349.75;0.05;996.79
OL000935_4;O000935;P0100;1;146.52;0.2;117.22
OL000935_5;O000935;P0436;6;646.77;0;3880.62
OL000936_1;O000936;P0350;5;404.94;0;2024.7
OL000936_2;O000936;P0486;6;640.6;0.1;3459.24
OL000937_1;O000937;P0118;5;198.02;0;990.1
OL000937_2;O000937;P0081;1;621.09;0.2;496.87
OL000937_3;O000937;P0282;2;793.52;0.1;1428.34
OL000937_4;O000937;P0291;1;78.61;0.05;74.68
OL000938_1;O000938;P0436;5;646.77;0.2;2587.08
OL000938_2;O000938;P0431;6;493.52;0;2961.12
OL000938_3;O000938;P0192;2;326.61;0;653.22
OL000939_1;O000939;P0327;3;205.44;0;616.32
OL000939_2;O000939;P0088;5;513.4;0.05;2438.65
OL000939_3;O000939;P0258;4;297.45;0.1;1070.82
OL000940_1;O000940;P0278;5;115.77;0;578.85
OL000940_2;O000940;P0023;1;157.25;0;157.25
OL000940_3;O000940;P0426;5;285.73;0;1428.65
OL000940_4;O000940;P0229;2;135.9;0;271.8
OL000941_1;O000941;P0379;2;436.54;0;873.08
OL000941_2;O000941;P0452;6;162.11;0.1;875.39
OL000941_3;O000941;P0268;1;388.26;0.1;349.43
OL000941_4;O000941;P0114;4;588.56;0;2354.24
OL000941_5;O000941;P0122;5;552.86;0.2;2211.44
OL000942_1;O000942;P0012;3;530.34;0;1591.02
OL000943_1;O000943;P0054;2;790.64;0;1581.28
OL000943_2;O000943;P0235;1;505.28;0.2;404.22
OL000943_3;O000943;P0191;1;716.68;0;716.68
OL000944_1;O000944;P0308;2;554.48;0.1;998.06
OL000945_1;O000945;P0069;6;355.61;0.1;1920.29
OL000946_1;O000946;P0085;6;584.5;0;3507.0
OL000947_1;O000947;P0037;4;655.22;0.1;2358.79
OL000948_1;O000948;P0135;4;684.61;0;2738.44
OL000948_2;O000948;P0431;3;493.52;0.1;1332.5
OL000948_3;O000948;P0161;4;418.66;0.2;1339.71
OL000948_4;O000948;P0290;4;561.78;0.2;1797.7
OL000949_1;O000949;P0354;1;397.17;0.05;377.31
OL000949_2;O000949;P0296;2;702.13;0;1404.26
OL000950_1;O000950;P0297;1;608.4;0;608.4
OL000950_2;O000950;P0279;4;332.83;0;1331.32
OL000951_1;O000951;P0172;6;611.34;0.1;3301.24
OL000951_2;O000951;P0270;5;141.41;0.2;565.64
OL000951_3;O000951;P0336;3;199.25;0.2;478.2
OL000951_4;O000951;P0245;3;434.35;0.2;1042.44
OL000952_1;O000952;P0284;5;324.52;0.2;1298.08
OL000953_1;O000953;P0427;3;339.4;0.1;916.38
OL000953_2;O000953;P0419;2;77.39;0.1;139.3
OL000953_3;O000953;P0053;4;114.83;0.2;367.46
OL000954_1;O000954;P0486;2;640.6;0;1281.2
OL000954_2;O000954;P0059;2;107.29;0;214.58
OL000954_3;O000954;P0256;1;439.34;0.1;395.41
OL000954_4;O000954;P0253;3;375.65;0;1126.95
OL000954_5;O000954;P0408;6;316.09;0;1896.54
OL000955_1;O000955;P0125;4;526.37;0;2105.48
OL000956_1;O000956;P0389;1;382.24;0;382.24
OL000956_2;O000956;P0247;3;163.52;0;490.56
OL000956_3;O000956;P0310;6;494.34;0;2966.04
OL000956_4;O000956;P0075;3;688.89;0.05;1963.34
OL000956_5;O000956;P0055;4;587.3;0.05;2231.74
OL000957_1;O000957;P0184;3;100.07;0;300.21
OL000957_2;O000957;P0423;2;403.13;0.2;645.01
OL000957_3;O000957;P0129;3;240.53;0;721.59
OL000958_1;O000958;P0357;6;499.59;0.05;2847.66
OL000958_2;O000958;P0186;5;402.12;0.2;1608.48
OL000958_3;O000958;P0238;2;464.22;0.05;882.02
OL000958_4;O000958;P0469;6;58.57;0;351.42
OL000959_1;O000959;P0450;2;255.68;0;511.36
OL000960_1;O000960;P0331;2;359.07;0.05;682.23
OL000960_2;O000960;P0049;6;10.53;0.2;50.54
OL000961_1;O000961;P0149;3;168.57;0;505.71
OL000961_2;O000961;P0152;5;768.81;0.05;3651.85
OL000961_3;O000961;P0080;6;645.43;0;3872.58
OL000962_1;O000962;P0141;1;705.31;0.2;564.25
OL000962_2;O000962;P0411;5;347.77;0.05;1651.91
OL000962_3;O000962;P0053;3;114.83;0.1;310.04
OL000962_4;O000962;P0180;2;515.85;0.2;825.36
OL000963_1;O000963;P0198;1;534.33;0;534.33
OL000963_2;O000963;P0014;6;732.38;0;4394.28
OL000964_1;O000964;P0292;3;168.25;0;504.75
OL000964_2;O000964;P0119;5;219.52;0.1;987.84
OL000965_1;O000965;P0151;1;107.86;0.1;97.07
OL000965_2;O000965;P0218;6;124.81;0;748.86
OL000966_1;O000966;P0196;4;395.62;0.2;1265.98
OL000966_2;O000966;P0131;6;301.83;0;1810.98
OL000966_3;O000966;P0260;4;193.08;0.05;733.7
OL000966_4;O000966;P0416;3;625.2;0;1875.6
OL000966_5;O000966;P0146;2;263.49;0.2;421.58
OL000967_1;O000967;P0312;3;783.63;0.1;2115.8
OL000967_2;O000967;P0432;6;789.16;0;4734.96
OL000967_3;O000967;P0128;5;242.69;0.1;1092.11
OL000968_1;O000968;P0391;5;426.17;0.2;1704.68
OL000969_1;O000969;P0234;1;162.08;0.1;145.87
OL000969_2;O000969;P0359;1;233.67;0.1;210.3
OL000969_3;O000969;P0359;6;233.67;0;1402.02
OL000970_1;O000970;P0053;3;114.83;0.1;310.04
OL000970_2;O000970;P0246;3;725.45;0.1;1958.72
OL000970_3;O000970;P0222;6;780.9;0.05;4451.13
OL000970_4;O000970;P0001;6;481.57;0.05;2744.95
OL000971_1;O000971;P0295;5;451.32;0.05;2143.77
OL000971_2;O000971;P0010;3;584.5;0.05;1665.82
OL000971_3;O000971;P0389;1;382.24;0.05;363.13
OL000971_4;O000971;P0401;4;119.48;0.1;430.13
OL000972_1;O000972;P0411;4;347.77;0;1391.08
OL000972_2;O000972;P0154;1;626.07;0;626.07
OL000972_3;O000972;P0170;1;715.35;0;715.35
OL000973_1;O000973;P0441;5;246.48;0;1232.4
OL000973_2;O000973;P0344;4;616.84;0;2467.36
OL000973_3;O000973;P0166;5;185.58;0.05;881.5
OL000973_4;O000973;P0114;1;588.56;0;588.56
OL000974_1;O000974;P0389;4;382.24;0;1528.96
OL000974_2;O000974;P0457;2;480.94;0.1;865.69
OL000974_3;O000974;P0168;4;500.32;0;2001.28
OL000974_4;O000974;P0027;2;284.86;0.1;512.75
OL000975_1;O000975;P0101;2;37.37;0.05;71.0
OL000975_2;O000975;P0226;6;112.75;0.1;608.85
OL000976_1;O000976;P0199;2;380.74;0.1;685.33
OL000976_2;O000976;P0228;5;67.58;0.05;321.0
OL000977_1;O000977;P0301;3;463.23;0;1389.69
OL000977_2;O000977;P0229;6;135.9;0.1;733.86
OL000978_1;O000978;P0158;5;182.39;0.1;820.75
OL000979_1;O000979;P0379;1;436.54;0.1;392.89
OL000979_2;O000979;P0191;4;716.68;0.05;2723.38
OL000979_3;O000979;P0372;5;248.45;0;1242.25
OL000980_1;O000980;P0017;6;474.99;0;2849.94
OL000980_2;O000980;P0442;1;711.54;0.05;675.96
OL000980_3;O000980;P0239;1;352.09;0.2;281.67
OL000980_4;O000980;P0378;1;189.11;0;189.11
OL000981_1;O000981;P0404;3;705.3;0.1;1904.31
OL000981_2;O000981;P0219;1;549.88;0.05;522.39
OL000981_3;O000981;P0374;3;119.34;0.1;322.22
OL000981_4;O000981;P0230;4;271.54;0;1086.16
OL000982_1;O000982;P0009;6;320.42;0.05;1826.39
OL000982_2;O000982;P0365;2;86.72;0.05;164.77
OL000982_3;O000982;P0207;3;659.25;0.2;1582.2
OL000982_4;O000982;P0301;3;463.23;0;1389.69
OL000982_5;O000982;P0270;6;141.41;0.2;678.77
OL000983_1;O000983;P0035;3;439.05;0;1317.15
OL000983_2;O000983;P0182;1;130.97;0;130.97
OL000984_1;O000984;P0234;3;162.08;0.05;461.93
OL000984_2;O000984;P0424;2;385.81;0;771.62
OL000984_3;O000984;P0097;3;304.07;0.2;729.77
OL000985_1;O000985;P0246;3;725.45;0;2176.35
OL000985_2;O000985;P0105;1;183.03;0;183.03
OL000985_3;O000985;P0471;3;260.11;0;780.33
OL000985_4;O000985;P0259;6;135.79;0;814.74
OL000986_1;O000986;P0268;3;388.26;0;1164.78
OL000986_2;O000986;P0470;2;367.85;0.2;588.56
OL000986_3;O000986;P0193;3;522.59;0.05;1489.38
OL000986_4;O000986;P0414;5;357.25;0;1786.25
OL000986_5;O000986;P0193;4;522.59;0.05;1985.84
OL000987_1;O000987;P0492;5;280.85;0;1404.25
OL000987_2;O000987;P0420;3;145.0;0.1;391.5
OL000988_1;O000988;P0089;1;216.18;0.2;172.94
OL000989_1;O000989;P0488;1;528.49;0.05;502.07
OL000990_1;O000990;P0156;6;484.9;0.05;2763.93
OL000990_2;O000990;P0164;4;385.83;0.1;1388.99
OL000990_3;O000990;P0380;6;797.92;0.1;4308.77
OL000990_4;O000990;P0122;6;552.86;0.05;3151.3
OL000990_5;O000990;P0167;3;472.6;0;1417.8
OL000991_1;O000991;P0470;6;367.85;0.1;1986.39
OL000992_1;O000992;P0078;6;732.02;0;4392.12
OL000992_2;O000992;P0325;4;60.4;0.05;229.52
OL000993_1;O000993;P0177;5;239.75;0;1198.75
OL000994_1;O000994;P0287;3;73.23;0.2;175.75
OL000994_2;O000994;P0253;6;375.65;0;2253.9
OL000994_3;O000994;P0131;2;301.83;0.2;482.93
OL000995_1;O000995;P0205;1;483.96;0.1;435.56
OL000995_2;O000995;P0023;3;157.25;0.2;377.4
OL000995_3;O000995;P0015;2;787.05;0;1574.1
OL000995_4;O000995;P0135;1;684.61;0.1;616.15
OL000995_5;O000995;P0401;3;119.48;0.05;340.52
OL000996_1;O000996;P0201;6;195.65;0.05;1115.2
OL000996_2;O000996;P0105;1;183.03;0;183.03
OL000996_3;O000996;P0462;4;388.14;0.05;1474.93
OL000996_4;O000996;P0322;3;525.88;0.1;1419.88
OL000997_1;O000997;P0214;6;710.29;0;4261.74
OL000998_1;O000998;P0463;1;91.32;0.2;73.06
OL000998_2;O000998;P0316;1;507.59;0;507.59
OL000998_3;O000998;P0261;1;635.25;0;635.25
OL000998_4;O000998;P0169;1;336.35;0.05;319.53
OL000999_1;O000999;P0491;3;148.57;0;445.71
OL001000_1;O001000;P0253;1;375.65;0.2;300.52
OL001000_2;O001000;P0131;5;301.83;0.2;1207.32
OL001000_3;O001000;P0207;6;659.25;0.2;3164.4
OL001000_4;O001000;P0384;4;349.75;0.05;1329.05
OL001001_1;O001001;P0192;2;326.61;0;653.22
OL001001_2;O001001;P0224;5;486.68;0.2;1946.72
OL001002_1;O001002;P0376;3;662.31;0.2;1589.54
OL001002_2;O001002;P0167;5;472.6;0.1;2126.7
OL001002_3;O001002;P0172;2;611.34;0;1222.68
OL001003_1;O001003;P0045;6;679.26;0;4075.56
OL001003_2;O001003;P0362;6;577.1;0.05;3289.47
OL001003_3;O001003;P0498;5;429.72;0.1;1933.74
OL001004_1;O001004;P0404;3;705.3;0;2115.9
OL001004_2;O001004;P0393;3;533.76;0.1;1441.15
OL001004_3;O001004;P0160;1;275.66;0.2;220.53
OL001005_1;O001005;P0429;1;719.05;0;719.05
OL001005_2;O001005;P0389;6;382.24;0.05;2178.77
OL001006_1;O001006;P0211;5;351.92;0;1759.6
OL001006_2;O001006;P0291;6;78.61;0.2;377.33
OL001006_3;O001006;P0393;3;533.76;0.1;1441.15
OL001006_4;O001006;P0336;6;199.25;0;1195.5
OL001007_1;O001007;P0407;5;553.63;0.1;2491.34
OL001007_2;O001007;P0205;6;483.96;0.1;2613.38
OL001007_3;O001007;P0054;3;790.64;0.05;2253.32
OL001008_1;O001008;P0323;3;751.63;0;2254.89
OL001009_1;O001009;P0088;1;513.4;0.05;487.73
OL001010_1;O001010;P0190;4;101.56;0.1;365.62
OL001010_2;O001010;P0329;5;443.35;0.05;2105.91
OL001010_3;O001010;P0148;6;570.56;0.1;3081.02
OL001010_4;O001010;P0002;4;76.91;0.2;246.11
OL001010_5;O001010;P0313;1;686.48;0.1;617.83
OL001011_1;O001011;P0310;2;494.34;0.05;939.25
OL001011_2;O001011;P0106;6;799.69;0;4798.14
OL001011_3;O001011;P0220;3;653.08;0.2;1567.39
OL001012_1;O001012;P0156;6;484.9;0.2;2327.52
OL001012_2;O001012;P0135;6;684.61;0;4107.66
OL001012_3;O001012;P0327;3;205.44;0;616.32
OL001013_1;O001013;P0250;4;162.86;0;651.44
OL001014_1;O001014;P0315;3;47.69;0;143.07
OL001014_2;O001014;P0340;1;193.92;0.05;184.22
OL001014_3;O001014;P0356;5;437.87;0.1;1970.41
OL001015_1;O001015;P0274;3;169.86;0.05;484.1
OL001015_2;O001015;P0240;2;498.5;0.2;797.6
OL001015_3;O001015;P0341;3;630.72;0;1892.16
OL001015_4;O001015;P0122;2;552.86;0.2;884.58
OL001016_1;O001016;P0396;3;397.05;0;1191.15
OL001016_2;O001016;P0398;2;653.74;0.1;1176.73
OL001016_3;O001016;P0086;2;778.32;0;1556.64
OL001016_4;O001016;P0380;6;797.92;0.05;4548.14
OL001016_5;O001016;P0228;1;67.58;0.05;64.2
OL001017_1;O001017;P0266;6;231.84;0;1391.04
OL001018_1;O001018;P0389;1;382.24;0.1;344.02
OL001019_1;O001019;P0057;6;523.52;0.05;2984.06
OL001019_2;O001019;P0297;2;608.4;0.2;973.44
OL001020_1;O001020;P0251;1;130.39;0.1;117.35
OL001021_1;O001021;P0467;3;100.32;0;300.96
OL001021_2;O001021;P0253;6;375.65;0.05;2141.2
OL001021_3;O001021;P0500;5;420.76;0;2103.8
OL001021_4;O001021;P0222;4;780.9;0;3123.6
OL001022_1;O001022;P0345;6;590.9;0;3545.4
OL001022_2;O001022;P0412;3;461.83;0.1;1246.94
OL001022_3;O001022;P0432;3;789.16;0.2;1893.98
OL001022_4;O001022;P0417;2;368.41;0.1;663.14
OL001023_1;O001023;P0054;1;790.64;0;790.64
OL001023_2;O001023;P0345;2;590.9;0;1181.8
OL001023_3;O001023;P0408;2;316.09;0;632.18
OL001023_4;O001023;P0136;6;787.65;0;4725.9
OL001023_5;O001023;P0166;2;185.58;0.1;334.04
OL001024_1;O001024;P0194;3;677.04;0;2031.12
OL001024_2;O001024;P0093;3;560.53;0.05;1597.51
OL001024_3;O001024;P0144;3;385.42;0;1156.26
OL001025_1;O001025;P0111;4;169.16;0.1;608.98
OL001025_2;O001025;P0263;3;307.56;0;922.68
OL001025_3;O001025;P0275;3;483.85;0.1;1306.4
OL001025_4;O001025;P0481;1;741.99;0.05;704.89
OL001025_5;O001025;P0196;6;395.62;0;2373.72
OL001026_1;O001026;P0247;4;163.52;0.05;621.38
OL001026_2;O001026;P0240;4;498.5;0;1994.0
OL001026_3;O001026;P0375;5;325.84;0;1629.2
OL001026_4;O001026;P0216;6;264.68;0.1;1429.27
OL001026_5;O001026;P0223;1;696.39;0.2;557.11
OL001027_1;O001027;P0145;5;675.85;0.2;2703.4
OL001028_1;O001028;P0408;4;316.09;0.05;1201.14
OL001028_2;O001028;P0315;4;47.69;0.1;171.68
OL001028_3;O001028;P0153;1;554.19;0.2;443.35
OL001029_1;O001029;P0331;1;359.07;0;359.07
OL001029_2;O001029;P0153;2;554.19;0.05;1052.96
OL001029_3;O001029;P0417;6;368.41;0;2210.46
OL001029_4;O001029;P0362;5;577.1;0.1;2596.95
OL001030_1;O001030;P0142;2;383.71;0;767.42
OL001030_2;O001030;P0492;3;280.85;0;842.55
OL001030_3;O001030;P0035;5;439.05;0;2195.25
OL001030_4;O001030;P0327;4;205.44;0;821.76
OL001031_1;O001031;P0264;1;726.72;0;726.72
OL001031_2;O001031;P0443;5;306.44;0;1532.2
OL001031_3;O001031;P0102;3;79.3;0.2;190.32
OL001032_1;O001032;P0194;5;677.04;0;3385.2
OL001032_2;O001032;P0396;6;397.05;0.05;2263.18
OL001032_3;O001032;P0063;1;479.2;0;479.2
OL001033_1;O001033;P0174;5;431.69;0.1;1942.6
OL001033_2;O001033;P0052;4;606.63;0.1;2183.87
OL001034_1;O001034;P0494;4;590.15;0.05;2242.57
OL001035_1;O001035;P0440;1;714.73;0;714.73
OL001035_2;O001035;P0199;3;380.74;0;1142.22
OL001035_3;O001035;P0159;3;773.52;0.2;1856.45
OL001035_4;O001035;P0410;6;62.25;0.1;336.15
OL001036_1;O001036;P0459;3;255.21;0.05;727.35
OL001036_2;O001036;P0060;1;519.25;0.05;493.29
OL001036_3;O001036;P0278;3;115.77;0.2;277.85
OL001036_4;O001036;P0440;1;714.73;0.2;571.78
OL001037_1;O001037;P0457;3;480.94;0.2;1154.26
OL001037_2;O001037;P0368;3;408.71;0.1;1103.52
OL001037_3;O001037;P0212;1;529.44;0;529.44
OL001037_4;O001037;P0056;1;621.03;0.1;558.93
OL001037_5;O001037;P0489;5;70.72;0.1;318.24
OL001038_1;O001038;P0152;5;768.81;0.05;3651.85
OL001038_2;O001038;P0138;6;449.53;0;2697.18
OL001039_1;O001039;P0035;2;439.05;0.2;702.48
OL001039_2;O001039;P0068;4;170.53;0.2;545.7
OL001039_3;O001039;P0244;1;18.81;0.2;15.05
OL001039_4;O001039;P0393;4;533.76;0.1;1921.54
OL001040_1;O001040;P0029;4;557.81;0;2231.24
OL001041_1;O001041;P0316;5;507.59;0;2537.95
OL001041_2;O001041;P0130;3;716.95;0.1;1935.77
OL001042_1;O001042;P0157;1;570.4;0;570.4
OL001042_2;O001042;P0259;3;135.79;0;407.37
OL001042_3;O001042;P0247;6;163.52;0;981.12
OL001042_4;O001042;P0017;4;474.99;0.05;1804.96
OL001042_5;O001042;P0130;5;716.95;0.2;2867.8
OL001043_1;O001043;P0166;2;185.58;0.1;334.04
OL001044_1;O001044;P0487;2;584.31;0;1168.62
OL001044_2;O001044;P0063;2;479.2;0;958.4
OL001044_3;O001044;P0470;4;367.85;0;1471.4
OL001044_4;O001044;P0462;1;388.14;0.2;310.51
OL001044_5;O001044;P0497;6;19.37;0.05;110.41
OL001045_1;O001045;P0413;3;204.12;0.2;489.89
OL001045_2;O001045;P0186;4;402.12;0;1608.48
OL001046_1;O001046;P0041;6;694.97;0;4169.82
OL001046_2;O001046;P0092;5;376.04;0.1;1692.18
OL001046_3;O001046;P0160;3;275.66;0;826.98
OL001047_1;O001047;P0338;6;501.98;0;3011.88
OL001047_2;O001047;P0029;3;557.81;0.1;1506.09
OL001048_1;O001048;P0118;6;198.02;0.1;1069.31
OL001049_1;O001049;P0443;3;306.44;0.05;873.35
OL001050_1;O001050;P0370;1;454.88;0.2;363.9
OL001051_1;O001051;P0361;2;88.02;0.2;140.83
OL001051_2;O001051;P0231;1;283.35;0.05;269.18
OL001052_1;O001052;P0411;5;347.77;0.1;1564.96
OL001052_2;O001052;P0043;3;306.39;0.2;735.34
OL001053_1;O001053;P0067;3;433.89;0.2;1041.34
OL001053_2;O001053;P0041;5;694.97;0.2;2779.88
OL001053_3;O001053;P0122;6;552.86;0;3317.16
OL001053_4;O001053;P0092;3;376.04;0.2;902.5
OL001054_1;O001054;P0441;3;246.48;0.2;591.55
OL001054_2;O001054;P0460;4;497.38;0.2;1591.62
OL001054_3;O001054;P0254;2;489.24;0.2;782.78
OL001055_1;O001055;P0391;2;426.17;0.05;809.72
OL001056_1;O001056;P0248;2;540.63;0.1;973.13
OL001056_2;O001056;P0213;2;771.24;0.05;1465.36
OL001056_3;O001056;P0451;2;615.28;0.1;1107.5
OL001057_1;O001057;P0468;1;765.15;0.05;726.89
OL001058_1;O001058;P0450;1;255.68;0;255.68
OL001059_1;O001059;P0316;4;507.59;0.1;1827.32
OL001059_2;O001059;P0467;6;100.32;0.1;541.73
OL001059_3;O001059;P0404;4;705.3;0;2821.2
OL001060_1;O001060;P0310;5;494.34;0;2471.7
OL001060_2;O001060;P0295;1;451.32;0;451.32
OL001061_1;O001061;P0366;3;460.32;0;1380.96
OL001062_1;O001062;P0351;5;635.26;0.1;2858.67
OL001062_2;O001062;P0301;1;463.23;0.05;440.07
OL001063_1;O001063;P0127;1;461.7;0.1;415.53
OL001063_2;O001063;P0120;3;48.04;0.05;136.91
OL001064_1;O001064;P0192;2;326.61;0.1;587.9
OL001064_2;O001064;P0081;1;621.09;0;621.09
OL001064_3;O001064;P0118;3;198.02;0;594.06
OL001064_4;O001064;P0166;1;185.58;0.1;167.02
OL001064_5;O001064;P0025;2;604.34;0;1208.68
OL001065_1;O001065;P0459;6;255.21;0.05;1454.7
OL001065_2;O001065;P0485;3;18.52;0.1;50.0
OL001066_1;O001066;P0433;2;502.36;0.05;954.48
OL001067_1;O001067;P0458;4;539.99;0.1;1943.96
OL001068_1;O001068;P0122;3;552.86;0;1658.58
OL001068_2;O001068;P0005;1;164.48;0.1;148.03
OL001068_3;O001068;P0224;1;486.68;0.05;462.35
OL001068_4;O001068;P0022;3;271.48;0;814.44
OL001069_1;O001069;P0470;3;367.85;0.1;993.2
OL001070_1;O001070;P0337;1;154.1;0.1;138.69
OL001070_2;O001070;P0481;2;741.99;0.2;1187.18
OL001070_3;O001070;P0268;1;388.26;0.1;349.43
OL001070_4;O001070;P0496;5;549.97;0.1;2474.87
OL001071_1;O001071;P0389;2;382.24;0.1;688.03
OL001071_2;O001071;P0246;2;725.45;0.2;1160.72
OL001071_3;O001071;P0018;1;737.23;0.1;663.51
OL001071_4;O001071;P0487;2;584.31;0.1;1051.76
OL001071_5;O001071;P0081;1;621.09;0.2;496.87
OL001072_1;O001072;P0026;4;100.02;0.2;320.06
OL001072_2;O001072;P0228;5;67.58;0.2;270.32
OL001073_1;O001073;P0484;4;383.24;0.1;1379.66
OL001074_1;O001074;P0107;3;654.87;0;1964.61
OL001074_2;O001074;P0475;1;176.86;0.2;141.49
OL001074_3;O001074;P0025;6;604.34;0.1;3263.44
OL001074_4;O001074;P0108;5;478.09;0;2390.45
OL001075_1;O001075;P0247;1;163.52;0.2;130.82
OL001075_2;O001075;P0401;2;119.48;0.1;215.06
OL001075_3;O001075;P0056;3;621.03;0.05;1769.94
OL001075_4;O001075;P0281;4;524.74;0;2098.96
OL001075_5;O001075;P0007;1;263.33;0;263.33
OL001076_1;O001076;P0341;5;630.72;0.2;2522.88
OL001077_1;O001077;P0128;5;242.69;0;1213.45
OL001077_2;O001077;P0396;6;397.05;0;2382.3
OL001077_3;O001077;P0015;1;787.05;0.2;629.64
OL001078_1;O001078;P0263;5;307.56;0.1;1384.02
OL001078_2;O001078;P0355;2;666.77;0.05;1266.86
OL001079_1;O001079;P0020;3;367.43;0.1;992.06
OL001079_2;O001079;P0381;4;126.93;0.1;456.95
OL001079_3;O001079;P0437;1;63.59;0;63.59
OL001080_1;O001080;P0411;1;347.77;0;347.77
OL001080_2;O001080;P0112;5;126.69;0;633.45
OL001080_3;O001080;P0250;5;162.86;0.2;651.44
OL001080_4;O001080;P0151;3;107.86;0.1;291.22
OL001080_5;O001080;P0326;5;796.85;0;3984.25
OL001081_1;O001081;P0075;2;688.89;0.05;1308.89
OL001082_1;O001082;P0357;2;499.59;0.1;899.26
OL001083_1;O001083;P0427;6;339.4;0;2036.4
OL001083_2;O001083;P0426;1;285.73;0.2;228.58
OL001083_3;O001083;P0412;5;461.83;0;2309.15
OL001083_4;O001083;P0376;3;662.31;0.1;1788.24
OL001083_5;O001083;P0490;6;213.0;0.2;1022.4
OL001084_1;O001084;P0325;1;60.4;0.05;57.38
OL001084_2;O001084;P0005;3;164.48;0;493.44
OL001084_3;O001084;P0358;6;435.78;0;2614.68
OL001084_4;O001084;P0081;3;621.09;0;1863.27
OL001084_5;O001084;P0228;5;67.58;0;337.9
OL001085_1;O001085;P0102;1;79.3;0.05;75.33
OL001086_1;O001086;P0114;2;588.56;0.1;1059.41
OL001087_1;O001087;P0003;4;222.04;0;888.16
OL001088_1;O001088;P0309;4;494.09;0.05;1877.54
OL001088_2;O001088;P0152;4;768.81;0;3075.24
OL001088_3;O001088;P0085;3;584.5;0;1753.5
OL001088_4;O001088;P0203;1;443.79;0.1;399.41
OL001088_5;O001088;P0477;3;66.68;0;200.04
OL001089_1;O001089;P0472;4;789.27;0.1;2841.37
OL001090_1;O001090;P0427;1;339.4;0;339.4
OL001090_2;O001090;P0143;5;557.99;0;2789.95
OL001090_3;O001090;P0088;1;513.4;0.05;487.73
OL001090_4;O001090;P0147;3;331.66;0;994.98
OL001091_1;O001091;P0192;2;326.61;0;653.22
OL001091_2;O001091;P0291;1;78.61;0.1;70.75
OL001091_3;O001091;P0398;6;653.74;0;3922.44
OL001092_1;O001092;P0369;4;797.51;0;3190.04
OL001092_2;O001092;P0491;6;148.57;0.2;713.14
OL001093_1;O001093;P0406;6;488.43;0.2;2344.46
OL001093_2;O001093;P0422;3;152.75;0.2;366.6
OL001094_1;O001094;P0470;5;367.85;0.1;1655.33
OL001094_2;O001094;P0226;1;112.75;0.1;101.48
OL001094_3;O001094;P0004;3;392.54;0.05;1118.74
OL001094_4;O001094;P0287;6;73.23;0;439.38
OL001095_1;O001095;P0385;3;263.38;0.1;711.13
OL001095_2;O001095;P0155;4;333.51;0;1334.04
OL001095_3;O001095;P0420;5;145.0;0.2;580.0
OL001096_1;O001096;P0371;5;323.7;0.1;1456.65
OL001097_1;O001097;P0402;1;349.75;0;349.75
OL001098_1;O001098;P0438;2;582.27;0;1164.54
OL001099_1;O001099;P0066;2;324.4;0;648.8
OL001099_2;O001099;P0038;1;690.23;0.05;655.72
OL001099_3;O001099;P0341;3;630.72;0.2;1513.73
OL001099_4;O001099;P0064;4;459.02;0.1;1652.47
OL001100_1;O001100;P0211;2;351.92;0;703.84
OL001101_1;O001101;P0260;2;193.08;0.05;366.85
OL001101_2;O001101;P0468;6;765.15;0.2;3672.72
OL001101_3;O001101;P0303;1;291.26;0.1;262.13
OL001101_4;O001101;P0434;4;193.85;0.1;697.86
OL001102_1;O001102;P0413;4;204.12;0;816.48
OL001102_2;O001102;P0090;4;69.0;0.2;220.8
OL001102_3;O001102;P0124;4;69.25;0.2;221.6
OL001102_4;O001102;P0134;5;433.06;0.2;1732.24
OL001103_1;O001103;P0223;5;696.39;0;3481.95
OL001103_2;O001103;P0447;1;391.3;0;391.3
OL001103_3;O001103;P0159;2;773.52;0;1547.04
OL001103_4;O001103;P0024;4;365.16;0.05;1387.61
OL001103_5;O001103;P0013;5;326.64;0.2;1306.56
OL001104_1;O001104;P0009;6;320.42;0.05;1826.39
OL001104_2;O001104;P0489;4;70.72;0;282.88
OL001105_1;O001105;P0177;6;239.75;0.2;1150.8
OL001105_2;O001105;P0302;5;201.22;0.1;905.49
OL001105_3;O001105;P0240;2;498.5;0.1;897.3
OL001106_1;O001106;P0038;1;690.23;0.1;621.21
OL001107_1;O001107;P0106;2;799.69;0;1599.38
OL001107_2;O001107;P0408;1;316.09;0.2;252.87
OL001108_1;O001108;P0088;6;513.4;0.1;2772.36
OL001109_1;O001109;P0241;3;631.64;0;1894.92
OL001109_2;O001109;P0224;6;486.68;0;2920.08
OL001109_3;O001109;P0251;5;130.39;0.1;586.75
OL001109_4;O001109;P0391;2;426.17;0.1;767.11
OL001109_5;O001109;P0168;1;500.32;0;500.32
OL001110_1;O001110;P0220;2;653.08;0;1306.16
OL001110_2;O001110;P0354;1;397.17;0;397.17
OL001111_1;O001111;P0102;4;79.3;0.05;301.34
OL001111_2;O001111;P0414;2;357.25;0.2;571.6
OL001111_3;O001111;P0059;4;107.29;0.2;343.33
OL001112_1;O001112;P0440;1;714.73;0.05;678.99
OL001112_2;O001112;P0192;3;326.61;0.05;930.84
OL001113_1;O001113;P0485;4;18.52;0;74.08
OL001113_2;O001113;P0265;1;15.21;0.2;12.17
OL001113_3;O001113;P0067;3;433.89;0;1301.67
OL001113_4;O001113;P0061;3;489.47;0;1468.41
OL001113_5;O001113;P0163;1;592.02;0.2;473.62
OL001114_1;O001114;P0479;1;502.37;0.05;477.25
OL001114_2;O001114;P0258;5;297.45;0;1487.25
OL001114_3;O001114;P0234;6;162.08;0.1;875.23
OL001114_4;O001114;P0326;3;796.85;0;2390.55
OL001114_5;O001114;P0180;3;515.85;0;1547.55
OL001115_1;O001115;P0164;5;385.83;0.1;1736.23
OL001115_2;O001115;P0428;2;454.12;0.1;817.42
OL001115_3;O001115;P0229;6;135.9;0.2;652.32
OL001116_1;O001116;P0004;6;392.54;0.2;1884.19
OL001116_2;O001116;P0242;1;659.48;0.2;527.58
OL001116_3;O001116;P0222;1;780.9;0.05;741.85
OL001116_4;O001116;P0424;2;385.81;0;771.62
OL001116_5;O001116;P0312;2;783.63;0.05;1488.9
OL001117_1;O001117;P0055;6;587.3;0;3523.8
OL001118_1;O001118;P0001;5;481.57;0.2;1926.28
OL001118_2;O001118;P0457;3;480.94;0.2;1154.26
OL001118_3;O001118;P0293;4;451.7;0;1806.8
OL001118_4;O001118;P0409;1;613.99;0.05;583.29
OL001119_1;O001119;P0067;6;433.89;0.2;2082.67
OL001120_1;O001120;P0065;4;63.35;0;253.4
OL001120_2;O001120;P0325;3;60.4;0.1;163.08
OL001120_3;O001120;P0479;1;502.37;0;502.37
OL001120_4;O001120;P0109;5;759.21;0.1;3416.45
OL001120_5;O001120;P0384;5;349.75;0.2;1399.0
OL001121_1;O001121;P0027;6;284.86;0.2;1367.33
OL001121_2;O001121;P0005;6;164.48;0;986.88
OL001122_1;O001122;P0232;4;639.0;0.2;2044.8
OL001123_1;O001123;P0480;6;345.57;0.05;1969.75
OL001124_1;O001124;P0231;5;283.35;0;1416.75
OL001124_2;O001124;P0473;6;774.64;0.1;4183.06
OL001124_3;O001124;P0169;4;336.35;0.2;1076.32
OL001125_1;O001125;P0329;6;443.35;0;2660.1
OL001126_1;O001126;P0067;5;433.89;0.05;2060.98
OL001126_2;O001126;P0350;1;404.94;0;404.94
OL001126_3;O001126;P0115;1;743.79;0;743.79
OL001127_1;O001127;P0126;3;160.09;0.1;432.24
OL001127_2;O001127;P0250;1;162.86;0.05;154.72
OL001128_1;O001128;P0241;3;631.64;0;1894.92
OL001129_1;O001129;P0245;6;434.35;0;2606.1
OL001129_2;O001129;P0432;4;789.16;0.05;2998.81
OL001130_1;O001130;P0190;3;101.56;0.05;289.45
OL001130_2;O001130;P0298;3;312.31;0;936.93
OL001130_3;O001130;P0065;4;63.35;0;253.4
OL001131_1;O001131;P0019;1;629.57;0.2;503.66
OL001131_2;O001131;P0092;6;376.04;0;2256.24
OL001131_3;O001131;P0205;5;483.96;0.1;2177.82
OL001131_4;O001131;P0370;6;454.88;0;2729.28
OL001132_1;O001132;P0020;4;367.43;0.1;1322.75
OL001132_2;O001132;P0013;6;326.64;0;1959.84
OL001132_3;O001132;P0490;3;213.0;0;639.0
OL001132_4;O001132;P0089;1;216.18;0;216.18
OL001132_5;O001132;P0107;5;654.87;0;3274.35
OL001133_1;O001133;P0302;6;201.22;0;1207.32
OL001133_2;O001133;P0380;5;797.92;0;3989.6
OL001134_1;O001134;P0262;2;522.33;0.1;940.19
OL001134_2;O001134;P0228;6;67.58;0.05;385.21
OL001135_1;O001135;P0082;6;168.53;0.2;808.94
OL001135_2;O001135;P0426;6;285.73;0;1714.38
OL001136_1;O001136;P0214;6;710.29;0;4261.74
OL001136_2;O001136;P0332;4;423.42;0.05;1609.0
OL001136_3;O001136;P0226;2;112.75;0.05;214.22
OL001136_4;O001136;P0470;3;367.85;0;1103.55
OL001136_5;O001136;P0186;4;402.12;0;1608.48
OL001137_1;O001137;P0073;5;103.26;0.2;413.04
OL001138_1;O001138;P0132;1;671.29;0.1;604.16
OL001138_2;O001138;P0014;1;732.38;0.05;695.76
OL001138_3;O001138;P0101;4;37.37;0;149.48
OL001138_4;O001138;P0331;5;359.07;0.1;1615.82
OL001139_1;O001139;P0069;5;355.61;0.05;1689.15
OL001139_2;O001139;P0122;3;552.86;0.05;1575.65
OL001139_3;O001139;P0043;4;306.39;0;1225.56
OL001140_1;O001140;P0188;2;581.63;0;1163.26
OL001141_1;O001141;P0359;2;233.67;0.05;443.97
OL001141_2;O001141;P0212;1;529.44;0;529.44
OL001141_3;O001141;P0168;1;500.32;0;500.32
OL001141_4;O001141;P0018;5;737.23;0;3686.15
OL001142_1;O001142;P0090;1;69.0;0;69.0
OL001142_2;O001142;P0007;6;263.33;0;1579.98
OL001142_3;O001142;P0318;4;546.87;0.05;2078.11
OL001142_4;O001142;P0464;5;326.65;0.2;1306.6
OL001142_5;O001142;P0243;3;318.88;0.1;860.98
OL001143_1;O001143;P0391;6;426.17;0.05;2429.17
OL001143_2;O001143;P0343;6;381.42;0;2288.52
OL001143_3;O001143;P0029;3;557.81;0;1673.43
OL001143_4;O001143;P0208;3;744.87;0;2234.61
OL001143_5;O001143;P0179;6;27.31;0;163.86
OL001144_1;O001144;P0230;4;271.54;0.2;868.93
OL001144_2;O001144;P0059;6;107.29;0.1;579.37
OL001144_3;O001144;P0393;1;533.76;0.2;427.01
OL001144_4;O001144;P0164;3;385.83;0.1;1041.74
OL001144_5;O001144;P0393;1;533.76;0.1;480.38
OL001145_1;O001145;P0258;4;297.45;0;1189.8
OL001145_2;O001145;P0146;6;263.49;0;1580.94
OL001145_3;O001145;P0346;3;135.3;0.1;365.31
OL001146_1;O001146;P0467;6;100.32;0.2;481.54
OL001147_1;O001147;P0061;5;489.47;0;2447.35
OL001147_2;O001147;P0027;6;284.86;0.1;1538.24
OL001147_3;O001147;P0371;6;323.7;0;1942.2
OL001147_4;O001147;P0334;3;481.63;0.2;1155.91
OL001148_1;O001148;P0472;5;789.27;0;3946.35
OL001148_2;O001148;P0368;5;408.71;0;2043.55
OL001148_3;O001148;P0496;1;549.97;0.05;522.47
OL001148_4;O001148;P0241;6;631.64;0.05;3600.35
OL001149_1;O001149;P0042;3;611.56;0.1;1651.21
OL001149_2;O001149;P0041;4;694.97;0;2779.88
OL001150_1;O001150;P0302;5;201.22;0.2;804.88
OL001150_2;O001150;P0237;4;39.93;0.05;151.73
OL001150_3;O001150;P0151;3;107.86;0.05;307.4
OL001150_4;O001150;P0263;3;307.56;0.1;830.41
OL001151_1;O001151;P0171;6;395.19;0;2371.14
OL001151_2;O001151;P0358;5;435.78;0;2178.9
OL001151_3;O001151;P0129;4;240.53;0;962.12
OL001151_4;O001151;P0265;5;15.21;0;76.05
OL001152_1;O001152;P0070;6;493.71;0;2962.26
OL001152_2;O001152;P0360;2;44.58;0;89.16
OL001152_3;O001152;P0495;4;376.57;0;1506.28
OL001152_4;O001152;P0337;4;154.1;0.05;585.58
OL001153_1;O001153;P0414;6;357.25;0.1;1929.15
OL001153_2;O001153;P0035;5;439.05;0.1;1975.73
OL001154_1;O001154;P0286;4;660.37;0.2;2113.18
OL001154_2;O001154;P0389;1;382.24;0.1;344.02
OL001155_1;O001155;P0085;6;584.5;0.2;2805.6
OL001156_1;O001156;P0473;6;774.64;0.2;3718.27
OL001156_2;O001156;P0270;3;141.41;0;424.23
OL001156_3;O001156;P0275;5;483.85;0;2419.25
OL001156_4;O001156;P0355;5;666.77;0.05;3167.16
OL001156_5;O001156;P0230;1;271.54;0.05;257.96
OL001157_1;O001157;P0470;1;367.85;0;367.85
OL001157_2;O001157;P0445;4;197.74;0.1;711.86
OL001158_1;O001158;P0237;6;39.93;0.1;215.62
OL001158_2;O001158;P0015;6;787.05;0;4722.3
OL001158_3;O001158;P0077;1;382.69;0.2;306.15
OL001158_4;O001158;P0468;4;765.15;0.1;2754.54
OL001158_5;O001158;P0288;2;771.19;0.05;1465.26
OL001159_1;O001159;P0457;4;480.94;0;1923.76
OL001159_2;O001159;P0099;6;50.0;0;300.0
OL001159_3;O001159;P0440;4;714.73;0.1;2573.03
OL001160_1;O001160;P0088;5;513.4;0.05;2438.65
OL001160_2;O001160;P0418;4;726.66;0;2906.64
OL001161_1;O001161;P0457;4;480.94;0;1923.76
OL001161_2;O001161;P0151;1;107.86;0;107.86
OL001161_3;O001161;P0213;4;771.24;0.2;2467.97
OL001161_4;O001161;P0276;1;436.04;0.05;414.24
OL001162_1;O001162;P0383;6;166.51;0.1;899.15
OL001162_2;O001162;P0256;6;439.34;0;2636.04
OL001162_3;O001162;P0107;2;654.87;0;1309.74
OL001163_1;O001163;P0482;3;99.4;0.2;238.56
OL001163_2;O001163;P0431;5;493.52;0.05;2344.22
OL001163_3;O001163;P0491;2;148.57;0.1;267.43
OL001164_1;O001164;P0124;6;69.25;0.2;332.4
OL001165_1;O001165;P0485;1;18.52;0.05;17.59
OL001166_1;O001166;P0164;4;385.83;0.05;1466.15
OL001167_1;O001167;P0460;6;497.38;0;2984.28
OL001167_2;O001167;P0353;6;116.44;0.1;628.78
OL001167_3;O001167;P0069;5;355.61;0;1778.05
OL001168_1;O001168;P0483;4;787.1;0.2;2518.72
OL001169_1;O001169;P0077;1;382.69;0;382.69
OL001169_2;O001169;P0021;6;281.03;0;1686.18
OL001169_3;O001169;P0243;6;318.88;0.1;1721.95
OL001170_1;O001170;P0450;3;255.68;0;767.04
OL001170_2;O001170;P0378;6;189.11;0;1134.66
OL001170_3;O001170;P0299;2;17.68;0.1;31.82
OL001171_1;O001171;P0032;6;313.32;0;1879.92
OL001171_2;O001171;P0145;4;675.85;0.2;2162.72
OL001171_3;O001171;P0468;3;765.15;0;2295.45
OL001171_4;O001171;P0070;6;493.71;0;2962.26
OL001171_5;O001171;P0463;2;91.32;0.05;173.51
OL001172_1;O001172;P0222;6;780.9;0;4685.4
OL001172_2;O001172;P0457;4;480.94;0.1;1731.38
OL001172_3;O001172;P0280;4;15.68;0;62.72
OL001172_4;O001172;P0096;4;120.44;0;481.76
OL001172_5;O001172;P0149;2;168.57;0;337.14
OL001173_1;O001173;P0487;5;584.31;0;2921.55
OL001173_2;O001173;P0285;5;411.59;0.2;1646.36
OL001173_3;O001173;P0365;1;86.72;0.2;69.38
OL001173_4;O001173;P0195;6;153.2;0.1;827.28
OL001173_5;O001173;P0155;3;333.51;0;1000.53
OL001174_1;O001174;P0120;4;48.04;0.1;172.94
OL001174_2;O001174;P0251;1;130.39;0.05;123.87
OL001175_1;O001175;P0058;2;496.7;0;993.4
OL001176_1;O001176;P0030;6;394.47;0.1;2130.14
OL001176_2;O001176;P0233;3;418.33;0;1254.99
OL001176_3;O001176;P0184;6;100.07;0.1;540.38
OL001177_1;O001177;P0500;1;420.76;0;420.76
OL001177_2;O001177;P0389;5;382.24;0.2;1528.96
OL001177_3;O001177;P0195;2;153.2;0;306.4
OL001177_4;O001177;P0218;4;124.81;0.1;449.32
OL001178_1;O001178;P0401;1;119.48;0.2;95.58
OL001179_1;O001179;P0151;3;107.86;0.2;258.86
OL001179_2;O001179;P0356;5;437.87;0.2;1751.48
OL001179_3;O001179;P0099;5;50.0;0;250.0
OL001179_4;O001179;P0125;4;526.37;0.05;2000.21
OL001180_1;O001180;P0458;5;539.99;0.1;2429.95
OL001181_1;O001181;P0075;2;688.89;0.2;1102.22
OL001181_2;O001181;P0009;1;320.42;0.05;304.4
OL001182_1;O001182;P0393;1;533.76;0;533.76
OL001182_2;O001182;P0020;4;367.43;0;1469.72
OL001182_3;O001182;P0055;4;587.3;0.05;2231.74
OL001182_4;O001182;P0177;2;239.75;0.2;383.6
OL001183_1;O001183;P0058;6;496.7;0.05;2831.19
OL001183_2;O001183;P0365;2;86.72;0.1;156.1
OL001183_3;O001183;P0457;1;480.94;0;480.94
OL001183_4;O001183;P0213;5;771.24;0.1;3470.58
OL001183_5;O001183;P0061;1;489.47;0.05;465.0
OL001184_1;O001184;P0257;2;475.78;0.1;856.4
OL001184_2;O001184;P0260;3;193.08;0;579.24
OL001184_3;O001184;P0256;4;439.34;0;1757.36
OL001184_4;O001184;P0137;1;549.67;0;549.67
OL001185_1;O001185;P0330;2;515.43;0;1030.86
OL001185_2;O001185;P0255;2;714.76;0;1429.52
OL001185_3;O001185;P0496;5;549.97;0.1;2474.87
OL001185_4;O001185;P0410;5;62.25;0.1;280.12
OL001186_1;O001186;P0011;5;638.57;0;3192.85
OL001186_2;O001186;P0133;1;337.05;0.2;269.64
OL001186_3;O001186;P0294;1;369.26;0.1;332.33
OL001186_4;O001186;P0350;3;404.94;0;1214.82
OL001187_1;O001187;P0417;4;368.41;0;1473.64
OL001187_2;O001187;P0008;6;240.24;0.1;1297.3
OL001187_3;O001187;P0089;4;216.18;0.2;691.78
OL001187_4;O001187;P0170;6;715.35;0.2;3433.68
OL001188_1;O001188;P0433;4;502.36;0;2009.44
OL001188_2;O001188;P0244;3;18.81;0;56.43
OL001188_3;O001188;P0257;1;475.78;0;475.78
OL001189_1;O001189;P0117;2;485.89;0.1;874.6
OL001189_2;O001189;P0143;6;557.99;0.2;2678.35
OL001189_3;O001189;P0311;4;604.23;0;2416.92
OL001189_4;O001189;P0352;6;607.79;0;3646.74
OL001189_5;O001189;P0028;1;540.97;0.1;486.87
OL001190_1;O001190;P0358;3;435.78;0;1307.34
OL001191_1;O001191;P0294;5;369.26;0;1846.3
OL001191_2;O001191;P0338;2;501.98;0;1003.96
OL001191_3;O001191;P0471;2;260.11;0.1;468.2
OL001191_4;O001191;P0454;3;261.6;0.1;706.32
OL001192_1;O001192;P0405;5;158.47;0.05;752.73
OL001192_2;O001192;P0038;6;690.23;0;4141.38
OL001192_3;O001192;P0250;6;162.86;0.2;781.73
OL001192_4;O001192;P0062;1;637.08;0.1;573.37
OL001192_5;O001192;P0062;1;637.08;0.05;605.23
OL001193_1;O001193;P0448;4;423.67;0;1694.68
OL001193_2;O001193;P0492;6;280.85;0.2;1348.08
OL001193_3;O001193;P0470;5;367.85;0.05;1747.29
OL001194_1;O001194;P0172;1;611.34;0;611.34
OL001194_2;O001194;P0045;6;679.26;0.2;3260.45
OL001195_1;O001195;P0425;5;706.91;0.05;3357.82
OL001195_2;O001195;P0236;1;664.71;0.1;598.24
OL001196_1;O001196;P0250;5;162.86;0;814.3
OL001196_2;O001196;P0271;6;181.11;0.2;869.33
OL001197_1;O001197;P0277;4;348.88;0.1;1255.97
OL001197_2;O001197;P0479;6;502.37;0;3014.22
OL001197_3;O001197;P0316;4;507.59;0.05;1928.84
OL001198_1;O001198;P0139;4;502.22;0.1;1807.99
OL001198_2;O001198;P0296;3;702.13;0;2106.39
OL001198_3;O001198;P0440;1;714.73;0;714.73
OL001198_4;O001198;P0158;3;182.39;0;547.17
OL001198_5;O001198;P0387;2;305.32;0;610.64
OL001199_1;O001199;P0237;3;39.93;0;119.79
OL001200_1;O001200;P0103;4;795.33;0.2;2545.06
OL001200_2;O001200;P0304;1;613.75;0;613.75
OL001200_3;O001200;P0369;3;797.51;0;2392.53
OL001200_4;O001200;P0205;6;483.96;0.1;2613.38
OL001200_5;O001200;P0308;2;554.48;0;1108.96
OL001201_1;O001201;P0255;6;714.76;0;4288.56
OL001201_2;O001201;P0096;3;120.44;0.2;289.06
OL001202_1;O001202;P0137;2;549.67;0;1099.34
OL001203_1;O001203;P0138;4;449.53;0;1798.12
OL001204_1;O001204;P0158;3;182.39;0;547.17
OL001204_2;O001204;P0050;3;746.85;0.1;2016.5
OL001204_3;O001204;P0341;6;630.72;0.2;3027.46
OL001205_1;O001205;P0372;2;248.45;0.2;397.52
OL001205_2;O001205;P0285;2;411.59;0.2;658.54
OL001205_3;O001205;P0020;2;367.43;0.2;587.89
OL001206_1;O001206;P0400;1;346.91;0;346.91
OL001206_2;O001206;P0066;3;324.4;0;973.2
OL001206_3;O001206;P0203;4;443.79;0.1;1597.64
OL001207_1;O001207;P0348;5;142.21;0.1;639.95
OL001207_2;O001207;P0127;2;461.7;0.2;738.72
OL001207_3;O001207;P0299;3;17.68;0.2;42.43
OL001207_4;O001207;P0046;6;324.2;0;1945.2
OL001207_5;O001207;P0119;5;219.52;0.05;1042.72
OL001208_1;O001208;P0117;5;485.89;0.2;1943.56
OL001208_2;O001208;P0132;5;671.29;0.05;3188.63
OL001208_3;O001208;P0470;5;367.85;0.05;1747.29
OL001208_4;O001208;P0004;2;392.54;0.2;628.06
OL001209_1;O001209;P0377;4;626.3;0;2505.2
OL001209_2;O001209;P0195;6;153.2;0.1;827.28
OL001210_1;O001210;P0219;6;549.88;0.1;2969.35
OL001211_1;O001211;P0341;4;630.72;0.2;2018.3
OL001211_2;O001211;P0183;5;223.28;0.05;1060.58
OL001212_1;O001212;P0056;1;621.03;0.05;589.98
OL001212_2;O001212;P0180;4;515.85;0;2063.4
OL001212_3;O001212;P0367;3;372.39;0.1;1005.45
OL001212_4;O001212;P0223;5;696.39;0.05;3307.85
OL001212_5;O001212;P0131;4;301.83;0;1207.32
OL001213_1;O001213;P0284;2;324.52;0.1;584.14
OL001214_1;O001214;P0021;4;281.03;0;1124.12
OL001214_2;O001214;P0383;3;166.51;0;499.53
OL001214_3;O001214;P0077;2;382.69;0;765.38
OL001214_4;O001214;P0262;5;522.33;0.2;2089.32
OL001214_5;O001214;P0425;6;706.91;0.1;3817.31
OL001215_1;O001215;P0200;1;271.41;0;271.41
OL001215_2;O001215;P0259;4;135.79;0;543.16
OL001215_3;O001215;P0003;5;222.04;0.2;888.16
OL001216_1;O001216;P0219;1;549.88;0;549.88
OL001217_1;O001217;P0327;5;205.44;0;1027.2
OL001218_1;O001218;P0086;5;778.32;0.05;3697.02
OL001219_1;O001219;P0383;6;166.51;0;999.06
OL001219_2;O001219;P0307;3;284.36;0.2;682.46
OL001219_3;O001219;P0291;5;78.61;0;393.05
OL001219_4;O001219;P0098;4;520.33;0.05;1977.25
OL001220_1;O001220;P0313;2;686.48;0.2;1098.37
OL001220_2;O001220;P0436;2;646.77;0;1293.54
OL001220_3;O001220;P0385;5;263.38;0.05;1251.06
OL001221_1;O001221;P0245;6;434.35;0;2606.1
OL001221_2;O001221;P0480;4;345.57;0.1;1244.05
OL001222_1;O001222;P0370;1;454.88;0;454.88
OL001222_2;O001222;P0470;1;367.85;0.1;331.07
OL001223_1;O001223;P0342;6;676.4;0;4058.4
OL001224_1;O001224;P0114;1;588.56;0.05;559.13
OL001224_2;O001224;P0418;6;726.66;0.05;4141.96
OL001225_1;O001225;P0034;2;238.05;0;476.1
OL001226_1;O001226;P0355;5;666.77;0.1;3000.47
OL001227_1;O001227;P0018;4;737.23;0;2948.92
OL001227_2;O001227;P0355;4;666.77;0.05;2533.73
OL001227_3;O001227;P0175;4;544.63;0.1;1960.67
OL001227_4;O001227;P0305;5;788.44;0;3942.2
OL001227_5;O001227;P0351;5;635.26;0.2;2541.04
OL001228_1;O001228;P0465;4;313.22;0;1252.88
OL001228_2;O001228;P0162;2;579.81;0.2;927.7
OL001228_3;O001228;P0148;4;570.56;0.1;2054.02
OL001228_4;O001228;P0386;4;644.21;0.2;2061.47
OL001229_1;O001229;P0456;5;49.86;0.05;236.84
OL001229_2;O001229;P0299;1;17.68;0;17.68
OL001229_3;O001229;P0495;6;376.57;0.1;2033.48
OL001229_4;O001229;P0067;5;433.89;0.1;1952.5
OL001230_1;O001230;P0248;6;540.63;0;3243.78
OL001230_2;O001230;P0064;4;459.02;0.05;1744.28
OL001230_3;O001230;P0194;2;677.04;0.1;1218.67
OL001230_4;O001230;P0382;4;217.42;0.05;826.2
OL001231_1;O001231;P0267;3;103.48;0.2;248.35
OL001232_1;O001232;P0097;6;304.07;0;1824.42
OL001233_1;O001233;P0472;5;789.27;0.05;3749.03
OL001233_2;O001233;P0470;3;367.85;0;1103.55
OL001234_1;O001234;P0303;5;291.26;0;1456.3
OL001234_2;O001234;P0353;3;116.44;0;349.32
OL001234_3;O001234;P0388;2;696.31;0;1392.62
OL001234_4;O001234;P0476;1;740.34;0.1;666.31
OL001235_1;O001235;P0238;5;464.22;0.2;1856.88
OL001235_2;O001235;P0387;4;305.32;0;1221.28
OL001235_3;O001235;P0348;3;142.21;0.05;405.3
OL001236_1;O001236;P0383;2;166.51;0;333.02
OL001236_2;O001236;P0328;3;32.57;0;97.71
OL001236_3;O001236;P0168;1;500.32;0;500.32
OL001237_1;O001237;P0004;3;392.54;0.1;1059.86
OL001237_2;O001237;P0204;4;297.04;0.1;1069.34
OL001238_1;O001238;P0351;2;635.26;0.1;1143.47
OL001239_1;O001239;P0113;1;533.09;0;533.09
OL001239_2;O001239;P0008;4;240.24;0;960.96
OL001239_3;O001239;P0143;3;557.99;0.05;1590.27
OL001240_1;O001240;P0350;3;404.94;0;1214.82
OL001241_1;O001241;P0308;5;554.48;0.1;2495.16
OL001241_2;O001241;P0187;6;80.31;0.2;385.49
OL001241_3;O001241;P0359;3;233.67;0.2;560.81
OL001242_1;O001242;P0224;2;486.68;0.2;778.69
OL001242_2;O001242;P0066;4;324.4;0.05;1232.72
OL001242_3;O001242;P0299;1;17.68;0;17.68
OL001242_4;O001242;P0110;1;193.77;0;193.77
OL001243_1;O001243;P0285;4;411.59;0.05;1564.04
OL001243_2;O001243;P0236;4;664.71;0.1;2392.96
OL001243_3;O001243;P0131;1;301.83;0.1;271.65
OL001243_4;O001243;P0010;2;584.5;0.1;1052.1
OL001244_1;O001244;P0425;2;706.91;0.2;1131.06
OL001244_2;O001244;P0213;5;771.24;0;3856.2
OL001244_3;O001244;P0247;5;163.52;0.05;776.72
OL001244_4;O001244;P0391;4;426.17;0;1704.68
OL001244_5;O001244;P0219;3;549.88;0;1649.64
OL001245_1;O001245;P0017;3;474.99;0.2;1139.98
OL001245_2;O001245;P0181;2;101.47;0;202.94
OL001245_3;O001245;P0094;2;775.04;0.05;1472.58
OL001245_4;O001245;P0335;3;207.42;0;622.26
OL001246_1;O001246;P0286;6;660.37;0;3962.22
OL001246_2;O001246;P0243;6;318.88;0;1913.28
OL001246_3;O001246;P0158;5;182.39;0;911.95
OL001246_4;O001246;P0405;4;158.47;0.05;602.19
OL001247_1;O001247;P0256;5;439.34;0;2196.7
OL001247_2;O001247;P0472;1;789.27;0;789.27
OL001248_1;O001248;P0218;1;124.81;0;124.81
OL001248_2;O001248;P0427;3;339.4;0;1018.2
OL001248_3;O001248;P0249;3;271.37;0.2;651.29
OL001248_4;O001248;P0038;5;690.23;0.05;3278.59
OL001248_5;O001248;P0113;5;533.09;0;2665.45
OL001249_1;O001249;P0017;1;474.99;0;474.99
OL001250_1;O001250;P0310;1;494.34;0;494.34
OL001250_2;O001250;P0002;6;76.91;0.2;369.17
OL001250_3;O001250;P0487;4;584.31;0;2337.24
OL001250_4;O001250;P0410;4;62.25;0.05;236.55
OL001250_5;O001250;P0423;4;403.13;0.2;1290.02
OL001251_1;O001251;P0390;2;214.34;0.1;385.81
OL001251_2;O001251;P0093;4;560.53;0.05;2130.01
OL001252_1;O001252;P0186;6;402.12;0.1;2171.45
OL001252_2;O001252;P0317;2;746.16;0;1492.32
OL001252_3;O001252;P0394;4;310.75;0.1;1118.7
OL001253_1;O001253;P0216;1;264.68;0;264.68
OL001253_2;O001253;P0476;5;740.34;0.05;3516.62
OL001253_3;O001253;P0345;5;590.9;0.1;2659.05
OL001253_4;O001253;P0103;3;795.33;0.2;1908.79
OL001253_5;O001253;P0194;4;677.04;0.2;2166.53
OL001254_1;O001254;P0305;4;788.44;0.05;2996.07
OL001254_2;O001254;P0377;3;626.3;0.2;1503.12
OL001254_3;O001254;P0228;6;67.58;0.1;364.93
OL001255_1;O001255;P0130;1;716.95;0.05;681.1
OL001255_2;O001255;P0124;4;69.25;0.1;249.3
OL001256_1;O001256;P0396;4;397.05;0.2;1270.56
OL001257_1;O001257;P0244;2;18.81;0.1;33.86
OL001258_1;O001258;P0446;5;305.63;0.1;1375.34
OL001258_2;O001258;P0324;5;195.36;0.1;879.12
OL001259_1;O001259;P0318;4;546.87;0.05;2078.11
OL001259_2;O001259;P0058;3;496.7;0.2;1192.08
OL001259_3;O001259;P0076;1;542.56;0.2;434.05
OL001259_4;O001259;P0146;1;263.49;0;263.49
OL001259_5;O001259;P0450;1;255.68;0;255.68
OL001260_1;O001260;P0104;5;281.79;0;1408.95
OL001260_2;O001260;P0121;1;309.18;0.1;278.26
OL001260_3;O001260;P0045;3;679.26;0.05;1935.89
OL001260_4;O001260;P0111;3;169.16;0.1;456.73
OL001261_1;O001261;P0015;6;787.05;0.1;4250.07
OL001261_2;O001261;P0441;5;246.48;0.1;1109.16
OL001261_3;O001261;P0172;4;611.34;0.1;2200.82
OL001261_4;O001261;P0031;4;675.17;0;2700.68
OL001262_1;O001262;P0267;3;103.48;0;310.44
OL001262_2;O001262;P0359;6;233.67;0;1402.02
OL001262_3;O001262;P0466;2;280.34;0.1;504.61
OL001262_4;O001262;P0211;5;351.92;0.1;1583.64
OL001262_5;O001262;P0005;3;164.48;0.2;394.75
OL001263_1;O001263;P0271;2;181.11;0.2;289.78
OL001263_2;O001263;P0349;6;43.17;0.05;246.07
OL001263_3;O001263;P0226;5;112.75;0.05;535.56
OL001263_4;O001263;P0263;2;307.56;0;615.12
OL001264_1;O001264;P0097;1;304.07;0.1;273.66
OL001265_1;O001265;P0486;3;640.6;0.05;1825.71
OL001265_2;O001265;P0456;1;49.86;0.2;39.89
OL001265_3;O001265;P0288;6;771.19;0.2;3701.71
OL001266_1;O001266;P0400;1;346.91;0;346.91
OL001266_2;O001266;P0381;3;126.93;0;380.79
OL001266_3;O001266;P0106;6;799.69;0;4798.14
OL001266_4;O001266;P0461;2;707.1;0.2;1131.36
OL001266_5;O001266;P0486;5;640.6;0.2;2562.4
OL001267_1;O001267;P0061;3;489.47;0.05;1394.99
OL001267_2;O001267;P0413;1;204.12;0;204.12
OL001267_3;O001267;P0350;4;404.94;0;1619.76
OL001267_4;O001267;P0474;2;195.84;0;391.68
OL001267_5;O001267;P0061;2;489.47;0.2;783.15
OL001268_1;O001268;P0414;1;357.25;0.05;339.39
OL001268_2;O001268;P0271;1;181.11;0;181.11
OL001269_1;O001269;P0139;6;502.22;0.05;2862.65
OL001269_2;O001269;P0327;6;205.44;0.05;1171.01
OL001270_1;O001270;P0259;3;135.79;0;407.37
OL001271_1;O001271;P0135;6;684.61;0.2;3286.13
OL001271_2;O001271;P0233;4;418.33;0;1673.32
OL001271_3;O001271;P0346;3;135.3;0;405.9
OL001272_1;O001272;P0014;4;732.38;0.1;2636.57
OL001272_2;O001272;P0305;3;788.44;0.05;2247.05
OL001272_3;O001272;P0402;3;349.75;0.2;839.4
OL001273_1;O001273;P0322;4;525.88;0.1;1893.17
OL001273_2;O001273;P0140;3;470.31;0.2;1128.74
OL001273_3;O001273;P0448;2;423.67;0.05;804.97
OL001273_4;O001273;P0146;6;263.49;0;1580.94
OL001274_1;O001274;P0146;5;263.49;0.05;1251.58
OL001274_2;O001274;P0292;6;168.25;0.1;908.55
OL001274_3;O001274;P0237;3;39.93;0;119.79
OL001274_4;O001274;P0224;4;486.68;0;1946.72
OL001274_5;O001274;P0102;6;79.3;0.2;380.64
OL001275_1;O001275;P0193;3;522.59;0;1567.77
OL001276_1;O001276;P0465;6;313.22;0;1879.32
OL001276_2;O001276;P0029;3;557.81;0.05;1589.76
OL001276_3;O001276;P0492;3;280.85;0.05;800.42
OL001276_4;O001276;P0285;2;411.59;0.05;782.02
OL001277_1;O001277;P0213;5;771.24;0;3856.2
OL001277_2;O001277;P0287;5;73.23;0.05;347.84
OL001277_3;O001277;P0389;1;382.24;0.05;363.13
OL001277_4;O001277;P0412;6;461.83;0.2;2216.78
OL001278_1;O001278;P0234;5;162.08;0;810.4
OL001278_2;O001278;P0115;4;743.79;0.2;2380.13
OL001278_3;O001278;P0197;1;19.76;0.2;15.81
OL001278_4;O001278;P0350;2;404.94;0;809.88
OL001278_5;O001278;P0343;6;381.42;0.1;2059.67
OL001279_1;O001279;P0146;1;263.49;0;263.49
OL001279_2;O001279;P0313;6;686.48;0;4118.88
OL001279_3;O001279;P0352;6;607.79;0;3646.74
OL001279_4;O001279;P0363;2;514.74;0.2;823.58
OL001280_1;O001280;P0109;5;759.21;0.05;3606.25
OL001280_2;O001280;P0146;4;263.49;0.2;843.17
OL001280_3;O001280;P0051;4;724.0;0.1;2606.4
OL001280_4;O001280;P0222;4;780.9;0;3123.6
OL001280_5;O001280;P0383;3;166.51;0;499.53
OL001281_1;O001281;P0132;4;671.29;0.2;2148.13
OL001282_1;O001282;P0140;5;470.31;0.2;1881.24
OL001282_2;O001282;P0087;3;420.61;0.1;1135.65
OL001282_3;O001282;P0270;4;141.41;0;565.64
OL001283_1;O001283;P0483;2;787.1;0.1;1416.78
OL001284_1;O001284;P0401;2;119.48;0;238.96
OL001284_2;O001284;P0341;6;630.72;0;3784.32
OL001284_3;O001284;P0137;4;549.67;0.2;1758.94
OL001284_4;O001284;P0252;2;630.67;0;1261.34
OL001284_5;O001284;P0463;1;91.32;0;91.32
OL001285_1;O001285;P0027;3;284.86;0.05;811.85
OL001285_2;O001285;P0168;5;500.32;0.1;2251.44
OL001286_1;O001286;P0470;4;367.85;0.1;1324.26
OL001286_2;O001286;P0334;4;481.63;0.05;1830.19
OL001287_1;O001287;P0091;1;378.18;0;378.18
OL001287_2;O001287;P0150;2;566.66;0;1133.32
OL001287_3;O001287;P0351;5;635.26;0.1;2858.67
OL001288_1;O001288;P0192;6;326.61;0;1959.66
OL001288_2;O001288;P0121;2;309.18;0.05;587.44
OL001288_3;O001288;P0451;5;615.28;0.05;2922.58
OL001288_4;O001288;P0026;5;100.02;0;500.1
OL001289_1;O001289;P0107;2;654.87;0.2;1047.79
OL001289_2;O001289;P0050;1;746.85;0.1;672.17
OL001290_1;O001290;P0186;5;402.12;0.2;1608.48
OL001290_2;O001290;P0011;3;638.57;0;1915.71
OL001290_3;O001290;P0243;1;318.88;0;318.88
OL001290_4;O001290;P0180;5;515.85;0.2;2063.4
OL001291_1;O001291;P0040;1;221.2;0.2;176.96
OL001291_2;O001291;P0385;2;263.38;0;526.76
OL001291_3;O001291;P0056;4;621.03;0.2;1987.3
OL001291_4;O001291;P0301;4;463.23;0.05;1760.27
OL001292_1;O001292;P0212;4;529.44;0.1;1905.98
OL001292_2;O001292;P0180;4;515.85;0;2063.4
OL001293_1;O001293;P0482;2;99.4;0;198.8
OL001293_2;O001293;P0346;2;135.3;0.1;243.54
OL001293_3;O001293;P0323;4;751.63;0;3006.52
OL001293_4;O001293;P0074;4;572.74;0.05;2176.41
OL001294_1;O001294;P0435;4;639.42;0.1;2301.91
OL001295_1;O001295;P0359;3;233.67;0;701.01
OL001295_2;O001295;P0446;4;305.63;0.05;1161.39
OL001295_3;O001295;P0243;1;318.88;0.1;286.99
OL001295_4;O001295;P0298;3;312.31;0;936.93
OL001295_5;O001295;P0075;1;688.89;0.2;551.11
OL001296_1;O001296;P0166;6;185.58;0.05;1057.81
OL001297_1;O001297;P0363;3;514.74;0.05;1467.01
OL001297_2;O001297;P0100;4;146.52;0;586.08
OL001297_3;O001297;P0002;5;76.91;0.2;307.64
OL001297_4;O001297;P0461;3;707.1;0;2121.3
OL001298_1;O001298;P0420;2;145.0;0.05;275.5
OL001299_1;O001299;P0233;4;418.33;0.2;1338.66
OL001300_1;O001300;P0043;4;306.39;0.2;980.45
OL001300_2;O001300;P0394;5;310.75;0;1553.75
OL001300_3;O001300;P0127;6;461.7;0;2770.2
OL001300_4;O001300;P0250;5;162.86;0;814.3
OL001300_5;O001300;P0456;4;49.86;0.05;189.47
OL001301_1;O001301;P0437;4;63.59;0.05;241.64
OL001301_2;O001301;P0004;5;392.54;0.05;1864.57
OL001301_3;O001301;P0201;2;195.65;0;391.3
OL001301_4;O001301;P0241;5;631.64;0.05;3000.29
OL001302_1;O001302;P0379;1;436.54;0;436.54
OL001303_1;O001303;P0256;6;439.34;0.1;2372.44
OL001303_2;O001303;P0342;2;676.4;0.2;1082.24
OL001304_1;O001304;P0466;4;280.34;0.05;1065.29
OL001304_2;O001304;P0223;1;696.39;0.1;626.75
OL001304_3;O001304;P0231;2;283.35;0.05;538.37
OL001304_4;O001304;P0493;5;336.23;0.05;1597.09
OL001304_5;O001304;P0200;6;271.41;0.2;1302.77
OL001305_1;O001305;P0401;6;119.48;0.2;573.5
OL001305_2;O001305;P0090;3;69.0;0;207.0
OL001305_3;O001305;P0025;4;604.34;0.05;2296.49
OL001305_4;O001305;P0055;4;587.3;0.1;2114.28
OL001305_5;O001305;P0383;3;166.51;0.2;399.62
OL001306_1;O001306;P0192;5;326.61;0.2;1306.44
OL001306_2;O001306;P0342;6;676.4;0.05;3855.48
OL001307_1;O001307;P0457;3;480.94;0.1;1298.54
OL001307_2;O001307;P0328;5;32.57;0;162.85
OL001307_3;O001307;P0077;4;382.69;0.1;1377.68
OL001307_4;O001307;P0058;5;496.7;0;2483.5
OL001308_1;O001308;P0272;2;637.75;0.2;1020.4
OL001308_2;O001308;P0409;6;613.99;0.1;3315.55
OL001308_3;O001308;P0192;2;326.61;0;653.22
OL001308_4;O001308;P0169;3;336.35;0;1009.05
OL001309_1;O001309;P0101;3;37.37;0.05;106.5
OL001309_2;O001309;P0063;4;479.2;0;1916.8
OL001309_3;O001309;P0293;2;451.7;0;903.4
OL001309_4;O001309;P0071;5;564.18;0;2820.9
OL001309_5;O001309;P0043;4;306.39;0.1;1103.0
OL001310_1;O001310;P0041;4;694.97;0.05;2640.89
OL001310_2;O001310;P0105;1;183.03;0;183.03
OL001310_3;O001310;P0343;3;381.42;0;1144.26
OL001310_4;O001310;P0155;6;333.51;0.05;1901.01
OL001310_5;O001310;P0106;3;799.69;0;2399.07
OL001311_1;O001311;P0195;5;153.2;0.05;727.7
OL001311_2;O001311;P0231;6;283.35;0.05;1615.1
OL001312_1;O001312;P0389;3;382.24;0;1146.72
OL001312_2;O001312;P0397;5;248.84;0.05;1181.99
OL001312_3;O001312;P0137;1;549.67;0;549.67
OL001312_4;O001312;P0403;6;578.36;0;3470.16
OL001312_5;O001312;P0009;3;320.42;0;961.26
OL001313_1;O001313;P0213;5;771.24;0.2;3084.96
OL001313_2;O001313;P0329;1;443.35;0;443.35
OL001313_3;O001313;P0492;2;280.85;0.2;449.36
OL001313_4;O001313;P0126;3;160.09;0.1;432.24
OL001313_5;O001313;P0498;3;429.72;0;1289.16
OL001314_1;O001314;P0147;6;331.66;0;1989.96
OL001314_2;O001314;P0197;2;19.76;0.05;37.54
OL001314_3;O001314;P0427;3;339.4;0.05;967.29
OL001314_4;O001314;P0146;4;263.49;0;1053.96
OL001315_1;O001315;P0197;1;19.76;0.2;15.81
OL001315_2;O001315;P0475;3;176.86;0.05;504.05
OL001315_3;O001315;P0242;6;659.48;0;3956.88
OL001315_4;O001315;P0370;6;454.88;0;2729.28
OL001316_1;O001316;P0468;2;765.15;0;1530.3
OL001317_1;O001317;P0112;6;126.69;0;760.14
OL001317_2;O001317;P0223;4;696.39;0.05;2646.28
OL001318_1;O001318;P0088;5;513.4;0;2567.0
OL001318_2;O001318;P0361;3;88.02;0;264.06
OL001318_3;O001318;P0378;3;189.11;0.2;453.86
OL001318_4;O001318;P0092;2;376.04;0;752.08
OL001318_5;O001318;P0417;5;368.41;0;1842.05
OL001319_1;O001319;P0462;5;388.14;0.2;1552.56
OL001319_2;O001319;P0098;5;520.33;0;2601.65
OL001319_3;O001319;P0146;2;263.49;0.1;474.28
OL001319_4;O001319;P0165;2;87.11;0;174.22
OL001320_1;O001320;P0263;5;307.56;0.1;1384.02
OL001320_2;O001320;P0207;3;659.25;0.2;1582.2
OL001320_3;O001320;P0153;5;554.19;0;2770.95
OL001320_4;O001320;P0354;5;397.17;0;1985.85
OL001320_5;O001320;P0238;2;464.22;0.2;742.75
OL001321_1;O001321;P0369;1;797.51;0.2;638.01
OL001321_2;O001321;P0336;1;199.25;0;199.25
OL001322_1;O001322;P0373;2;659.33;0;1318.66
OL001323_1;O001323;P0226;1;112.75;0.1;101.48
OL001323_2;O001323;P0243;4;318.88;0;1275.52
OL001323_3;O001323;P0160;2;275.66;0.2;441.06
OL001323_4;O001323;P0471;6;260.11;0;1560.66
OL001324_1;O001324;P0021;4;281.03;0.05;1067.91
OL001325_1;O001325;P0146;4;263.49;0;1053.96
OL001325_2;O001325;P0177;3;239.75;0;719.25
OL001326_1;O001326;P0113;5;533.09;0;2665.45
OL001326_2;O001326;P0413;5;204.12;0;1020.6
OL001327_1;O001327;P0181;4;101.47;0;405.88
OL001327_2;O001327;P0041;5;694.97;0.2;2779.88
OL001328_1;O001328;P0178;1;158.86;0.1;142.97
OL001329_1;O001329;P0234;4;162.08;0.2;518.66
OL001329_2;O001329;P0214;6;710.29;0.1;3835.57
OL001329_3;O001329;P0065;1;63.35;0;63.35
OL001330_1;O001330;P0419;2;77.39;0;154.78
OL001330_2;O001330;P0381;3;126.93;0.2;304.63
OL001331_1;O001331;P0376;5;662.31;0;3311.55
OL001331_2;O001331;P0483;3;787.1;0;2361.3
OL001331_3;O001331;P0129;1;240.53;0.1;216.48
OL001332_1;O001332;P0058;2;496.7;0.2;794.72
OL001332_2;O001332;P0042;4;611.56;0;2446.24
OL001332_3;O001332;P0455;5;714.87;0.2;2859.48
OL001332_4;O001332;P0335;6;207.42;0.2;995.62
OL001332_5;O001332;P0385;2;263.38;0.05;500.42
OL001333_1;O001333;P0311;2;604.23;0;1208.46
OL001333_2;O001333;P0054;1;790.64;0.2;632.51
OL001333_3;O001333;P0258;4;297.45;0;1189.8
OL001334_1;O001334;P0281;3;524.74;0;1574.22
OL001334_2;O001334;P0347;1;711.14;0;711.14
OL001334_3;O001334;P0067;1;433.89;0.2;347.11
OL001335_1;O001335;P0095;1;329.47;0.05;313.0
OL001335_2;O001335;P0291;5;78.61;0.2;314.44
OL001336_1;O001336;P0185;1;666.88;0;666.88
OL001336_2;O001336;P0413;1;204.12;0.05;193.91
OL001336_3;O001336;P0432;4;789.16;0;3156.64
OL001336_4;O001336;P0034;1;238.05;0.05;226.15
OL001337_1;O001337;P0492;3;280.85;0.1;758.3
OL001337_2;O001337;P0387;6;305.32;0.1;1648.73
OL001337_3;O001337;P0067;6;433.89;0;2603.34
OL001337_4;O001337;P0251;4;130.39;0;521.56
OL001337_5;O001337;P0364;5;219.99;0.2;879.96
OL001338_1;O001338;P0066;2;324.4;0.2;519.04
OL001339_1;O001339;P0210;5;475.56;0;2377.8
OL001339_2;O001339;P0331;6;359.07;0.1;1938.98
OL001339_3;O001339;P0425;6;706.91;0;4241.46
OL001339_4;O001339;P0144;1;385.42;0.2;308.34
OL001339_5;O001339;P0285;6;411.59;0;2469.54
OL001340_1;O001340;P0055;5;587.3;0.05;2789.67
OL001340_2;O001340;P0123;6;261.79;0.1;1413.67
OL001340_3;O001340;P0369;2;797.51;0;1595.02
OL001340_4;O001340;P0186;3;402.12;0.05;1146.04
OL001340_5;O001340;P0308;2;554.48;0;1108.96
OL001341_1;O001341;P0394;3;310.75;0;932.25
OL001342_1;O001342;P0363;5;514.74;0.1;2316.33
OL001342_2;O001342;P0234;4;162.08;0.2;518.66
OL001342_3;O001342;P0448;5;423.67;0.2;1694.68
OL001342_4;O001342;P0498;5;429.72;0;2148.6
OL001342_5;O001342;P0330;6;515.43;0;3092.58
OL001343_1;O001343;P0152;4;768.81;0;3075.24
OL001343_2;O001343;P0353;4;116.44;0.05;442.47
OL001344_1;O001344;P0065;3;63.35;0.05;180.55
OL001344_2;O001344;P0422;4;152.75;0;611.0
OL001344_3;O001344;P0357;3;499.59;0.2;1199.02
OL001344_4;O001344;P0281;4;524.74;0.1;1889.06
OL001345_1;O001345;P0403;1;578.36;0.1;520.52
OL001345_2;O001345;P0126;2;160.09;0.05;304.17
OL001346_1;O001346;P0227;5;743.62;0.2;2974.48
OL001346_2;O001346;P0450;6;255.68;0.2;1227.26
OL001346_3;O001346;P0478;5;117.26;0.2;469.04
OL001346_4;O001346;P0074;3;572.74;0.1;1546.4
OL001347_1;O001347;P0417;3;368.41;0.05;1049.97
OL001348_1;O001348;P0139;2;502.22;0;1004.44
OL001348_2;O001348;P0182;4;130.97;0.1;471.49
OL001348_3;O001348;P0152;1;768.81;0.05;730.37
OL001348_4;O001348;P0108;4;478.09;0;1912.36
OL001349_1;O001349;P0127;6;461.7;0.1;2493.18
OL001350_1;O001350;P0418;2;726.66;0.2;1162.66
OL001350_2;O001350;P0136;6;787.65;0;4725.9
OL001350_3;O001350;P0162;4;579.81;0;2319.24
OL001351_1;O001351;P0275;2;483.85;0.1;870.93
OL001351_2;O001351;P0272;2;637.75;0.2;1020.4
OL001351_3;O001351;P0189;1;88.85;0.2;71.08
OL001352_1;O001352;P0486;6;640.6;0.05;3651.42
OL001352_2;O001352;P0449;6;114.85;0;689.1
OL001353_1;O001353;P0133;3;337.05;0;1011.15
OL001353_2;O001353;P0184;2;100.07;0.05;190.13
OL001353_3;O001353;P0361;6;88.02;0.1;475.31
OL001354_1;O001354;P0291;5;78.61;0.2;314.44
OL001354_2;O001354;P0474;2;195.84;0.1;352.51
OL001354_3;O001354;P0153;5;554.19;0.1;2493.86
OL001354_4;O001354;P0065;6;63.35;0.1;342.09
OL001355_1;O001355;P0013;4;326.64;0;1306.56
OL001355_2;O001355;P0441;3;246.48;0.05;702.47
OL001355_3;O001355;P0415;3;736.04;0;2208.12
OL001356_1;O001356;P0362;4;577.1;0.05;2192.98
OL001357_1;O001357;P0481;2;741.99;0.1;1335.58
OL001357_2;O001357;P0286;5;660.37;0.05;3136.76
OL001357_3;O001357;P0080;6;645.43;0;3872.58
OL001358_1;O001358;P0230;6;271.54;0;1629.24
OL001358_2;O001358;P0372;1;248.45;0.1;223.6
OL001359_1;O001359;P0237;4;39.93;0.05;151.73
OL001360_1;O001360;P0180;1;515.85;0;515.85
OL001361_1;O001361;P0252;4;630.67;0.05;2396.55
OL001361_2;O001361;P0094;2;775.04;0.2;1240.06
OL001361_3;O001361;P0108;3;478.09;0.05;1362.56
OL001361_4;O001361;P0112;2;126.69;0.1;228.04
OL001362_1;O001362;P0226;2;112.75;0;225.5
OL001362_2;O001362;P0132;2;671.29;0.05;1275.45
OL001362_3;O001362;P0489;6;70.72;0.2;339.46
OL001362_4;O001362;P0198;5;534.33;0.1;2404.49
OL001363_1;O001363;P0034;5;238.05;0.1;1071.23
OL001363_2;O001363;P0114;1;588.56;0.2;470.85
OL001364_1;O001364;P0175;1;544.63;0;544.63
OL001364_2;O001364;P0351;6;635.26;0.1;3430.4
OL001364_3;O001364;P0343;3;381.42;0.2;915.41
OL001364_4;O001364;P0328;6;32.57;0;195.42
OL001364_5;O001364;P0270;2;141.41;0.1;254.54
OL001365_1;O001365;P0306;6;185.45;0.05;1057.06
OL001365_2;O001365;P0292;4;168.25;0;673.0
OL001366_1;O001366;P0270;5;141.41;0;707.05
OL001366_2;O001366;P0407;4;553.63;0;2214.52
OL001366_3;O001366;P0454;5;261.6;0.05;1242.6
OL001366_4;O001366;P0481;1;741.99;0.1;667.79
OL001366_5;O001366;P0173;1;352.63;0;352.63
OL001367_1;O001367;P0174;1;431.69;0.2;345.35
OL001367_2;O001367;P0174;5;431.69;0;2158.45
OL001367_3;O001367;P0156;3;484.9;0;1454.7
OL001367_4;O001367;P0152;5;768.81;0.1;3459.64
OL001367_5;O001367;P0091;2;378.18;0.1;680.72
OL001368_1;O001368;P0392;6;498.19;0.05;2839.68
OL001368_2;O001368;P0468;1;765.15;0.05;726.89
OL001368_3;O001368;P0465;4;313.22;0;1252.88
OL001369_1;O001369;P0227;5;743.62;0.2;2974.48
OL001370_1;O001370;P0149;1;168.57;0.2;134.86
OL001370_2;O001370;P0230;5;271.54;0;1357.7
OL001370_3;O001370;P0335;5;207.42;0.1;933.39
OL001370_4;O001370;P0276;5;436.04;0.05;2071.19
OL001371_1;O001371;P0127;4;461.7;0.2;1477.44
OL001371_2;O001371;P0008;3;240.24;0.1;648.65
OL001371_3;O001371;P0002;3;76.91;0;230.73
OL001372_1;O001372;P0343;6;381.42;0;2288.52
OL001372_2;O001372;P0241;2;631.64;0.05;1200.12
OL001373_1;O001373;P0404;5;705.3;0;3526.5
OL001373_2;O001373;P0189;2;88.85;0;177.7
OL001373_3;O001373;P0362;3;577.1;0;1731.3
OL001374_1;O001374;P0038;2;690.23;0.1;1242.41
OL001374_2;O001374;P0174;6;431.69;0;2590.14
OL001374_3;O001374;P0065;5;63.35;0.2;253.4
OL001375_1;O001375;P0426;3;285.73;0;857.19
OL001376_1;O001376;P0123;5;261.79;0.1;1178.06
OL001376_2;O001376;P0224;2;486.68;0;973.36
OL001376_3;O001376;P0465;3;313.22;0.1;845.69
OL001376_4;O001376;P0363;4;514.74;0.05;1956.01
OL001377_1;O001377;P0260;3;193.08;0;579.24
OL001377_2;O001377;P0322;1;525.88;0.05;499.59
OL001377_3;O001377;P0056;6;621.03;0.2;2980.94
OL001377_4;O001377;P0258;5;297.45;0.1;1338.53
OL001378_1;O001378;P0008;4;240.24;0;960.96
OL001379_1;O001379;P0333;6;738.45;0.1;3987.63
OL001379_2;O001379;P0200;1;271.41;0.05;257.84
OL001379_3;O001379;P0162;4;579.81;0.2;1855.39
OL001379_4;O001379;P0302;2;201.22;0.2;321.95
OL001380_1;O001380;P0247;4;163.52;0;654.08
OL001380_2;O001380;P0288;3;771.19;0;2313.57
OL001380_3;O001380;P0005;5;164.48;0.05;781.28
OL001381_1;O001381;P0286;5;660.37;0.1;2971.66
OL001381_2;O001381;P0074;4;572.74;0.05;2176.41
OL001381_3;O001381;P0154;6;626.07;0.05;3568.6
OL001381_4;O001381;P0073;2;103.26;0;206.52
OL001381_5;O001381;P0221;1;641.07;0.2;512.86
OL001382_1;O001382;P0157;4;570.4;0.1;2053.44
OL001382_2;O001382;P0104;5;281.79;0;1408.95
OL001383_1;O001383;P0411;5;347.77;0.05;1651.91
OL001384_1;O001384;P0039;3;646.3;0;1938.9
OL001384_2;O001384;P0211;5;351.92;0.1;1583.64
OL001384_3;O001384;P0480;3;345.57;0.05;984.87
OL001385_1;O001385;P0468;5;765.15;0.1;3443.18
OL001385_2;O001385;P0499;2;87.64;0;175.28
OL001385_3;O001385;P0414;5;357.25;0.2;1429.0
OL001385_4;O001385;P0182;6;130.97;0.2;628.66
OL001386_1;O001386;P0067;3;433.89;0.1;1171.5
OL001386_2;O001386;P0479;5;502.37;0.05;2386.26
OL001386_3;O001386;P0325;4;60.4;0.1;217.44
OL001386_4;O001386;P0361;2;88.02;0.2;140.83
OL001387_1;O001387;P0047;1;276.83;0;276.83
OL001388_1;O001388;P0064;3;459.02;0;1377.06
OL001388_2;O001388;P0293;1;451.7;0.05;429.11
OL001389_1;O001389;P0019;5;629.57;0;3147.85
OL001389_2;O001389;P0148;2;570.56;0;1141.12
OL001389_3;O001389;P0197;2;19.76;0.05;37.54
OL001390_1;O001390;P0032;2;313.32;0.05;595.31
OL001390_2;O001390;P0271;3;181.11;0;543.33
OL001391_1;O001391;P0013;2;326.64;0.05;620.62
OL001391_2;O001391;P0139;1;502.22;0.05;477.11
OL001391_3;O001391;P0476;2;740.34;0;1480.68
OL001391_4;O001391;P0013;5;326.64;0;1633.2
OL001392_1;O001392;P0204;1;297.04;0.1;267.34
OL001392_2;O001392;P0066;4;324.4;0.05;1232.72
OL001392_3;O001392;P0244;2;18.81;0.05;35.74
OL001392_4;O001392;P0165;3;87.11;0.2;209.06
OL001393_1;O001393;P0237;6;39.93;0;239.58
OL001393_2;O001393;P0427;2;339.4;0;678.8
OL001394_1;O001394;P0259;2;135.79;0.05;258.0
OL001394_2;O001394;P0416;4;625.2;0.1;2250.72
OL001394_3;O001394;P0097;2;304.07;0.2;486.51
OL001395_1;O001395;P0486;3;640.6;0;1921.8
OL001396_1;O001396;P0449;2;114.85;0.1;206.73
OL001396_2;O001396;P0137;3;549.67;0.05;1566.56
OL001396_3;O001396;P0108;2;478.09;0.2;764.94
OL001397_1;O001397;P0164;2;385.83;0.1;694.49
OL001397_2;O001397;P0261;1;635.25;0.2;508.2
OL001398_1;O001398;P0341;4;630.72;0;2522.88
OL001399_1;O001399;P0335;1;207.42;0;207.42
OL001399_2;O001399;P0149;3;168.57;0.1;455.14
OL001399_3;O001399;P0327;2;205.44;0;410.88
OL001399_4;O001399;P0095;6;329.47;0.05;1877.98
OL001400_1;O001400;P0419;5;77.39;0.05;367.6
OL001401_1;O001401;P0381;3;126.93;0;380.79
OL001401_2;O001401;P0094;5;775.04;0.1;3487.68
OL001401_3;O001401;P0378;3;189.11;0.2;453.86
OL001401_4;O001401;P0132;6;671.29;0;4027.74
OL001402_1;O001402;P0118;4;198.02;0.1;712.87
OL001402_2;O001402;P0212;1;529.44;0.05;502.97
OL001403_1;O001403;P0160;6;275.66;0;1653.96
OL001403_2;O001403;P0311;2;604.23;0;1208.46
OL001404_1;O001404;P0309;1;494.09;0.2;395.27
OL001404_2;O001404;P0240;5;498.5;0;2492.5
OL001405_1;O001405;P0114;4;588.56;0;2354.24
OL001405_2;O001405;P0349;5;43.17;0.05;205.06
OL001405_3;O001405;P0108;5;478.09;0.1;2151.4
OL001405_4;O001405;P0259;2;135.79;0.05;258.0
OL001405_5;O001405;P0464;6;326.65;0;1959.9
OL001406_1;O001406;P0168;4;500.32;0;2001.28
OL001406_2;O001406;P0250;2;162.86;0.05;309.43
OL001407_1;O001407;P0214;4;710.29;0;2841.16
OL001407_2;O001407;P0024;3;365.16;0;1095.48
OL001407_3;O001407;P0480;3;345.57;0.2;829.37
OL001407_4;O001407;P0374;6;119.34;0.1;644.44
OL001408_1;O001408;P0456;1;49.86;0;49.86
OL001408_2;O001408;P0349;6;43.17;0.2;207.22
OL001408_3;O001408;P0185;1;666.88;0.2;533.5
OL001409_1;O001409;P0127;5;461.7;0;2308.5
OL001409_2;O001409;P0063;4;479.2;0.2;1533.44
OL001409_3;O001409;P0380;2;797.92;0.05;1516.05
OL001409_4;O001409;P0241;4;631.64;0.2;2021.25
OL001409_5;O001409;P0035;2;439.05;0;878.1
OL001410_1;O001410;P0093;1;560.53;0;560.53
OL001410_2;O001410;P0322;2;525.88;0;1051.76
OL001410_3;O001410;P0297;1;608.4;0.05;577.98
OL001411_1;O001411;P0126;1;160.09;0.2;128.07
OL001411_2;O001411;P0305;4;788.44;0.1;2838.38
OL001412_1;O001412;P0354;1;397.17;0.2;317.74
OL001413_1;O001413;P0059;3;107.29;0;321.87
OL001413_2;O001413;P0161;3;418.66;0.1;1130.38
OL001413_3;O001413;P0156;4;484.9;0.2;1551.68
OL001413_4;O001413;P0060;1;519.25;0.1;467.32
OL001414_1;O001414;P0478;6;117.26;0;703.56
OL001414_2;O001414;P0145;6;675.85;0.2;3244.08
OL001414_3;O001414;P0329;1;443.35;0;443.35
OL001414_4;O001414;P0429;2;719.05;0;1438.1
OL001414_5;O001414;P0058;4;496.7;0;1986.8
OL001415_1;O001415;P0224;4;486.68;0.2;1557.38
OL001416_1;O001416;P0473;4;774.64;0.2;2478.85
OL001416_2;O001416;P0211;6;351.92;0;2111.52
OL001416_3;O001416;P0488;5;528.49;0;2642.45
OL001416_4;O001416;P0092;3;376.04;0;1128.12
OL001417_1;O001417;P0107;6;654.87;0;3929.22
OL001417_2;O001417;P0145;6;675.85;0;4055.1
OL001417_3;O001417;P0185;2;666.88;0;1333.76
OL001418_1;O001418;P0229;1;135.9;0;135.9
OL001418_2;O001418;P0401;4;119.48;0.2;382.34
OL001418_3;O001418;P0129;4;240.53;0.1;865.91
OL001418_4;O001418;P0313;4;686.48;0;2745.92
OL001419_1;O001419;P0227;2;743.62;0.1;1338.52
OL001419_2;O001419;P0329;5;443.35;0.1;1995.08
OL001420_1;O001420;P0015;4;787.05;0;3148.2
OL001420_2;O001420;P0436;4;646.77;0.2;2069.66
OL001420_3;O001420;P0016;1;185.38;0.2;148.3
OL001421_1;O001421;P0026;6;100.02;0.1;540.11
OL001421_2;O001421;P0140;5;470.31;0.05;2233.97
OL001421_3;O001421;P0481;4;741.99;0.2;2374.37
OL001421_4;O001421;P0224;5;486.68;0.2;1946.72
OL001422_1;O001422;P0337;5;154.1;0;770.5
OL001422_2;O001422;P0296;1;702.13;0;702.13
OL001422_3;O001422;P0052;3;606.63;0.05;1728.9
OL001422_4;O001422;P0358;4;435.78;0.1;1568.81
OL001422_5;O001422;P0408;6;316.09;0.1;1706.89
OL001423_1;O001423;P0478;4;117.26;0.1;422.14
OL001424_1;O001424;P0374;2;119.34;0;238.68
OL001424_2;O001424;P0317;3;746.16;0.2;1790.78
OL001425_1;O001425;P0111;6;169.16;0.05;964.21
OL001425_2;O001425;P0359;4;233.67;0;934.68
OL001426_1;O001426;P0137;2;549.67;0.1;989.41
OL001426_2;O001426;P0128;5;242.69;0.2;970.76
OL001426_3;O001426;P0120;3;48.04;0.1;129.71
OL001427_1;O001427;P0459;1;255.21;0.1;229.69
OL001427_2;O001427;P0323;2;751.63;0;1503.26
OL001427_3;O001427;P0437;1;63.59;0.1;57.23
OL001428_1;O001428;P0410;5;62.25;0.2;249.0
OL001428_2;O001428;P0215;2;239.56;0;479.12
OL001429_1;O001429;P0136;5;787.65;0.05;3741.34
OL001429_2;O001429;P0151;5;107.86;0.05;512.33
OL001429_3;O001429;P0245;6;434.35;0.05;2475.8
OL001430_1;O001430;P0140;4;470.31;0.2;1504.99
OL001430_2;O001430;P0089;3;216.18;0.1;583.69
OL001430_3;O001430;P0148;2;570.56;0.2;912.9
OL001430_4;O001430;P0306;5;185.45;0.1;834.52
OL001431_1;O001431;P0189;6;88.85;0;533.1
OL001431_2;O001431;P0409;5;613.99;0;3069.95
OL001431_3;O001431;P0439;3;388.5;0.1;1048.95
OL001432_1;O001432;P0208;3;744.87;0;2234.61
OL001432_2;O001432;P0381;4;126.93;0.2;406.18
OL001432_3;O001432;P0328;6;32.57;0.1;175.88
OL001433_1;O001433;P0415;5;736.04;0.1;3312.18
OL001433_2;O001433;P0125;6;526.37;0.1;2842.4
OL001433_3;O001433;P0468;3;765.15;0.2;1836.36
OL001433_4;O001433;P0053;2;114.83;0;229.66
OL001434_1;O001434;P0373;2;659.33;0;1318.66
OL001434_2;O001434;P0213;1;771.24;0;771.24
OL001435_1;O001435;P0031;5;675.17;0.1;3038.26
OL001435_2;O001435;P0455;1;714.87;0.05;679.13
OL001436_1;O001436;P0084;1;437.82;0;437.82
OL001436_2;O001436;P0332;1;423.42;0.05;402.25
OL001436_3;O001436;P0044;3;703.08;0.05;2003.78
OL001437_1;O001437;P0379;5;436.54;0.2;1746.16
OL001437_2;O001437;P0140;4;470.31;0.05;1787.18
OL001437_3;O001437;P0338;4;501.98;0.1;1807.13
OL001438_1;O001438;P0200;4;271.41;0.1;977.08
OL001438_2;O001438;P0009;4;320.42;0.05;1217.6
OL001439_1;O001439;P0175;4;544.63;0;2178.52
OL001439_2;O001439;P0448;2;423.67;0.2;677.87
OL001440_1;O001440;P0433;1;502.36;0;502.36
OL001440_2;O001440;P0045;1;679.26;0;679.26
OL001440_3;O001440;P0257;3;475.78;0;1427.34
OL001441_1;O001441;P0325;2;60.4;0.05;114.76
OL001441_2;O001441;P0208;3;744.87;0;2234.61
OL001441_3;O001441;P0173;2;352.63;0.05;670.0
OL001441_4;O001441;P0329;2;443.35;0.1;798.03
OL001441_5;O001441;P0396;4;397.05;0.2;1270.56
OL001442_1;O001442;P0170;1;715.35;0;715.35
OL001442_2;O001442;P0088;3;513.4;0.2;1232.16
OL001443_1;O001443;P0168;2;500.32;0;1000.64
OL001443_2;O001443;P0403;5;578.36;0.1;2602.62
OL001443_3;O001443;P0255;3;714.76;0.2;1715.42
OL001443_4;O001443;P0487;5;584.31;0.2;2337.24
OL001444_1;O001444;P0456;3;49.86;0;149.58
OL001444_2;O001444;P0429;6;719.05;0.2;3451.44
OL001444_3;O001444;P0175;1;544.63;0;544.63
OL001444_4;O001444;P0346;5;135.3;0.1;608.85
OL001445_1;O001445;P0405;2;158.47;0;316.94
OL001445_2;O001445;P0135;4;684.61;0;2738.44
OL001445_3;O001445;P0036;5;90.91;0.2;363.64
OL001445_4;O001445;P0256;5;439.34;0.1;1977.03
OL001446_1;O001446;P0025;2;604.34;0;1208.68
OL001446_2;O001446;P0425;6;706.91;0;4241.46
OL001446_3;O001446;P0032;5;313.32;0.05;1488.27
OL001446_4;O001446;P0150;3;566.66;0;1699.98
OL001447_1;O001447;P0351;1;635.26;0;635.26
OL001447_2;O001447;P0298;2;312.31;0.1;562.16
OL001448_1;O001448;P0454;1;261.6;0;261.6
OL001448_2;O001448;P0129;5;240.53;0;1202.65
OL001448_3;O001448;P0315;3;47.69;0.05;135.92
OL001448_4;O001448;P0104;3;281.79;0;845.37
OL001448_5;O001448;P0056;1;621.03;0;621.03
OL001449_1;O001449;P0106;3;799.69;0;2399.07
OL001450_1;O001450;P0368;1;408.71;0.05;388.27
OL001450_2;O001450;P0324;1;195.36;0.05;185.59
OL001450_3;O001450;P0157;5;570.4;0.1;2566.8
OL001451_1;O001451;P0145;1;675.85;0.1;608.26
OL001451_2;O001451;P0291;3;78.61;0.1;212.25
OL001451_3;O001451;P0471;2;260.11;0.05;494.21
OL001451_4;O001451;P0086;6;778.32;0;4669.92
OL001451_5;O001451;P0081;2;621.09;0.05;1180.07
OL001452_1;O001452;P0489;3;70.72;0.2;169.73
OL001452_2;O001452;P0184;1;100.07;0.1;90.06
OL001452_3;O001452;P0348;6;142.21;0.05;810.6
OL001452_4;O001452;P0320;5;765.71;0;3828.55
OL001452_5;O001452;P0384;6;349.75;0.2;1678.8
OL001453_1;O001453;P0449;6;114.85;0.2;551.28
OL001453_2;O001453;P0193;4;522.59;0.2;1672.29
OL001454_1;O001454;P0384;5;349.75;0;1748.75
OL001455_1;O001455;P0022;6;271.48;0;1628.88
OL001455_2;O001455;P0055;4;587.3;0;2349.2
OL001455_3;O001455;P0114;6;588.56;0.05;3354.79
OL001455_4;O001455;P0007;6;263.33;0.1;1421.98
OL001456_1;O001456;P0387;4;305.32;0.1;1099.15
OL001456_2;O001456;P0352;5;607.79;0.05;2887.0
OL001456_3;O001456;P0472;1;789.27;0.05;749.81
OL001456_4;O001456;P0349;1;43.17;0.1;38.85
OL001456_5;O001456;P0465;4;313.22;0.2;1002.3
OL001457_1;O001457;P0023;5;157.25;0;786.25
OL001457_2;O001457;P0216;6;264.68;0;1588.08
OL001457_3;O001457;P0199;3;380.74;0.1;1028.0
OL001458_1;O001458;P0477;1;66.68;0.2;53.34
OL001458_2;O001458;P0077;3;382.69;0.1;1033.26
OL001458_3;O001458;P0311;4;604.23;0;2416.92
OL001459_1;O001459;P0322;5;525.88;0.1;2366.46
OL001459_2;O001459;P0379;2;436.54;0;873.08
OL001459_3;O001459;P0293;4;451.7;0;1806.8
OL001459_4;O001459;P0030;3;394.47;0;1183.41
OL001459_5;O001459;P0254;6;489.24;0;2935.44
OL001460_1;O001460;P0301;6;463.23;0;2779.38
OL001460_2;O001460;P0057;4;523.52;0.1;1884.67
OL001460_3;O001460;P0105;1;183.03;0.2;146.42
OL001460_4;O001460;P0047;5;276.83;0.2;1107.32
OL001461_1;O001461;P0214;4;710.29;0;2841.16
OL001461_2;O001461;P0329;6;443.35;0.05;2527.1
OL001461_3;O001461;P0252;4;630.67;0.05;2396.55
OL001462_1;O001462;P0241;2;631.64;0;1263.28
OL001462_2;O001462;P0112;2;126.69;0.05;240.71
OL001463_1;O001463;P0007;2;263.33;0.2;421.33
OL001463_2;O001463;P0002;6;76.91;0.1;415.31
OL001464_1;O001464;P0258;1;297.45;0.1;267.7
OL001464_2;O001464;P0249;5;271.37;0;1356.85
OL001465_1;O001465;P0298;5;312.31;0.05;1483.47
OL001465_2;O001465;P0173;1;352.63;0;352.63
OL001465_3;O001465;P0103;6;795.33;0.1;4294.78
OL001466_1;O001466;P0364;3;219.99;0.05;626.97
OL001466_2;O001466;P0065;6;63.35;0.1;342.09
OL001467_1;O001467;P0169;2;336.35;0.05;639.07
OL001467_2;O001467;P0435;5;639.42;0.05;3037.24
OL001467_3;O001467;P0408;5;316.09;0.2;1264.36
OL001467_4;O001467;P0037;5;655.22;0.05;3112.3
OL001468_1;O001468;P0205;6;483.96;0;2903.76
OL001468_2;O001468;P0210;3;475.56;0.1;1284.01
OL001469_1;O001469;P0439;3;388.5;0.2;932.4
OL001469_2;O001469;P0399;3;528.98;0;1586.94
OL001469_3;O001469;P0344;6;616.84;0.05;3515.99
OL001469_4;O001469;P0380;3;797.92;0.1;2154.38
OL001469_5;O001469;P0246;4;725.45;0.1;2611.62
OL001470_1;O001470;P0289;6;528.94;0.05;3014.96
OL001470_2;O001470;P0492;5;280.85;0;1404.25
OL001471_1;O001471;P0274;1;169.86;0.1;152.87
OL001471_2;O001471;P0070;1;493.71;0;493.71
OL001471_3;O001471;P0015;2;787.05;0;1574.1
OL001471_4;O001471;P0282;5;793.52;0;3967.6
OL001472_1;O001472;P0115;4;743.79;0.05;2826.4
OL001472_2;O001472;P0216;4;264.68;0;1058.72
OL001472_3;O001472;P0236;6;664.71;0;3988.26
OL001472_4;O001472;P0297;6;608.4;0;3650.4
OL001472_5;O001472;P0178;4;158.86;0.05;603.67
OL001473_1;O001473;P0139;4;502.22;0.2;1607.1
OL001473_2;O001473;P0335;5;207.42;0.1;933.39
OL001473_3;O001473;P0383;2;166.51;0;333.02
OL001474_1;O001474;P0066;3;324.4;0.05;924.54
OL001474_2;O001474;P0254;5;489.24;0;2446.2
OL001474_3;O001474;P0352;1;607.79;0.2;486.23
OL001474_4;O001474;P0168;5;500.32;0;2501.6
OL001475_1;O001475;P0481;3;741.99;0.05;2114.67
OL001475_2;O001475;P0201;4;195.65;0;782.6
OL001475_3;O001475;P0323;3;751.63;0.1;2029.4
OL001475_4;O001475;P0145;2;675.85;0.1;1216.53
OL001475_5;O001475;P0386;5;644.21;0;3221.05
OL001476_1;O001476;P0180;3;515.85;0;1547.55
OL001477_1;O001477;P0339;5;27.48;0.05;130.53
OL001477_2;O001477;P0033;2;75.31;0.05;143.09
OL001478_1;O001478;P0324;4;195.36;0;781.44
OL001479_1;O001479;P0149;6;168.57;0;1011.42
OL001479_2;O001479;P0011;5;638.57;0;3192.85
OL001479_3;O001479;P0262;2;522.33;0.1;940.19
OL001480_1;O001480;P0287;1;73.23;0.2;58.58
OL001480_2;O001480;P0167;1;472.6;0;472.6
OL001480_3;O001480;P0115;1;743.79;0;743.79
OL001481_1;O001481;P0391;1;426.17;0;426.17
OL001481_2;O001481;P0031;2;675.17;0.2;1080.27
OL001482_1;O001482;P0247;1;163.52;0.2;130.82
OL001482_2;O001482;P0447;6;391.3;0;2347.8
OL001482_3;O001482;P0137;5;549.67;0.1;2473.51
OL001482_4;O001482;P0340;2;193.92;0.1;349.06
OL001482_5;O001482;P0166;3;185.58;0.1;501.07
OL001483_1;O001483;P0273;2;481.26;0.05;914.39
OL001483_2;O001483;P0072;6;579.4;0.1;3128.76
OL001483_3;O001483;P0336;5;199.25;0.2;797.0
OL001483_4;O001483;P0496;1;549.97;0;549.97
OL001483_5;O001483;P0418;5;726.66;0.05;3451.63
OL001484_1;O001484;P0019;6;629.57;0.05;3588.55
OL001484_2;O001484;P0031;6;675.17;0.1;3645.92
OL001484_3;O001484;P0385;5;263.38;0;1316.9
OL001484_4;O001484;P0497;5;19.37;0.2;77.48
OL001485_1;O001485;P0383;6;166.51;0.05;949.11
OL001485_2;O001485;P0193;2;522.59;0;1045.18
OL001485_3;O001485;P0438;2;582.27;0.2;931.63
OL001486_1;O001486;P0207;2;659.25;0.2;1054.8
OL001486_2;O001486;P0279;1;332.83;0;332.83
OL001487_1;O001487;P0491;6;148.57;0.05;846.85
OL001487_2;O001487;P0247;4;163.52;0;654.08
OL001487_3;O001487;P0488;2;528.49;0.1;951.28
OL001487_4;O001487;P0013;2;326.64;0.2;522.62
OL001488_1;O001488;P0488;3;528.49;0;1585.47
OL001488_2;O001488;P0396;6;397.05;0;2382.3
OL001488_3;O001488;P0478;6;117.26;0;703.56
OL001488_4;O001488;P0072;5;579.4;0;2897.0
OL001488_5;O001488;P0444;4;603.72;0;2414.88
OL001489_1;O001489;P0455;2;714.87;0;1429.74
OL001489_2;O001489;P0134;1;433.06;0;433.06
OL001489_3;O001489;P0456;2;49.86;0.05;94.73
OL001489_4;O001489;P0206;2;290.56;0;581.12
OL001489_5;O001489;P0104;2;281.79;0.2;450.86
OL001490_1;O001490;P0335;2;207.42;0;414.84
OL001490_2;O001490;P0100;2;146.52;0.05;278.39
OL001490_3;O001490;P0031;5;675.17;0.1;3038.26
OL001490_4;O001490;P0089;5;216.18;0.1;972.81
OL001491_1;O001491;P0088;3;513.4;0.2;1232.16
OL001491_2;O001491;P0225;2;147.3;0.2;235.68
OL001491_3;O001491;P0307;6;284.36;0.05;1620.85
OL001491_4;O001491;P0203;4;443.79;0;1775.16
OL001491_5;O001491;P0202;2;103.78;0;207.56
OL001492_1;O001492;P0264;3;726.72;0.1;1962.14
OL001493_1;O001493;P0394;4;310.75;0.1;1118.7
OL001493_2;O001493;P0092;2;376.04;0.2;601.66
OL001494_1;O001494;P0039;1;646.3;0;646.3
OL001494_2;O001494;P0262;3;522.33;0.2;1253.59
OL001494_3;O001494;P0219;1;549.88;0;549.88
OL001495_1;O001495;P0103;5;795.33;0.2;3181.32
OL001495_2;O001495;P0055;6;587.3;0.1;3171.42
OL001495_3;O001495;P0457;2;480.94;0.05;913.79
OL001496_1;O001496;P0397;5;248.84;0.2;995.36
OL001496_2;O001496;P0100;3;146.52;0.05;417.58
OL001497_1;O001497;P0431;4;493.52;0.1;1776.67
OL001498_1;O001498;P0088;5;513.4;0.2;2053.6
OL001499_1;O001499;P0072;1;579.4;0.1;521.46
OL001499_2;O001499;P0447;4;391.3;0.2;1252.16
OL001499_3;O001499;P0002;1;76.91;0;76.91
OL001500_1;O001500;P0152;2;768.81;0;1537.62
OL001500_2;O001500;P0127;6;461.7;0;2770.2
OL001500_3;O001500;P0188;1;581.63;0;581.63
OL001500_4;O001500;P0250;3;162.86;0.2;390.86
OL001500_5;O001500;P0204;2;297.04;0;594.08
OL001501_1;O001501;P0388;3;696.31;0.2;1671.14
OL001501_2;O001501;P0010;2;584.5;0;1169.0
OL001501_3;O001501;P0014;5;732.38;0.1;3295.71
OL001501_4;O001501;P0328;3;32.57;0;97.71
OL001501_5;O001501;P0148;5;570.56;0.1;2567.52
OL001502_1;O001502;P0286;2;660.37;0;1320.74
OL001503_1;O001503;P0482;3;99.4;0;298.2
OL001503_2;O001503;P0016;2;185.38;0.05;352.22
OL001503_3;O001503;P0183;4;223.28;0.2;714.5
OL001503_4;O001503;P0348;5;142.21;0.05;675.5
OL001504_1;O001504;P0202;4;103.78;0;415.12
OL001504_2;O001504;P0393;3;533.76;0.1;1441.15
OL001505_1;O001505;P0321;3;680.63;0;2041.89
OL001505_2;O001505;P0157;2;570.4;0.2;912.64
OL001505_3;O001505;P0127;3;461.7;0;1385.1
OL001505_4;O001505;P0206;1;290.56;0;290.56
OL001505_5;O001505;P0203;5;443.79;0.05;2108.0
OL001506_1;O001506;P0268;1;388.26;0.1;349.43
OL001506_2;O001506;P0162;2;579.81;0.05;1101.64
OL001506_3;O001506;P0428;6;454.12;0.2;2179.78
OL001506_4;O001506;P0035;2;439.05;0.05;834.19
OL001507_1;O001507;P0380;6;797.92;0.1;4308.77
OL001507_2;O001507;P0022;5;271.48;0.2;1085.92
OL001508_1;O001508;P0140;6;470.31;0.1;2539.67
OL001508_2;O001508;P0104;6;281.79;0.1;1521.67
OL001508_3;O001508;P0439;4;388.5;0;1554.0
OL001509_1;O001509;P0120;5;48.04;0.1;216.18
OL001509_2;O001509;P0049;1;10.53;0;10.53
OL001509_3;O001509;P0396;6;397.05;0.05;2263.18
OL001509_4;O001509;P0011;3;638.57;0.1;1724.14
OL001510_1;O001510;P0413;1;204.12;0.2;163.3
OL001510_2;O001510;P0339;5;27.48;0.1;123.66
OL001511_1;O001511;P0440;3;714.73;0.1;1929.77
OL001511_2;O001511;P0285;6;411.59;0.1;2222.59
OL001511_3;O001511;P0231;1;283.35;0;283.35
OL001511_4;O001511;P0198;3;534.33;0.1;1442.69
OL001511_5;O001511;P0356;2;437.87;0.2;700.59
OL001512_1;O001512;P0014;6;732.38;0.2;3515.42
OL001512_2;O001512;P0150;1;566.66;0.05;538.33
OL001512_3;O001512;P0347;5;711.14;0.05;3377.91
OL001512_4;O001512;P0449;3;114.85;0;344.55
OL001513_1;O001513;P0385;5;263.38;0.05;1251.06
OL001513_2;O001513;P0131;5;301.83;0;1509.15
OL001513_3;O001513;P0139;6;502.22;0.05;2862.65
OL001513_4;O001513;P0002;1;76.91;0;76.91
OL001514_1;O001514;P0249;2;271.37;0.2;434.19
OL001514_2;O001514;P0211;5;351.92;0;1759.6
OL001514_3;O001514;P0091;6;378.18;0.2;1815.26
OL001514_4;O001514;P0258;6;297.45;0.05;1695.46
OL001514_5;O001514;P0384;3;349.75;0;1049.25
OL001515_1;O001515;P0209;6;95.13;0.05;542.24
OL001515_2;O001515;P0142;4;383.71;0.05;1458.1
OL001515_3;O001515;P0261;4;635.25;0.2;2032.8
OL001515_4;O001515;P0360;6;44.58;0;267.48
OL001516_1;O001516;P0166;2;185.58;0.1;334.04
OL001516_2;O001516;P0002;6;76.91;0;461.46
OL001516_3;O001516;P0244;3;18.81;0;56.43
OL001516_4;O001516;P0359;1;233.67;0.05;221.99
OL001516_5;O001516;P0032;2;313.32;0.05;595.31
OL001517_1;O001517;P0452;4;162.11;0.2;518.75
OL001517_2;O001517;P0362;6;577.1;0.1;3116.34
OL001518_1;O001518;P0250;6;162.86;0.1;879.44
OL001519_1;O001519;P0140;4;470.31;0;1881.24
OL001519_2;O001519;P0172;4;611.34;0;2445.36
OL001519_3;O001519;P0423;3;403.13;0.1;1088.45
OL001519_4;O001519;P0414;4;357.25;0.2;1143.2
OL001520_1;O001520;P0446;4;305.63;0;1222.52
OL001520_2;O001520;P0048;2;504.68;0;1009.36
OL001520_3;O001520;P0406;6;488.43;0;2930.58
OL001520_4;O001520;P0418;6;726.66;0.1;3923.96
OL001520_5;O001520;P0197;4;19.76;0.1;71.14
OL001521_1;O001521;P0382;4;217.42;0;869.68
OL001521_2;O001521;P0239;5;352.09;0;1760.45
OL001521_3;O001521;P0188;5;581.63;0;2908.15
OL001521_4;O001521;P0123;5;261.79;0;1308.95
OL001521_5;O001521;P0489;3;70.72;0.1;190.94
OL001522_1;O001522;P0016;4;185.38;0;741.52
OL001523_1;O001523;P0176;6;407.64;0.2;1956.67
OL001523_2;O001523;P0299;6;17.68;0.2;84.86
OL001524_1;O001524;P0188;1;581.63;0.1;523.47
OL001525_1;O001525;P0392;3;498.19;0.05;1419.84
OL001525_2;O001525;P0272;6;637.75;0;3826.5
OL001525_3;O001525;P0343;1;381.42;0.2;305.14
OL001526_1;O001526;P0078;2;732.02;0;1464.04
OL001526_2;O001526;P0434;6;193.85;0.05;1104.94
OL001527_1;O001527;P0140;1;470.31;0.2;376.25
OL001527_2;O001527;P0308;6;554.48;0.05;3160.54
OL001527_3;O001527;P0127;4;461.7;0.05;1754.46
OL001527_4;O001527;P0284;6;324.52;0;1947.12
OL001527_5;O001527;P0415;2;736.04;0.1;1324.87
OL001528_1;O001528;P0022;5;271.48;0;1357.4
OL001528_2;O001528;P0138;1;449.53;0;449.53
OL001528_3;O001528;P0111;3;169.16;0;507.48
OL001528_4;O001528;P0175;1;544.63;0.2;435.7
OL001528_5;O001528;P0430;6;558.75;0;3352.5
OL001529_1;O001529;P0036;1;90.91;0.1;81.82
OL001529_2;O001529;P0360;4;44.58;0.2;142.66
OL001530_1;O001530;P0204;2;297.04;0;594.08
OL001530_2;O001530;P0235;3;505.28;0.2;1212.67
OL001531_1;O001531;P0254;6;489.24;0;2935.44
OL001531_2;O001531;P0389;4;382.24;0.1;1376.06
OL001531_3;O001531;P0182;4;130.97;0.2;419.1
OL001532_1;O001532;P0139;3;502.22;0;1506.66
OL001532_2;O001532;P0271;4;181.11;0;724.44
OL001532_3;O001532;P0449;6;114.85;0.2;551.28
OL001532_4;O001532;P0450;3;255.68;0;767.04
OL001533_1;O001533;P0251;3;130.39;0.05;371.61
OL001533_2;O001533;P0279;4;332.83;0;1331.32
OL001533_3;O001533;P0259;6;135.79;0;814.74
OL001534_1;O001534;P0264;5;726.72;0.05;3451.92
OL001534_2;O001534;P0290;5;561.78;0.2;2247.12
OL001534_3;O001534;P0064;5;459.02;0;2295.1
OL001534_4;O001534;P0008;4;240.24;0.2;768.77
OL001535_1;O001535;P0241;3;631.64;0;1894.92
OL001535_2;O001535;P0464;3;326.65;0;979.95
OL001536_1;O001536;P0255;1;714.76;0;714.76
OL001536_2;O001536;P0216;2;264.68;0.2;423.49
OL001536_3;O001536;P0152;3;768.81;0;2306.43
OL001536_4;O001536;P0069;6;355.61;0.1;1920.29
OL001537_1;O001537;P0381;2;126.93;0;253.86
OL001538_1;O001538;P0385;1;263.38;0;263.38
OL001538_2;O001538;P0041;6;694.97;0;4169.82
OL001539_1;O001539;P0386;3;644.21;0;1932.63
OL001539_2;O001539;P0097;6;304.07;0.05;1733.2
OL001539_3;O001539;P0073;2;103.26;0.05;196.19
OL001539_4;O001539;P0109;5;759.21;0;3796.05
OL001539_5;O001539;P0482;5;99.4;0;497.0
OL001540_1;O001540;P0096;1;120.44;0;120.44
OL001540_2;O001540;P0480;3;345.57;0.2;829.37
OL001540_3;O001540;P0159;4;773.52;0;3094.08
OL001541_1;O001541;P0396;5;397.05;0;1985.25
OL001541_2;O001541;P0189;6;88.85;0.2;426.48
OL001541_3;O001541;P0406;5;488.43;0.05;2320.04
OL001541_4;O001541;P0229;4;135.9;0;543.6
OL001541_5;O001541;P0451;4;615.28;0.2;1968.9
OL001542_1;O001542;P0304;3;613.75;0.1;1657.12
OL001542_2;O001542;P0383;4;166.51;0.1;599.44
OL001542_3;O001542;P0269;6;463.05;0;2778.3
OL001542_4;O001542;P0267;5;103.48;0.2;413.92
OL001543_1;O001543;P0118;6;198.02;0.05;1128.71
OL001543_2;O001543;P0493;6;336.23;0;2017.38
OL001544_1;O001544;P0484;5;383.24;0.1;1724.58
OL001544_2;O001544;P0348;4;142.21;0.2;455.07
OL001544_3;O001544;P0044;6;703.08;0.1;3796.63
OL001544_4;O001544;P0284;6;324.52;0;1947.12
OL001544_5;O001544;P0415;2;736.04;0;1472.08
OL001545_1;O001545;P0130;5;716.95;0;3584.75
OL001546_1;O001546;P0081;6;621.09;0;3726.54
OL001546_2;O001546;P0248;6;540.63;0.05;3081.59
OL001546_3;O001546;P0449;6;114.85;0.2;551.28
OL001547_1;O001547;P0443;3;306.44;0;919.32
OL001547_2;O001547;P0389;2;382.24;0.05;726.26
OL001548_1;O001548;P0166;1;185.58;0;185.58
OL001548_2;O001548;P0341;1;630.72;0;630.72
OL001548_3;O001548;P0154;6;626.07;0.2;3005.14
OL001548_4;O001548;P0225;5;147.3;0;736.5
OL001549_1;O001549;P0202;4;103.78;0.1;373.61
OL001549_2;O001549;P0310;4;494.34;0.05;1878.49
OL001549_3;O001549;P0243;2;318.88;0;637.76
OL001550_1;O001550;P0477;5;66.68;0.05;316.73
OL001550_2;O001550;P0367;2;372.39;0.05;707.54
OL001550_3;O001550;P0167;5;472.6;0.1;2126.7
OL001550_4;O001550;P0373;6;659.33;0.1;3560.38
OL001551_1;O001551;P0486;6;640.6;0.1;3459.24
OL001551_2;O001551;P0384;6;349.75;0;2098.5
OL001551_3;O001551;P0094;6;775.04;0.1;4185.22
OL001552_1;O001552;P0445;1;197.74;0.2;158.19
OL001552_2;O001552;P0164;1;385.83;0.2;308.66
OL001552_3;O001552;P0429;3;719.05;0.1;1941.43
OL001552_4;O001552;P0456;4;49.86;0;199.44
OL001552_5;O001552;P0009;1;320.42;0.1;288.38
OL001553_1;O001553;P0056;1;621.03;0;621.03
OL001553_2;O001553;P0380;6;797.92;0.05;4548.14
OL001553_3;O001553;P0392;2;498.19;0.1;896.74
OL001553_4;O001553;P0384;6;349.75;0;2098.5
OL001553_5;O001553;P0310;4;494.34;0.05;1878.49
OL001554_1;O001554;P0356;5;437.87;0.2;1751.48
OL001554_2;O001554;P0197;5;19.76;0.2;79.04
OL001555_1;O001555;P0261;5;635.25;0;3176.25
OL001555_2;O001555;P0242;3;659.48;0.1;1780.6
OL001555_3;O001555;P0011;2;638.57;0;1277.14
OL001555_4;O001555;P0128;4;242.69;0.2;776.61
OL001556_1;O001556;P0181;4;101.47;0;405.88
OL001556_2;O001556;P0243;4;318.88;0.05;1211.74
OL001556_3;O001556;P0173;5;352.63;0.2;1410.52
OL001556_4;O001556;P0081;2;621.09;0;1242.18
OL001556_5;O001556;P0355;3;666.77;0.05;1900.29
OL001557_1;O001557;P0409;2;613.99;0.05;1166.58
OL001557_2;O001557;P0487;2;584.31;0.2;934.9
OL001558_1;O001558;P0137;4;549.67;0.05;2088.75
OL001558_2;O001558;P0347;3;711.14;0.05;2026.75
OL001558_3;O001558;P0018;4;737.23;0;2948.92
OL001558_4;O001558;P0460;5;497.38;0;2486.9
OL001559_1;O001559;P0278;1;115.77;0;115.77
OL001559_2;O001559;P0164;5;385.83;0;1929.15
OL001559_3;O001559;P0056;1;621.03;0.2;496.82
OL001560_1;O001560;P0100;4;146.52;0.05;556.78
OL001560_2;O001560;P0199;3;380.74;0;1142.22
OL001560_3;O001560;P0480;2;345.57;0;691.14
OL001560_4;O001560;P0154;4;626.07;0.1;2253.85
OL001561_1;O001561;P0112;4;126.69;0.05;481.42
OL001561_2;O001561;P0106;5;799.69;0.1;3598.61
OL001562_1;O001562;P0443;6;306.44;0.2;1470.91
OL001562_2;O001562;P0219;2;549.88;0.2;879.81
OL001562_3;O001562;P0039;3;646.3;0.05;1841.95
OL001562_4;O001562;P0487;5;584.31;0.1;2629.39
OL001563_1;O001563;P0105;5;183.03;0.1;823.63
OL001563_2;O001563;P0331;5;359.07;0.2;1436.28
OL001563_3;O001563;P0180;5;515.85;0.1;2321.33
OL001564_1;O001564;P0478;4;117.26;0;469.04
OL001564_2;O001564;P0471;4;260.11;0;1040.44
OL001564_3;O001564;P0433;5;502.36;0.05;2386.21
OL001564_4;O001564;P0093;3;560.53;0.1;1513.43
OL001564_5;O001564;P0129;4;240.53;0.1;865.91
OL001565_1;O001565;P0388;5;696.31;0.2;2785.24
OL001565_2;O001565;P0241;3;631.64;0.05;1800.17
OL001565_3;O001565;P0253;5;375.65;0.2;1502.6
OL001565_4;O001565;P0435;2;639.42;0;1278.84
OL001565_5;O001565;P0375;2;325.84;0.2;521.34
OL001566_1;O001566;P0142;3;383.71;0;1151.13
OL001566_2;O001566;P0149;4;168.57;0;674.28
OL001567_1;O001567;P0449;6;114.85;0.05;654.64
OL001567_2;O001567;P0314;4;404.68;0.05;1537.78
OL001568_1;O001568;P0325;4;60.4;0.2;193.28
OL001568_2;O001568;P0334;5;481.63;0;2408.15
OL001568_3;O001568;P0399;6;528.98;0.1;2856.49
OL001569_1;O001569;P0337;5;154.1;0.1;693.45
OL001569_2;O001569;P0258;3;297.45;0.05;847.73
OL001569_3;O001569;P0500;1;420.76;0;420.76
OL001569_4;O001569;P0352;6;607.79;0.05;3464.4
OL001570_1;O001570;P0208;3;744.87;0;2234.61
OL001570_2;O001570;P0230;5;271.54;0;1357.7
OL001571_1;O001571;P0085;3;584.5;0.05;1665.82
OL001571_2;O001571;P0284;1;324.52;0.2;259.62
OL001571_3;O001571;P0403;5;578.36;0.1;2602.62
OL001571_4;O001571;P0344;1;616.84;0.2;493.47
OL001572_1;O001572;P0112;5;126.69;0.05;601.78
OL001572_2;O001572;P0018;4;737.23;0;2948.92
OL001572_3;O001572;P0179;1;27.31;0;27.31
OL001572_4;O001572;P0437;1;63.59;0.1;57.23
OL001572_5;O001572;P0311;4;604.23;0.1;2175.23
OL001573_1;O001573;P0395;2;157.27;0;314.54
OL001573_2;O001573;P0148;6;570.56;0.2;2738.69
OL001573_3;O001573;P0088;3;513.4;0;1540.2
OL001573_4;O001573;P0115;4;743.79;0;2975.16
OL001573_5;O001573;P0246;2;725.45;0;1450.9
OL001574_1;O001574;P0476;1;740.34;0.1;666.31
OL001574_2;O001574;P0227;2;743.62;0;1487.24
OL001574_3;O001574;P0275;4;483.85;0.1;1741.86
OL001574_4;O001574;P0173;6;352.63;0.1;1904.2
OL001574_5;O001574;P0024;4;365.16;0.1;1314.58
OL001575_1;O001575;P0182;1;130.97;0.05;124.42
OL001575_2;O001575;P0021;2;281.03;0.05;533.96
OL001576_1;O001576;P0024;5;365.16;0;1825.8
OL001576_2;O001576;P0079;3;262.75;0;788.25
OL001577_1;O001577;P0046;2;324.2;0.05;615.98
OL001577_2;O001577;P0009;6;320.42;0.05;1826.39
OL001577_3;O001577;P0226;6;112.75;0.05;642.67
OL001577_4;O001577;P0024;1;365.16;0;365.16
OL001578_1;O001578;P0159;5;773.52;0.05;3674.22
OL001578_2;O001578;P0320;2;765.71;0.05;1454.85
OL001578_3;O001578;P0224;6;486.68;0.05;2774.08
OL001578_4;O001578;P0379;6;436.54;0.2;2095.39
OL001579_1;O001579;P0374;2;119.34;0;238.68
OL001579_2;O001579;P0179;1;27.31;0.05;25.94
OL001579_3;O001579;P0447;6;391.3;0;2347.8
OL001579_4;O001579;P0134;3;433.06;0.2;1039.34
OL001579_5;O001579;P0323;6;751.63;0.1;4058.8
OL001580_1;O001580;P0410;6;62.25;0.1;336.15
OL001580_2;O001580;P0254;6;489.24;0;2935.44
OL001580_3;O001580;P0432;3;789.16;0;2367.48
OL001580_4;O001580;P0155;1;333.51;0.2;266.81
OL001580_5;O001580;P0193;1;522.59;0.1;470.33
OL001581_1;O001581;P0348;2;142.21;0.2;227.54
OL001582_1;O001582;P0226;4;112.75;0.2;360.8
OL001582_2;O001582;P0257;4;475.78;0.1;1712.81
OL001583_1;O001583;P0239;2;352.09;0;704.18
OL001584_1;O001584;P0135;1;684.61;0.05;650.38
OL001584_2;O001584;P0095;4;329.47;0.05;1251.99
OL001584_3;O001584;P0146;3;263.49;0.2;632.38
OL001585_1;O001585;P0286;1;660.37;0.05;627.35
OL001585_2;O001585;P0305;5;788.44;0.1;3547.98
OL001585_3;O001585;P0425;4;706.91;0;2827.64
OL001585_4;O001585;P0011;5;638.57;0;3192.85
OL001586_1;O001586;P0160;4;275.66;0.05;1047.51
OL001587_1;O001587;P0074;4;572.74;0;2290.96
OL001587_2;O001587;P0426;1;285.73;0;285.73
OL001588_1;O001588;P0004;3;392.54;0.1;1059.86
OL001588_2;O001588;P0463;5;91.32;0.2;365.28
OL001588_3;O001588;P0327;1;205.44;0.2;164.35
OL001589_1;O001589;P0251;5;130.39;0;651.95
OL001589_2;O001589;P0376;2;662.31;0;1324.62
OL001590_1;O001590;P0298;6;312.31;0.05;1780.17
OL001591_1;O001591;P0081;6;621.09;0.1;3353.89
OL001591_2;O001591;P0210;5;475.56;0.05;2258.91
OL001591_3;O001591;P0364;5;219.99;0;1099.95
OL001591_4;O001591;P0466;6;280.34;0.05;1597.94
OL001592_1;O001592;P0231;5;283.35;0;1416.75
OL001592_2;O001592;P0175;2;544.63;0.05;1034.8
OL001592_3;O001592;P0022;2;271.48;0.2;434.37
OL001592_4;O001592;P0349;5;43.17;0;215.85
OL001593_1;O001593;P0447;5;391.3;0;1956.5
OL001594_1;O001594;P0441;3;246.48;0.2;591.55
OL001595_1;O001595;P0415;2;736.04;0.05;1398.48
OL001595_2;O001595;P0442;4;711.54;0.2;2276.93
OL001596_1;O001596;P0166;4;185.58;0.2;593.86
OL001597_1;O001597;P0026;5;100.02;0;500.1
OL001597_2;O001597;P0215;5;239.56;0;1197.8
OL001597_3;O001597;P0391;4;426.17;0.2;1363.74
OL001598_1;O001598;P0317;1;746.16;0.2;596.93
OL001598_2;O001598;P0458;2;539.99;0;1079.98
OL001599_1;O001599;P0432;5;789.16;0.2;3156.64
OL001599_2;O001599;P0088;1;513.4;0;513.4
OL001599_3;O001599;P0087;4;420.61;0;1682.44
OL001599_4;O001599;P0273;1;481.26;0.05;457.2
OL001599_5;O001599;P0481;2;741.99;0;1483.98
OL001600_1;O001600;P0251;3;130.39;0.05;371.61
OL001600_2;O001600;P0121;6;309.18;0;1855.08
OL001600_3;O001600;P0260;5;193.08;0.1;868.86
OL001601_1;O001601;P0428;5;454.12;0;2270.6
OL001601_2;O001601;P0245;3;434.35;0.05;1237.9
OL001601_3;O001601;P0327;6;205.44;0.05;1171.01
OL001601_4;O001601;P0332;1;423.42;0.05;402.25
OL001601_5;O001601;P0426;3;285.73;0.2;685.75
OL001602_1;O001602;P0407;2;553.63;0.05;1051.9
OL001603_1;O001603;P0047;5;276.83;0;1384.15
OL001604_1;O001604;P0205;2;483.96;0;967.92
OL001604_2;O001604;P0060;4;519.25;0;2077.0
OL001604_3;O001604;P0150;1;566.66;0.2;453.33
OL001604_4;O001604;P0489;2;70.72;0;141.44
OL001605_1;O001605;P0186;1;402.12;0.2;321.7
OL001605_2;O001605;P0038;5;690.23;0;3451.15
OL001605_3;O001605;P0003;3;222.04;0.1;599.51
OL001605_4;O001605;P0395;4;157.27;0;629.08
OL001605_5;O001605;P0327;3;205.44;0;616.32
OL001606_1;O001606;P0402;4;349.75;0.1;1259.1
OL001606_2;O001606;P0051;1;724.0;0.1;651.6
OL001606_3;O001606;P0213;3;771.24;0.1;2082.35
OL001606_4;O001606;P0012;2;530.34;0.05;1007.65
OL001606_5;O001606;P0298;2;312.31;0;624.62
OL001607_1;O001607;P0477;5;66.68;0.1;300.06
OL001607_2;O001607;P0356;6;437.87;0.05;2495.86
OL001607_3;O001607;P0084;4;437.82;0;1751.28
OL001607_4;O001607;P0162;5;579.81;0.1;2609.14
OL001607_5;O001607;P0484;5;383.24;0.2;1532.96
OL001608_1;O001608;P0081;3;621.09;0.2;1490.62
OL001609_1;O001609;P0350;4;404.94;0.1;1457.78
OL001610_1;O001610;P0237;1;39.93;0.1;35.94
OL001611_1;O001611;P0481;2;741.99;0.05;1409.78
OL001612_1;O001612;P0284;2;324.52;0.05;616.59
OL001612_2;O001612;P0039;1;646.3;0.1;581.67
OL001612_3;O001612;P0446;3;305.63;0;916.89
OL001612_4;O001612;P0139;6;502.22;0;3013.32
OL001613_1;O001613;P0330;4;515.43;0.05;1958.63
OL001614_1;O001614;P0143;6;557.99;0.1;3013.15
OL001614_2;O001614;P0201;3;195.65;0;586.95
OL001615_1;O001615;P0244;6;18.81;0;112.86
OL001615_2;O001615;P0477;2;66.68;0.05;126.69
OL001616_1;O001616;P0028;1;540.97;0.2;432.78
OL001616_2;O001616;P0410;5;62.25;0;311.25
OL001616_3;O001616;P0008;3;240.24;0;720.72
OL001616_4;O001616;P0357;6;499.59;0.05;2847.66
OL001617_1;O001617;P0245;1;434.35;0;434.35
OL001617_2;O001617;P0341;4;630.72;0.2;2018.3
OL001617_3;O001617;P0396;3;397.05;0;1191.15
OL001617_4;O001617;P0429;3;719.05;0;2157.15
OL001617_5;O001617;P0040;6;221.2;0.1;1194.48
OL001618_1;O001618;P0378;5;189.11;0.05;898.27
OL001619_1;O001619;P0204;2;297.04;0.2;475.26
OL001620_1;O001620;P0263;6;307.56;0.2;1476.29
OL001620_2;O001620;P0014;5;732.38;0.2;2929.52
OL001620_3;O001620;P0377;6;626.3;0;3757.8
OL001620_4;O001620;P0202;5;103.78;0;518.9
OL001621_1;O001621;P0249;4;271.37;0;1085.48
OL001621_2;O001621;P0178;1;158.86;0;158.86
OL001621_3;O001621;P0266;3;231.84;0.1;625.97
OL001621_4;O001621;P0064;4;459.02;0;1836.08
OL001622_1;O001622;P0093;1;560.53;0.05;532.5
OL001622_2;O001622;P0370;2;454.88;0;909.76
OL001622_3;O001622;P0312;3;783.63;0;2350.89
OL001623_1;O001623;P0443;5;306.44;0.05;1455.59
OL001624_1;O001624;P0217;6;571.0;0;3426.0
OL001625_1;O001625;P0092;3;376.04;0.1;1015.31
OL001626_1;O001626;P0269;3;463.05;0.1;1250.24
OL001626_2;O001626;P0031;6;675.17;0.2;3240.82
OL001627_1;O001627;P0096;2;120.44;0.1;216.79
OL001627_2;O001627;P0333;1;738.45;0.2;590.76
OL001627_3;O001627;P0004;5;392.54;0.2;1570.16
OL001627_4;O001627;P0108;4;478.09;0;1912.36
OL001627_5;O001627;P0191;1;716.68;0.2;573.34
OL001628_1;O001628;P0115;2;743.79;0.1;1338.82
OL001629_1;O001629;P0470;3;367.85;0.2;882.84
OL001629_2;O001629;P0371;1;323.7;0;323.7
OL001630_1;O001630;P0493;3;336.23;0.2;806.95
OL001630_2;O001630;P0249;6;271.37;0.05;1546.81
OL001631_1;O001631;P0110;2;193.77;0;387.54
OL001631_2;O001631;P0052;5;606.63;0;3033.15
OL001631_3;O001631;P0368;4;408.71;0;1634.84
OL001631_4;O001631;P0054;5;790.64;0.05;3755.54
OL001632_1;O001632;P0249;5;271.37;0;1356.85
OL001632_2;O001632;P0015;4;787.05;0;3148.2
OL001633_1;O001633;P0066;3;324.4;0.1;875.88
OL001633_2;O001633;P0287;3;73.23;0.1;197.72
OL001633_3;O001633;P0125;2;526.37;0.05;1000.1
OL001634_1;O001634;P0013;4;326.64;0;1306.56
OL001634_2;O001634;P0465;6;313.22;0;1879.32
OL001635_1;O001635;P0143;3;557.99;0.1;1506.57
OL001635_2;O001635;P0168;6;500.32;0.1;2701.73
OL001635_3;O001635;P0381;6;126.93;0.2;609.26
OL001636_1;O001636;P0215;4;239.56;0.05;910.33
OL001636_2;O001636;P0005;5;164.48;0;822.4
OL001636_3;O001636;P0025;1;604.34;0.1;543.91
OL001637_1;O001637;P0010;5;584.5;0;2922.5
OL001637_2;O001637;P0432;3;789.16;0.05;2249.11
OL001637_3;O001637;P0489;4;70.72;0.05;268.74
OL001637_4;O001637;P0159;5;773.52;0.05;3674.22
OL001638_1;O001638;P0209;1;95.13;0.05;90.37
OL001638_2;O001638;P0459;5;255.21;0.2;1020.84
OL001638_3;O001638;P0310;2;494.34;0.05;939.25
OL001639_1;O001639;P0406;4;488.43;0.05;1856.03
OL001640_1;O001640;P0398;4;653.74;0.05;2484.21
OL001641_1;O001641;P0158;4;182.39;0;729.56
OL001641_2;O001641;P0212;5;529.44;0.05;2514.84
OL001641_3;O001641;P0472;3;789.27;0.05;2249.42
OL001642_1;O001642;P0443;4;306.44;0;1225.76
OL001642_2;O001642;P0140;6;470.31;0.05;2680.77
OL001643_1;O001643;P0157;1;570.4;0;570.4
OL001643_2;O001643;P0295;6;451.32;0.05;2572.52
OL001643_3;O001643;P0197;3;19.76;0.2;47.42
OL001643_4;O001643;P0131;4;301.83;0;1207.32
OL001643_5;O001643;P0452;5;162.11;0;810.55
OL001644_1;O001644;P0474;2;195.84;0.1;352.51
OL001644_2;O001644;P0272;1;637.75;0.05;605.86
OL001644_3;O001644;P0128;3;242.69;0;728.07
OL001644_4;O001644;P0180;1;515.85;0.2;412.68
OL001645_1;O001645;P0308;2;554.48;0.05;1053.51
OL001646_1;O001646;P0164;5;385.83;0;1929.15
OL001646_2;O001646;P0014;6;732.38;0.05;4174.57
OL001646_3;O001646;P0434;6;193.85;0.1;1046.79
OL001646_4;O001646;P0376;2;662.31;0.2;1059.7
OL001647_1;O001647;P0434;4;193.85;0;775.4
OL001647_2;O001647;P0070;3;493.71;0;1481.13
OL001647_3;O001647;P0357;1;499.59;0.05;474.61
OL001647_4;O001647;P0189;3;88.85;0.05;253.22
OL001648_1;O001648;P0364;6;219.99;0.1;1187.95
OL001648_2;O001648;P0200;6;271.41;0.1;1465.61
OL001648_3;O001648;P0108;2;478.09;0.05;908.37
OL001649_1;O001649;P0168;6;500.32;0.2;2401.54
OL001649_2;O001649;P0451;5;615.28;0.1;2768.76
OL001649_3;O001649;P0031;6;675.17;0.2;3240.82
OL001649_4;O001649;P0298;3;312.31;0;936.93
OL001649_5;O001649;P0377;6;626.3;0.1;3382.02
OL001650_1;O001650;P0493;3;336.23;0;1008.69
OL001650_2;O001650;P0355;3;666.77;0;2000.31
OL001650_3;O001650;P0029;4;557.81;0.2;1784.99
OL001650_4;O001650;P0426;4;285.73;0;1142.92
OL001650_5;O001650;P0222;3;780.9;0;2342.7
OL001651_1;O001651;P0438;6;582.27;0.1;3144.26
OL001652_1;O001652;P0028;4;540.97;0;2163.88
OL001652_2;O001652;P0011;5;638.57;0;3192.85
OL001653_1;O001653;P0002;1;76.91;0.1;69.22
OL001653_2;O001653;P0345;5;590.9;0.05;2806.78
OL001653_3;O001653;P0465;5;313.22;0.2;1252.88
OL001653_4;O001653;P0061;1;489.47;0;489.47
OL001653_5;O001653;P0294;3;369.26;0.1;997.0
OL001654_1;O001654;P0415;2;736.04;0;1472.08
OL001655_1;O001655;P0370;4;454.88;0.05;1728.54
OL001655_2;O001655;P0451;6;615.28;0.05;3507.1
OL001656_1;O001656;P0448;4;423.67;0.1;1525.21
OL001656_2;O001656;P0405;2;158.47;0;316.94
OL001657_1;O001657;P0346;6;135.3;0.2;649.44
OL001657_2;O001657;P0126;6;160.09;0.1;864.49
OL001657_3;O001657;P0074;4;572.74;0.2;1832.77
OL001658_1;O001658;P0404;5;705.3;0.1;3173.85
OL001658_2;O001658;P0471;5;260.11;0;1300.55
OL001658_3;O001658;P0027;3;284.86;0;854.58
OL001658_4;O001658;P0227;4;743.62;0;2974.48
OL001659_1;O001659;P0361;1;88.02;0.1;79.22
OL001660_1;O001660;P0318;4;546.87;0;2187.48
OL001660_2;O001660;P0410;3;62.25;0.05;177.41
OL001660_3;O001660;P0016;1;185.38;0.2;148.3
OL001661_1;O001661;P0371;6;323.7;0;1942.2
OL001662_1;O001662;P0121;5;309.18;0.1;1391.31
OL001662_2;O001662;P0416;6;625.2;0;3751.2
OL001663_1;O001663;P0487;6;584.31;0.05;3330.57
OL001663_2;O001663;P0008;1;240.24;0.1;216.22
OL001664_1;O001664;P0365;1;86.72;0;86.72
OL001664_2;O001664;P0490;3;213.0;0.05;607.05
OL001664_3;O001664;P0027;1;284.86;0.05;270.62
OL001664_4;O001664;P0383;2;166.51;0;333.02
OL001664_5;O001664;P0363;1;514.74;0.2;411.79
OL001665_1;O001665;P0026;3;100.02;0.05;285.06
OL001665_2;O001665;P0468;5;765.15;0.05;3634.46
OL001665_3;O001665;P0193;2;522.59;0.05;992.92
OL001665_4;O001665;P0242;3;659.48;0;1978.44
OL001666_1;O001666;P0173;3;352.63;0;1057.89
OL001666_2;O001666;P0379;5;436.54;0;2182.7
OL001666_3;O001666;P0256;4;439.34;0;1757.36
OL001666_4;O001666;P0407;1;553.63;0.05;525.95
OL001667_1;O001667;P0196;3;395.62;0;1186.86
OL001667_2;O001667;P0135;3;684.61;0.05;1951.14
OL001667_3;O001667;P0047;3;276.83;0.05;788.97
OL001667_4;O001667;P0383;2;166.51;0.2;266.42
OL001667_5;O001667;P0499;3;87.64;0;262.92
OL001668_1;O001668;P0486;4;640.6;0;2562.4
OL001668_2;O001668;P0151;2;107.86;0.05;204.93
OL001668_3;O001668;P0033;4;75.31;0.2;240.99
OL001668_4;O001668;P0341;5;630.72;0;3153.6
OL001668_5;O001668;P0151;2;107.86;0;215.72
OL001669_1;O001669;P0306;6;185.45;0.1;1001.43
OL001669_2;O001669;P0201;4;195.65;0;782.6
OL001670_1;O001670;P0364;6;219.99;0.2;1055.95
OL001671_1;O001671;P0222;4;780.9;0.1;2811.24
OL001672_1;O001672;P0186;2;402.12;0.1;723.82
OL001673_1;O001673;P0414;3;357.25;0.05;1018.16
OL001673_2;O001673;P0353;4;116.44;0.1;419.18
OL001673_3;O001673;P0303;6;291.26;0.2;1398.05
OL001673_4;O001673;P0441;5;246.48;0;1232.4
OL001673_5;O001673;P0047;2;276.83;0;553.66
OL001674_1;O001674;P0448;6;423.67;0;2542.02
OL001674_2;O001674;P0368;1;408.71;0.1;367.84
OL001674_3;O001674;P0368;2;408.71;0.1;735.68
OL001674_4;O001674;P0032;2;313.32;0.05;595.31
OL001675_1;O001675;P0473;6;774.64;0;4647.84
OL001675_2;O001675;P0198;1;534.33;0;534.33
OL001675_3;O001675;P0400;3;346.91;0;1040.73
OL001675_4;O001675;P0442;4;711.54;0.2;2276.93
OL001676_1;O001676;P0420;2;145.0;0.2;232.0
OL001676_2;O001676;P0255;1;714.76;0.2;571.81
OL001676_3;O001676;P0469;2;58.57;0.05;111.28
OL001676_4;O001676;P0457;1;480.94;0;480.94
OL001677_1;O001677;P0429;6;719.05;0.1;3882.87
OL001677_2;O001677;P0001;6;481.57;0.2;2311.54
OL001677_3;O001677;P0312;6;783.63;0.1;4231.6
OL001678_1;O001678;P0135;4;684.61;0;2738.44
OL001679_1;O001679;P0460;1;497.38;0.2;397.9
OL001680_1;O001680;P0167;1;472.6;0.1;425.34
OL001680_2;O001680;P0084;3;437.82;0.05;1247.79
OL001680_3;O001680;P0115;2;743.79;0;1487.58
OL001680_4;O001680;P0190;6;101.56;0;609.36
OL001680_5;O001680;P0493;5;336.23;0.05;1597.09
OL001681_1;O001681;P0107;5;654.87;0;3274.35
OL001682_1;O001682;P0141;6;705.31;0.05;4020.27
OL001683_1;O001683;P0104;1;281.79;0.2;225.43
OL001683_2;O001683;P0480;2;345.57;0.05;656.58
OL001683_3;O001683;P0092;2;376.04;0.2;601.66
OL001683_4;O001683;P0025;4;604.34;0;2417.36
OL001683_5;O001683;P0188;4;581.63;0;2326.52
OL001684_1;O001684;P0291;2;78.61;0.1;141.5
OL001685_1;O001685;P0191;4;716.68;0.2;2293.38
OL001685_2;O001685;P0390;1;214.34;0.05;203.62
OL001685_3;O001685;P0017;5;474.99;0.2;1899.96
OL001686_1;O001686;P0066;2;324.4;0;648.8
OL001687_1;O001687;P0003;1;222.04;0.05;210.94
OL001687_2;O001687;P0126;5;160.09;0.1;720.41
OL001687_3;O001687;P0476;4;740.34;0.1;2665.22
OL001688_1;O001688;P0183;2;223.28;0.1;401.9
OL001689_1;O001689;P0186;1;402.12;0.2;321.7
OL001689_2;O001689;P0355;4;666.77;0;2667.08
OL001689_3;O001689;P0054;1;790.64;0.2;632.51
OL001689_4;O001689;P0260;6;193.08;0.1;1042.63
OL001690_1;O001690;P0033;2;75.31;0.1;135.56
OL001690_2;O001690;P0302;1;201.22;0.05;191.16
OL001690_3;O001690;P0373;2;659.33;0.05;1252.73
OL001690_4;O001690;P0088;5;513.4;0.05;2438.65
OL001690_5;O001690;P0194;3;677.04;0.2;1624.9
OL001691_1;O001691;P0022;5;271.48;0;1357.4
OL001692_1;O001692;P0214;3;710.29;0.2;1704.7
OL001692_2;O001692;P0194;6;677.04;0.1;3656.02
OL001692_3;O001692;P0469;6;58.57;0;351.42
OL001693_1;O001693;P0114;6;588.56;0;3531.36
OL001693_2;O001693;P0272;4;637.75;0.2;2040.8
OL001693_3;O001693;P0005;6;164.48;0;986.88
OL001694_1;O001694;P0121;6;309.18;0.1;1669.57
OL001695_1;O001695;P0127;2;461.7;0;923.4
OL001695_2;O001695;P0255;5;714.76;0;3573.8
OL001695_3;O001695;P0231;2;283.35;0;566.7
OL001696_1;O001696;P0392;1;498.19;0.05;473.28
OL001697_1;O001697;P0288;4;771.19;0.1;2776.28
OL001697_2;O001697;P0233;2;418.33;0.2;669.33
OL001697_3;O001697;P0092;5;376.04;0.2;1504.16
OL001698_1;O001698;P0270;2;141.41;0;282.82
OL001698_2;O001698;P0316;2;507.59;0;1015.18
OL001698_3;O001698;P0428;5;454.12;0.2;1816.48
OL001698_4;O001698;P0269;4;463.05;0;1852.2
OL001698_5;O001698;P0080;3;645.43;0.05;1839.48
OL001699_1;O001699;P0103;4;795.33;0;3181.32
OL001699_2;O001699;P0362;3;577.1;0.2;1385.04
OL001699_3;O001699;P0083;4;798.25;0;3193.0
OL001700_1;O001700;P0039;3;646.3;0.2;1551.12
OL001700_2;O001700;P0401;1;119.48;0.2;95.58
OL001700_3;O001700;P0465;1;313.22;0;313.22
OL001700_4;O001700;P0025;5;604.34;0;3021.7
OL001701_1;O001701;P0373;3;659.33;0;1977.99
OL001701_2;O001701;P0412;1;461.83;0.05;438.74
OL001701_3;O001701;P0093;6;560.53;0;3363.18
OL001701_4;O001701;P0175;6;544.63;0.2;2614.22
OL001702_1;O001702;P0031;6;675.17;0.2;3240.82
OL001702_2;O001702;P0348;6;142.21;0.1;767.93
OL001702_3;O001702;P0385;1;263.38;0;263.38
OL001702_4;O001702;P0417;4;368.41;0;1473.64
OL001703_1;O001703;P0331;3;359.07;0.1;969.49
OL001703_2;O001703;P0174;2;431.69;0.1;777.04
OL001703_3;O001703;P0345;6;590.9;0.05;3368.13
OL001703_4;O001703;P0032;3;313.32;0;939.96
OL001703_5;O001703;P0146;4;263.49;0.1;948.56
OL001704_1;O001704;P0184;5;100.07;0.2;400.28
OL001704_2;O001704;P0253;3;375.65;0.2;901.56
OL001704_3;O001704;P0478;6;117.26;0;703.56
OL001705_1;O001705;P0235;6;505.28;0.05;2880.1
OL001705_2;O001705;P0151;6;107.86;0.05;614.8
OL001705_3;O001705;P0117;2;485.89;0;971.78
OL001705_4;O001705;P0304;6;613.75;0.05;3498.38
OL001706_1;O001706;P0369;3;797.51;0.2;1914.02
OL001706_2;O001706;P0247;2;163.52;0.2;261.63
OL001706_3;O001706;P0109;6;759.21;0.05;4327.5
OL001706_4;O001706;P0053;5;114.83;0;574.15
OL001707_1;O001707;P0068;1;170.53;0;170.53
OL001707_2;O001707;P0258;2;297.45;0.1;535.41
OL001707_3;O001707;P0183;5;223.28;0.05;1060.58
OL001708_1;O001708;P0457;4;480.94;0.05;1827.57
OL001708_2;O001708;P0493;1;336.23;0;336.23
OL001708_3;O001708;P0395;2;157.27;0.05;298.81
OL001709_1;O001709;P0333;3;738.45;0;2215.35
OL001709_2;O001709;P0166;4;185.58;0.2;593.86
OL001709_3;O001709;P0384;6;349.75;0.05;1993.57
OL001709_4;O001709;P0439;3;388.5;0.2;932.4
OL001709_5;O001709;P0011;6;638.57;0.1;3448.28
OL001710_1;O001710;P0135;4;684.61;0.2;2190.75
OL001710_2;O001710;P0259;5;135.79;0;678.95
OL001710_3;O001710;P0393;4;533.76;0.1;1921.54
OL001711_1;O001711;P0232;2;639.0;0;1278.0
OL001711_2;O001711;P0491;4;148.57;0.2;475.42
OL001711_3;O001711;P0269;1;463.05;0.05;439.9
OL001712_1;O001712;P0200;5;271.41;0;1357.05
OL001712_2;O001712;P0416;5;625.2;0.05;2969.7
OL001713_1;O001713;P0054;3;790.64;0.2;1897.54
OL001713_2;O001713;P0371;5;323.7;0.05;1537.57
OL001713_3;O001713;P0085;4;584.5;0.05;2221.1
OL001714_1;O001714;P0037;6;655.22;0;3931.32
OL001714_2;O001714;P0329;3;443.35;0.1;1197.05
OL001715_1;O001715;P0158;6;182.39;0.2;875.47
OL001715_2;O001715;P0395;5;157.27;0.05;747.03
OL001715_3;O001715;P0455;5;714.87;0.1;3216.91
OL001715_4;O001715;P0029;1;557.81;0.05;529.92
OL001716_1;O001716;P0307;2;284.36;0;568.72
OL001716_2;O001716;P0374;5;119.34;0.1;537.03
OL001716_3;O001716;P0325;5;60.4;0;302.0
OL001716_4;O001716;P0363;4;514.74;0.05;1956.01
OL001717_1;O001717;P0440;6;714.73;0;4288.38
OL001717_2;O001717;P0228;3;67.58;0.1;182.47
OL001718_1;O001718;P0162;6;579.81;0.2;2783.09
OL001718_2;O001718;P0498;6;429.72;0.1;2320.49
OL001718_3;O001718;P0091;6;378.18;0.05;2155.63
OL001719_1;O001719;P0332;4;423.42;0;1693.68
OL001720_1;O001720;P0141;3;705.31;0.05;2010.13
OL001721_1;O001721;P0001;2;481.57;0.1;866.83
OL001722_1;O001722;P0499;3;87.64;0;262.92
OL001722_2;O001722;P0392;1;498.19;0.05;473.28
OL001722_3;O001722;P0002;4;76.91;0.2;246.11
OL001722_4;O001722;P0167;5;472.6;0;2363.0
OL001723_1;O001723;P0113;4;533.09;0;2132.36
OL001723_2;O001723;P0429;1;719.05;0.05;683.1
OL001723_3;O001723;P0105;3;183.03;0;549.09
OL001724_1;O001724;P0058;1;496.7;0.1;447.03
OL001724_2;O001724;P0204;1;297.04;0.1;267.34
OL001724_3;O001724;P0310;1;494.34;0;494.34
OL001724_4;O001724;P0222;4;780.9;0;3123.6
OL001725_1;O001725;P0199;6;380.74;0;2284.44
OL001725_2;O001725;P0282;4;793.52;0.05;3015.38
OL001725_3;O001725;P0316;4;507.59;0;2030.36
OL001725_4;O001725;P0442;2;711.54;0;1423.08
OL001725_5;O001725;P0310;5;494.34;0;2471.7
OL001726_1;O001726;P0130;5;716.95;0;3584.75
OL001726_2;O001726;P0481;6;741.99;0;4451.94
OL001726_3;O001726;P0007;1;263.33;0.2;210.66
OL001726_4;O001726;P0366;4;460.32;0;1841.28
OL001727_1;O001727;P0196;4;395.62;0.2;1265.98
OL001727_2;O001727;P0496;1;549.97;0.05;522.47
OL001727_3;O001727;P0010;5;584.5;0;2922.5
OL001728_1;O001728;P0339;1;27.48;0.05;26.11
OL001728_2;O001728;P0465;5;313.22;0.1;1409.49
OL001729_1;O001729;P0412;1;461.83;0;461.83
OL001729_2;O001729;P0142;4;383.71;0.2;1227.87
OL001729_3;O001729;P0025;3;604.34;0.1;1631.72
OL001729_4;O001729;P0376;3;662.31;0.05;1887.58
OL001729_5;O001729;P0307;3;284.36;0;853.08
OL001730_1;O001730;P0223;5;696.39;0.2;2785.56
OL001730_2;O001730;P0028;1;540.97;0.2;432.78
OL001731_1;O001731;P0389;4;382.24;0;1528.96
OL001731_2;O001731;P0428;5;454.12;0.05;2157.07
OL001731_3;O001731;P0084;1;437.82;0.1;394.04
OL001731_4;O001731;P0455;4;714.87;0;2859.48
OL001732_1;O001732;P0146;1;263.49;0;263.49
OL001732_2;O001732;P0119;1;219.52;0;219.52
OL001733_1;O001733;P0215;3;239.56;0;718.68
OL001733_2;O001733;P0313;3;686.48;0.2;1647.55
OL001733_3;O001733;P0495;3;376.57;0.2;903.77
OL001733_4;O001733;P0478;2;117.26;0;234.52
OL001734_1;O001734;P0358;4;435.78;0;1743.12
OL001734_2;O001734;P0273;3;481.26;0.2;1155.02
OL001734_3;O001734;P0157;6;570.4;0;3422.4
OL001734_4;O001734;P0217;5;571.0;0;2855.0
OL001735_1;O001735;P0245;4;434.35;0.2;1389.92
OL001735_2;O001735;P0142;1;383.71;0.05;364.52
OL001735_3;O001735;P0446;1;305.63;0;305.63
OL001736_1;O001736;P0460;2;497.38;0.05;945.02
OL001736_2;O001736;P0077;6;382.69;0;2296.14
OL001736_3;O001736;P0076;3;542.56;0;1627.68
OL001737_1;O001737;P0010;1;584.5;0.1;526.05
OL001737_2;O001737;P0364;3;219.99;0.05;626.97
OL001737_3;O001737;P0395;3;157.27;0.2;377.45
OL001738_1;O001738;P0012;4;530.34;0;2121.36
OL001738_2;O001738;P0323;6;751.63;0.05;4284.29
OL001738_3;O001738;P0445;5;197.74;0.1;889.83
OL001738_4;O001738;P0371;2;323.7;0.1;582.66
OL001739_1;O001739;P0326;4;796.85;0;3187.4
OL001739_2;O001739;P0398;2;653.74;0.05;1242.11
OL001740_1;O001740;P0303;5;291.26;0.2;1165.04
OL001740_2;O001740;P0242;1;659.48;0.2;527.58
OL001740_3;O001740;P0016;6;185.38;0.05;1056.67
OL001740_4;O001740;P0128;5;242.69;0;1213.45
OL001741_1;O001741;P0406;4;488.43;0.05;1856.03
OL001741_2;O001741;P0413;3;204.12;0.05;581.74
OL001741_3;O001741;P0059;2;107.29;0.05;203.85
OL001741_4;O001741;P0475;4;176.86;0;707.44
OL001742_1;O001742;P0039;5;646.3;0.1;2908.35
OL001742_2;O001742;P0023;6;157.25;0.1;849.15
OL001742_3;O001742;P0292;5;168.25;0;841.25
OL001742_4;O001742;P0310;5;494.34;0.05;2348.11
OL001743_1;O001743;P0249;5;271.37;0.05;1289.01
OL001743_2;O001743;P0359;4;233.67;0;934.68
OL001744_1;O001744;P0038;2;690.23;0;1380.46
OL001744_2;O001744;P0164;2;385.83;0.2;617.33
OL001744_3;O001744;P0271;5;181.11;0.2;724.44
OL001745_1;O001745;P0262;1;522.33;0.2;417.86
OL001745_2;O001745;P0333;3;738.45;0.2;1772.28
OL001745_3;O001745;P0340;5;193.92;0.05;921.12
OL001745_4;O001745;P0134;3;433.06;0;1299.18
OL001746_1;O001746;P0351;5;635.26;0;3176.3
OL001747_1;O001747;P0091;1;378.18;0.2;302.54
OL001747_2;O001747;P0063;5;479.2;0;2396.0
OL001747_3;O001747;P0034;5;238.05;0.1;1071.23
OL001748_1;O001748;P0352;2;607.79;0;1215.58
OL001748_2;O001748;P0069;1;355.61;0.1;320.05
OL001749_1;O001749;P0013;4;326.64;0;1306.56
OL001749_2;O001749;P0013;3;326.64;0;979.92
OL001750_1;O001750;P0236;5;664.71;0;3323.55
OL001751_1;O001751;P0335;5;207.42;0;1037.1
OL001751_2;O001751;P0427;5;339.4;0.05;1612.15
OL001751_3;O001751;P0003;1;222.04;0.05;210.94
OL001751_4;O001751;P0199;5;380.74;0.1;1713.33
OL001751_5;O001751;P0043;6;306.39;0;1838.34
OL001752_1;O001752;P0354;6;397.17;0.05;2263.87
OL001752_2;O001752;P0118;2;198.02;0;396.04
OL001753_1;O001753;P0052;2;606.63;0;1213.26
OL001753_2;O001753;P0337;2;154.1;0;308.2
OL001753_3;O001753;P0303;4;291.26;0.1;1048.54
OL001754_1;O001754;P0026;2;100.02;0.1;180.04
OL001754_2;O001754;P0116;6;242.67;0.2;1164.82
OL001754_3;O001754;P0490;3;213.0;0.1;575.1
OL001754_4;O001754;P0143;2;557.99;0;1115.98
OL001754_5;O001754;P0310;1;494.34;0.2;395.47
OL001755_1;O001755;P0138;4;449.53;0.05;1708.21
OL001756_1;O001756;P0002;1;76.91;0.1;69.22
OL001756_2;O001756;P0179;1;27.31;0.2;21.85
OL001757_1;O001757;P0418;4;726.66;0.1;2615.98
OL001757_2;O001757;P0325;3;60.4;0;181.2
OL001757_3;O001757;P0144;4;385.42;0;1541.68
OL001757_4;O001757;P0454;4;261.6;0;1046.4
OL001758_1;O001758;P0132;5;671.29;0.1;3020.8
OL001759_1;O001759;P0480;4;345.57;0.05;1313.17
OL001759_2;O001759;P0173;2;352.63;0;705.26
OL001759_3;O001759;P0443;3;306.44;0.05;873.35
OL001759_4;O001759;P0298;3;312.31;0.05;890.08
OL001759_5;O001759;P0008;5;240.24;0;1201.2
OL001760_1;O001760;P0020;5;367.43;0;1837.15
OL001761_1;O001761;P0031;4;675.17;0;2700.68
OL001761_2;O001761;P0086;2;778.32;0.05;1478.81
OL001761_3;O001761;P0087;3;420.61;0.05;1198.74
OL001761_4;O001761;P0465;2;313.22;0;626.44
OL001762_1;O001762;P0230;5;271.54;0;1357.7
OL001762_2;O001762;P0180;5;515.85;0.05;2450.29
OL001763_1;O001763;P0334;6;481.63;0.05;2745.29
OL001763_2;O001763;P0223;1;696.39;0;696.39
OL001763_3;O001763;P0416;1;625.2;0.1;562.68
OL001763_4;O001763;P0146;4;263.49;0.05;1001.26
OL001764_1;O001764;P0127;5;461.7;0.2;1846.8
OL001764_2;O001764;P0290;2;561.78;0.05;1067.38
OL001764_3;O001764;P0240;1;498.5;0.2;398.8
OL001765_1;O001765;P0006;2;499.95;0;999.9
OL001765_2;O001765;P0481;6;741.99;0.2;3561.55
OL001766_1;O001766;P0436;3;646.77;0;1940.31
OL001767_1;O001767;P0298;6;312.31;0;1873.86
OL001768_1;O001768;P0303;1;291.26;0.05;276.7
OL001768_2;O001768;P0127;5;461.7;0.1;2077.65
OL001768_3;O001768;P0409;4;613.99;0.1;2210.36
OL001768_4;O001768;P0107;5;654.87;0.05;3110.63
OL001769_1;O001769;P0112;2;126.69;0.05;240.71
OL001769_2;O001769;P0486;2;640.6;0.1;1153.08
OL001769_3;O001769;P0388;1;696.31;0;696.31
OL001769_4;O001769;P0347;6;711.14;0.2;3413.47
OL001770_1;O001770;P0197;6;19.76;0.2;94.85
OL001770_2;O001770;P0044;6;703.08;0.1;3796.63
OL001770_3;O001770;P0018;3;737.23;0;2211.69
OL001770_4;O001770;P0299;1;17.68;0.1;15.91
OL001771_1;O001771;P0270;3;141.41;0;424.23
OL001772_1;O001772;P0013;4;326.64;0;1306.56
OL001772_2;O001772;P0131;4;301.83;0.2;965.86
OL001773_1;O001773;P0263;5;307.56;0.05;1460.91
OL001773_2;O001773;P0304;2;613.75;0.1;1104.75
OL001773_3;O001773;P0207;2;659.25;0.1;1186.65
OL001773_4;O001773;P0327;6;205.44;0;1232.64
OL001774_1;O001774;P0460;1;497.38;0.2;397.9
OL001774_2;O001774;P0351;5;635.26;0;3176.3
OL001774_3;O001774;P0385;6;263.38;0;1580.28
OL001775_1;O001775;P0135;5;684.61;0;3423.05
OL001776_1;O001776;P0404;6;705.3;0;4231.8
OL001776_2;O001776;P0142;5;383.71;0;1918.55
OL001776_3;O001776;P0336;1;199.25;0.1;179.33
OL001776_4;O001776;P0147;4;331.66;0.1;1193.98
OL001776_5;O001776;P0131;5;301.83;0;1509.15
OL001777_1;O001777;P0187;3;80.31;0;240.93
OL001778_1;O001778;P0389;5;382.24;0.1;1720.08
OL001778_2;O001778;P0207;1;659.25;0;659.25
OL001778_3;O001778;P0262;4;522.33;0.05;1984.85
OL001778_4;O001778;P0307;1;284.36;0.1;255.92
OL001779_1;O001779;P0309;6;494.09;0.2;2371.63
OL001779_2;O001779;P0169;6;336.35;0.2;1614.48
OL001780_1;O001780;P0303;5;291.26;0;1456.3
OL001780_2;O001780;P0125;2;526.37;0;1052.74
OL001780_3;O001780;P0225;2;147.3;0.05;279.87
OL001780_4;O001780;P0417;5;368.41;0.1;1657.85
OL001781_1;O001781;P0142;6;383.71;0;2302.26
OL001782_1;O001782;P0207;2;659.25;0;1318.5
OL001782_2;O001782;P0418;4;726.66;0.2;2325.31
OL001782_3;O001782;P0332;5;423.42;0.1;1905.39
OL001783_1;O001783;P0286;5;660.37;0.2;2641.48
OL001783_2;O001783;P0026;4;100.02;0.05;380.08
OL001783_3;O001783;P0396;4;397.05;0.05;1508.79
OL001783_4;O001783;P0039;6;646.3;0.1;3490.02
OL001784_1;O001784;P0247;4;163.52;0.1;588.67
OL001784_2;O001784;P0366;4;460.32;0.2;1473.02
OL001784_3;O001784;P0186;5;402.12;0;2010.6
OL001785_1;O001785;P0138;3;449.53;0.05;1281.16
OL001785_2;O001785;P0003;2;222.04;0.05;421.88
OL001786_1;O001786;P0493;2;336.23;0.1;605.21
OL001787_1;O001787;P0164;3;385.83;0;1157.49
OL001787_2;O001787;P0008;5;240.24;0.1;1081.08
OL001787_3;O001787;P0398;1;653.74;0.2;522.99
OL001787_4;O001787;P0423;5;403.13;0.1;1814.09
OL001788_1;O001788;P0184;1;100.07;0;100.07
OL001788_2;O001788;P0455;4;714.87;0.05;2716.51
OL001789_1;O001789;P0402;3;349.75;0.1;944.33
OL001790_1;O001790;P0041;4;694.97;0.1;2501.89
OL001790_2;O001790;P0208;1;744.87;0;744.87
OL001791_1;O001791;P0235;3;505.28;0.05;1440.05
OL001791_2;O001791;P0135;4;684.61;0;2738.44
OL001791_3;O001791;P0197;5;19.76;0;98.8
OL001792_1;O001792;P0372;1;248.45;0.2;198.76
OL001792_2;O001792;P0361;6;88.02;0;528.12
OL001792_3;O001792;P0264;4;726.72;0.05;2761.54
OL001792_4;O001792;P0265;5;15.21;0;76.05
OL001793_1;O001793;P0444;4;603.72;0.2;1931.9
OL001793_2;O001793;P0029;2;557.81;0;1115.62
OL001794_1;O001794;P0311;5;604.23;0.2;2416.92
OL001794_2;O001794;P0016;1;185.38;0.1;166.84
OL001794_3;O001794;P0095;3;329.47;0.1;889.57
OL001794_4;O001794;P0199;5;380.74;0.1;1713.33
OL001795_1;O001795;P0146;1;263.49;0;263.49
OL001796_1;O001796;P0041;5;694.97;0.1;3127.37
OL001796_2;O001796;P0242;3;659.48;0.05;1879.52
OL001796_3;O001796;P0400;4;346.91;0.2;1110.11
OL001796_4;O001796;P0061;2;489.47;0;978.94
OL001797_1;O001797;P0143;1;557.99;0;557.99
OL001797_2;O001797;P0346;4;135.3;0.1;487.08
OL001797_3;O001797;P0250;3;162.86;0.2;390.86
OL001797_4;O001797;P0267;4;103.48;0.2;331.14
OL001797_5;O001797;P0310;5;494.34;0.1;2224.53
OL001798_1;O001798;P0352;3;607.79;0.05;1732.2
OL001799_1;O001799;P0236;6;664.71;0;3988.26
OL001799_2;O001799;P0282;4;793.52;0.05;3015.38
OL001799_3;O001799;P0464;1;326.65;0.1;293.99
OL001800_1;O001800;P0487;5;584.31;0.2;2337.24
OL001800_2;O001800;P0353;1;116.44;0;116.44
OL001800_3;O001800;P0287;6;73.23;0.05;417.41
OL001800_4;O001800;P0274;4;169.86;0.1;611.5
OL001800_5;O001800;P0236;1;664.71;0.1;598.24
OL001801_1;O001801;P0391;4;426.17;0.1;1534.21
OL001802_1;O001802;P0067;3;433.89;0.2;1041.34
OL001802_2;O001802;P0265;4;15.21;0.05;57.8
OL001802_3;O001802;P0014;5;732.38;0.05;3478.8
OL001802_4;O001802;P0207;4;659.25;0.05;2505.15
OL001803_1;O001803;P0053;2;114.83;0;229.66
OL001803_2;O001803;P0335;4;207.42;0.1;746.71
OL001803_3;O001803;P0088;1;513.4;0.2;410.72
OL001804_1;O001804;P0127;4;461.7;0.05;1754.46
OL001804_2;O001804;P0014;3;732.38;0.05;2087.28
OL001804_3;O001804;P0205;5;483.96;0.1;2177.82
OL001805_1;O001805;P0476;3;740.34;0.1;1998.92
OL001806_1;O001806;P0123;3;261.79;0.1;706.83
OL001806_2;O001806;P0481;5;741.99;0.05;3524.45
OL001807_1;O001807;P0028;6;540.97;0.1;2921.24
OL001807_2;O001807;P0145;1;675.85;0;675.85
OL001807_3;O001807;P0110;1;193.77;0.2;155.02
OL001808_1;O001808;P0066;6;324.4;0;1946.4
OL001809_1;O001809;P0460;5;497.38;0;2486.9
OL001809_2;O001809;P0458;3;539.99;0;1619.97
OL001809_3;O001809;P0424;3;385.81;0;1157.43
OL001809_4;O001809;P0174;6;431.69;0.05;2460.63
OL001809_5;O001809;P0423;2;403.13;0.05;765.95
OL001810_1;O001810;P0408;3;316.09;0;948.27
OL001810_2;O001810;P0126;6;160.09;0.05;912.51
OL001810_3;O001810;P0397;1;248.84;0.1;223.96
OL001810_4;O001810;P0345;3;590.9;0.2;1418.16
OL001811_1;O001811;P0206;5;290.56;0;1452.8
OL001812_1;O001812;P0140;4;470.31;0.05;1787.18
OL001812_2;O001812;P0117;5;485.89;0.05;2307.98
OL001812_3;O001812;P0139;2;502.22;0.2;803.55
OL001812_4;O001812;P0009;6;320.42;0.05;1826.39
OL001812_5;O001812;P0131;6;301.83;0;1810.98
OL001813_1;O001813;P0082;4;168.53;0;674.12
OL001813_2;O001813;P0013;3;326.64;0.05;930.92
OL001813_3;O001813;P0394;6;310.75;0.05;1771.27
OL001813_4;O001813;P0362;3;577.1;0.1;1558.17
OL001813_5;O001813;P0420;2;145.0;0.2;232.0
OL001814_1;O001814;P0041;5;694.97;0.2;2779.88
OL001814_2;O001814;P0261;3;635.25;0.1;1715.17
OL001814_3;O001814;P0281;4;524.74;0.2;1679.17
OL001815_1;O001815;P0222;3;780.9;0.2;1874.16
OL001815_2;O001815;P0439;6;388.5;0.2;1864.8
OL001815_3;O001815;P0150;4;566.66;0;2266.64
OL001815_4;O001815;P0427;4;339.4;0.05;1289.72
OL001815_5;O001815;P0175;4;544.63;0;2178.52
OL001816_1;O001816;P0407;5;553.63;0.2;2214.52
OL001817_1;O001817;P0423;3;403.13;0.2;967.51
OL001817_2;O001817;P0129;4;240.53;0.1;865.91
OL001817_3;O001817;P0098;5;520.33;0;2601.65
OL001817_4;O001817;P0022;2;271.48;0.05;515.81
OL001818_1;O001818;P0030;2;394.47;0.1;710.05
OL001818_2;O001818;P0251;2;130.39;0.2;208.62
OL001819_1;O001819;P0113;3;533.09;0;1599.27
OL001819_2;O001819;P0227;3;743.62;0.1;2007.77
OL001819_3;O001819;P0188;2;581.63;0;1163.26
OL001819_4;O001819;P0279;2;332.83;0;665.66
OL001819_5;O001819;P0489;6;70.72;0;424.32
OL001820_1;O001820;P0108;1;478.09;0.2;382.47
OL001820_2;O001820;P0194;1;677.04;0.05;643.19
OL001820_3;O001820;P0076;5;542.56;0;2712.8
OL001821_1;O001821;P0252;4;630.67;0.2;2018.14
OL001821_2;O001821;P0273;5;481.26;0;2406.3
OL001822_1;O001822;P0239;6;352.09;0.1;1901.29
OL001822_2;O001822;P0379;3;436.54;0.2;1047.7
OL001822_3;O001822;P0323;3;751.63;0.1;2029.4
OL001823_1;O001823;P0427;1;339.4;0.2;271.52
OL001824_1;O001824;P0100;3;146.52;0;439.56
OL001824_2;O001824;P0013;3;326.64;0.2;783.94
OL001825_1;O001825;P0405;6;158.47;0;950.82
OL001825_2;O001825;P0486;4;640.6;0;2562.4
OL001825_3;O001825;P0271;2;181.11;0.05;344.11
OL001826_1;O001826;P0393;1;533.76;0.05;507.07
OL001826_2;O001826;P0284;6;324.52;0;1947.12
OL001826_3;O001826;P0275;6;483.85;0.2;2322.48
OL001826_4;O001826;P0366;4;460.32;0;1841.28
OL001826_5;O001826;P0055;2;587.3;0.05;1115.87
OL001827_1;O001827;P0290;5;561.78;0;2808.9
OL001828_1;O001828;P0232;1;639.0;0.1;575.1
OL001829_1;O001829;P0326;4;796.85;0.05;3028.03
OL001829_2;O001829;P0096;3;120.44;0;361.32
OL001830_1;O001830;P0337;4;154.1;0;616.4
OL001830_2;O001830;P0052;3;606.63;0;1819.89
OL001831_1;O001831;P0334;3;481.63;0.1;1300.4
OL001832_1;O001832;P0202;2;103.78;0.2;166.05
OL001833_1;O001833;P0483;1;787.1;0.2;629.68
OL001833_2;O001833;P0111;3;169.16;0;507.48
OL001833_3;O001833;P0141;5;705.31;0;3526.55
OL001834_1;O001834;P0199;2;380.74;0;761.48
OL001834_2;O001834;P0410;5;62.25;0.1;280.12
OL001834_3;O001834;P0382;3;217.42;0;652.26
OL001834_4;O001834;P0011;5;638.57;0.1;2873.57
OL001835_1;O001835;P0216;6;264.68;0;1588.08
OL001836_1;O001836;P0344;5;616.84;0.1;2775.78
OL001836_2;O001836;P0202;4;103.78;0;415.12
OL001837_1;O001837;P0265;3;15.21;0;45.63
OL001837_2;O001837;P0212;5;529.44;0;2647.2
OL001837_3;O001837;P0035;4;439.05;0.05;1668.39
OL001837_4;O001837;P0037;4;655.22;0;2620.88
OL001838_1;O001838;P0489;1;70.72;0.1;63.65
OL001838_2;O001838;P0213;4;771.24;0.05;2930.71
OL001838_3;O001838;P0274;4;169.86;0.2;543.55
OL001838_4;O001838;P0153;1;554.19;0;554.19
OL001838_5;O001838;P0280;6;15.68;0;94.08
OL001839_1;O001839;P0423;5;403.13;0.2;1612.52
OL001839_2;O001839;P0061;4;489.47;0;1957.88
OL001839_3;O001839;P0340;2;193.92;0.05;368.45
OL001840_1;O001840;P0150;6;566.66;0.1;3059.96
OL001841_1;O001841;P0038;2;690.23;0.1;1242.41
OL001841_2;O001841;P0251;6;130.39;0;782.34
OL001841_3;O001841;P0469;3;58.57;0.1;158.14
OL001841_4;O001841;P0332;5;423.42;0.05;2011.24
OL001842_1;O001842;P0407;5;553.63;0.2;2214.52
OL001843_1;O001843;P0126;4;160.09;0.1;576.32
OL001843_2;O001843;P0129;3;240.53;0;721.59
OL001843_3;O001843;P0421;4;572.52;0.05;2175.58
OL001843_4;O001843;P0285;4;411.59;0;1646.36
OL001843_5;O001843;P0269;1;463.05;0;463.05
OL001844_1;O001844;P0007;1;263.33;0;263.33
OL001844_2;O001844;P0001;1;481.57;0.05;457.49
OL001844_3;O001844;P0476;2;740.34;0.1;1332.61
OL001844_4;O001844;P0276;2;436.04;0.2;697.66
OL001844_5;O001844;P0498;4;429.72;0.2;1375.1
OL001845_1;O001845;P0105;6;183.03;0.2;878.54
OL001845_2;O001845;P0240;4;498.5;0.1;1794.6
OL001846_1;O001846;P0340;2;193.92;0.2;310.27
OL001846_2;O001846;P0158;2;182.39;0.2;291.82
OL001846_3;O001846;P0210;2;475.56;0.05;903.56
OL001846_4;O001846;P0276;2;436.04;0.05;828.48
OL001846_5;O001846;P0299;2;17.68;0.1;31.82
OL001847_1;O001847;P0186;5;402.12;0.2;1608.48
OL001847_2;O001847;P0179;4;27.31;0;109.24
OL001847_3;O001847;P0457;5;480.94;0;2404.7
OL001848_1;O001848;P0301;4;463.23;0;1852.92
OL001848_2;O001848;P0140;6;470.31;0.2;2257.49
OL001849_1;O001849;P0141;3;705.31;0.05;2010.13
OL001850_1;O001850;P0296;2;702.13;0.1;1263.83
OL001851_1;O001851;P0042;5;611.56;0.1;2752.02
OL001852_1;O001852;P0138;4;449.53;0.2;1438.5
OL001852_2;O001852;P0374;1;119.34;0;119.34
OL001852_3;O001852;P0054;3;790.64;0.2;1897.54
OL001852_4;O001852;P0057;2;523.52;0;1047.04
OL001852_5;O001852;P0195;2;153.2;0.05;291.08
OL001853_1;O001853;P0356;3;437.87;0.1;1182.25
OL001853_2;O001853;P0026;5;100.02;0.05;475.09
OL001853_3;O001853;P0415;4;736.04;0.1;2649.74
OL001854_1;O001854;P0049;6;10.53;0;63.18
OL001854_2;O001854;P0019;6;629.57;0.1;3399.68
OL001854_3;O001854;P0128;3;242.69;0.1;655.26
OL001854_4;O001854;P0158;6;182.39;0;1094.34
OL001854_5;O001854;P0259;1;135.79;0.05;129.0
OL001855_1;O001855;P0477;5;66.68;0.1;300.06
OL001855_2;O001855;P0194;3;677.04;0.1;1828.01
OL001856_1;O001856;P0245;5;434.35;0;2171.75
OL001856_2;O001856;P0337;4;154.1;0.05;585.58
OL001856_3;O001856;P0448;5;423.67;0.1;1906.51
OL001856_4;O001856;P0058;2;496.7;0;993.4
OL001856_5;O001856;P0027;1;284.86;0;284.86
OL001857_1;O001857;P0004;3;392.54;0;1177.62
OL001857_2;O001857;P0353;6;116.44;0.05;663.71
OL001857_3;O001857;P0191;1;716.68;0.05;680.85
OL001857_4;O001857;P0342;6;676.4;0.1;3652.56
OL001858_1;O001858;P0336;5;199.25;0.05;946.44
OL001858_2;O001858;P0167;5;472.6;0.05;2244.85
OL001858_3;O001858;P0084;2;437.82;0.2;700.51
OL001859_1;O001859;P0366;6;460.32;0.1;2485.73
OL001860_1;O001860;P0051;3;724.0;0;2172.0
OL001860_2;O001860;P0351;4;635.26;0.2;2032.83
OL001860_3;O001860;P0395;3;157.27;0.1;424.63
OL001860_4;O001860;P0130;5;716.95;0;3584.75
OL001861_1;O001861;P0158;6;182.39;0.05;1039.62
OL001861_2;O001861;P0269;6;463.05;0;2778.3
OL001861_3;O001861;P0277;3;348.88;0;1046.64
OL001861_4;O001861;P0042;5;611.56;0.1;2752.02
OL001862_1;O001862;P0154;1;626.07;0;626.07
OL001862_2;O001862;P0465;6;313.22;0.2;1503.46
OL001862_3;O001862;P0386;3;644.21;0.05;1836.0
OL001862_4;O001862;P0319;3;395.12;0.2;948.29
OL001863_1;O001863;P0401;5;119.48;0;597.4
OL001864_1;O001864;P0429;4;719.05;0;2876.2
OL001864_2;O001864;P0470;1;367.85;0.1;331.07
OL001864_3;O001864;P0092;6;376.04;0.1;2030.62
OL001865_1;O001865;P0325;1;60.4;0;60.4
OL001865_2;O001865;P0269;6;463.05;0;2778.3
OL001865_3;O001865;P0023;4;157.25;0;629.0
OL001866_1;O001866;P0126;6;160.09;0.05;912.51
OL001866_2;O001866;P0204;3;297.04;0;891.12
OL001867_1;O001867;P0244;2;18.81;0;37.62
OL001868_1;O001868;P0079;2;262.75;0.05;499.22
OL001868_2;O001868;P0019;3;629.57;0.05;1794.27
OL001868_3;O001868;P0412;2;461.83;0;923.66
OL001868_4;O001868;P0392;4;498.19;0;1992.76
OL001869_1;O001869;P0019;3;629.57;0.1;1699.84
OL001869_2;O001869;P0288;6;771.19;0;4627.14
OL001869_3;O001869;P0113;3;533.09;0.05;1519.31
OL001869_4;O001869;P0487;3;584.31;0.1;1577.64
OL001870_1;O001870;P0448;3;423.67;0.05;1207.46
OL001871_1;O001871;P0014;1;732.38;0.1;659.14
OL001871_2;O001871;P0414;3;357.25;0;1071.75
OL001871_3;O001871;P0171;4;395.19;0.1;1422.68
OL001872_1;O001872;P0094;1;775.04;0.05;736.29
OL001872_2;O001872;P0123;1;261.79;0;261.79
OL001872_3;O001872;P0205;2;483.96;0;967.92
OL001873_1;O001873;P0427;1;339.4;0;339.4
OL001873_2;O001873;P0281;4;524.74;0;2098.96
OL001874_1;O001874;P0123;1;261.79;0;261.79
OL001874_2;O001874;P0119;6;219.52;0;1317.12
OL001874_3;O001874;P0397;6;248.84;0;1493.04
OL001875_1;O001875;P0166;4;185.58;0;742.32
OL001875_2;O001875;P0326;4;796.85;0.1;2868.66
OL001875_3;O001875;P0095;5;329.47;0.05;1564.98
OL001875_4;O001875;P0458;6;539.99;0.2;2591.95
OL001875_5;O001875;P0141;4;705.31;0.1;2539.12
OL001876_1;O001876;P0126;2;160.09;0.1;288.16
OL001876_2;O001876;P0029;2;557.81;0.1;1004.06
OL001876_3;O001876;P0486;2;640.6;0;1281.2
OL001876_4;O001876;P0370;3;454.88;0.1;1228.18
OL001877_1;O001877;P0443;4;306.44;0;1225.76
OL001877_2;O001877;P0279;6;332.83;0;1996.98
OL001877_3;O001877;P0354;3;397.17;0;1191.51
OL001877_4;O001877;P0485;5;18.52;0;92.6
OL001878_1;O001878;P0395;5;157.27;0.05;747.03
OL001879_1;O001879;P0227;6;743.62;0;4461.72
OL001879_2;O001879;P0268;6;388.26;0.2;1863.65
OL001879_3;O001879;P0113;5;533.09;0;2665.45
OL001879_4;O001879;P0464;6;326.65;0.05;1861.9
OL001880_1;O001880;P0041;6;694.97;0.2;3335.86
OL001880_2;O001880;P0012;3;530.34;0;1591.02
OL001880_3;O001880;P0391;1;426.17;0.2;340.94
OL001880_4;O001880;P0328;6;32.57;0.05;185.65
OL001880_5;O001880;P0175;5;544.63;0.1;2450.84
OL001881_1;O001881;P0417;3;368.41;0.2;884.18
OL001881_2;O001881;P0423;3;403.13;0.1;1088.45
OL001881_3;O001881;P0349;4;43.17;0.05;164.05
OL001881_4;O001881;P0239;6;352.09;0.05;2006.91
OL001881_5;O001881;P0087;6;420.61;0.2;2018.93
OL001882_1;O001882;P0383;2;166.51;0.05;316.37
OL001883_1;O001883;P0229;4;135.9;0.2;434.88
OL001883_2;O001883;P0014;6;732.38;0.2;3515.42
OL001883_3;O001883;P0424;3;385.81;0;1157.43
OL001883_4;O001883;P0379;3;436.54;0.2;1047.7
OL001884_1;O001884;P0072;4;579.4;0;2317.6
OL001884_2;O001884;P0152;2;768.81;0.05;1460.74
OL001885_1;O001885;P0317;6;746.16;0.05;4253.11
OL001886_1;O001886;P0149;3;168.57;0;505.71
OL001886_2;O001886;P0260;4;193.08;0;772.32
OL001886_3;O001886;P0019;4;629.57;0;2518.28
OL001886_4;O001886;P0236;5;664.71;0;3323.55
OL001887_1;O001887;P0247;3;163.52;0.2;392.45
OL001887_2;O001887;P0335;1;207.42;0;207.42
OL001887_3;O001887;P0144;3;385.42;0.2;925.01
OL001887_4;O001887;P0036;1;90.91;0;90.91
OL001887_5;O001887;P0225;2;147.3;0;294.6
OL001888_1;O001888;P0235;1;505.28;0.05;480.02
OL001889_1;O001889;P0008;4;240.24;0.1;864.86
OL001889_2;O001889;P0495;3;376.57;0;1129.71
OL001889_3;O001889;P0137;1;549.67;0.05;522.19
OL001889_4;O001889;P0268;2;388.26;0.05;737.69
OL001890_1;O001890;P0494;3;590.15;0;1770.45
OL001891_1;O001891;P0494;3;590.15;0;1770.45
OL001891_2;O001891;P0324;3;195.36;0.1;527.47
OL001891_3;O001891;P0096;3;120.44;0.05;343.25
OL001891_4;O001891;P0111;1;169.16;0;169.16
OL001892_1;O001892;P0281;5;524.74;0.1;2361.33
OL001893_1;O001893;P0427;5;339.4;0;1697.0
OL001894_1;O001894;P0440;3;714.73;0;2144.19
OL001894_2;O001894;P0172;6;611.34;0.2;2934.43
OL001894_3;O001894;P0443;3;306.44;0.2;735.46
OL001894_4;O001894;P0077;3;382.69;0.05;1090.67
OL001895_1;O001895;P0281;1;524.74;0;524.74
OL001895_2;O001895;P0020;3;367.43;0;1102.29
OL001895_3;O001895;P0488;2;528.49;0.2;845.58
OL001896_1;O001896;P0006;4;499.95;0;1999.8
OL001897_1;O001897;P0288;2;771.19;0;1542.38
OL001898_1;O001898;P0030;6;394.47;0.2;1893.46
OL001898_2;O001898;P0470;4;367.85;0.2;1177.12
OL001898_3;O001898;P0217;1;571.0;0;571.0
OL001898_4;O001898;P0436;1;646.77;0.2;517.42
OL001899_1;O001899;P0112;5;126.69;0.2;506.76
OL001899_2;O001899;P0332;3;423.42;0;1270.26
OL001900_1;O001900;P0023;4;157.25;0.2;503.2
OL001900_2;O001900;P0096;3;120.44;0;361.32
OL001901_1;O001901;P0109;4;759.21;0;3036.84
OL001901_2;O001901;P0201;1;195.65;0.05;185.87
OL001901_3;O001901;P0007;6;263.33;0;1579.98
OL001902_1;O001902;P0135;5;684.61;0;3423.05
OL001902_2;O001902;P0122;2;552.86;0;1105.72
OL001902_3;O001902;P0231;4;283.35;0.05;1076.73
OL001902_4;O001902;P0289;6;528.94;0;3173.64
OL001902_5;O001902;P0499;1;87.64;0.1;78.88
OL001903_1;O001903;P0331;6;359.07;0;2154.42
OL001903_2;O001903;P0458;2;539.99;0.2;863.98
OL001903_3;O001903;P0165;1;87.11;0.2;69.69
OL001904_1;O001904;P0396;3;397.05;0;1191.15
OL001904_2;O001904;P0455;3;714.87;0;2144.61
OL001905_1;O001905;P0046;1;324.2;0;324.2
OL001905_2;O001905;P0002;2;76.91;0;153.82
OL001905_3;O001905;P0411;1;347.77;0.2;278.22
OL001905_4;O001905;P0078;2;732.02;0.05;1390.84
OL001905_5;O001905;P0465;1;313.22;0.1;281.9
OL001906_1;O001906;P0402;5;349.75;0.05;1661.31
OL001906_2;O001906;P0382;6;217.42;0.1;1174.07
OL001907_1;O001907;P0010;6;584.5;0;3507.0
OL001907_2;O001907;P0268;6;388.26;0.05;2213.08
OL001907_3;O001907;P0436;4;646.77;0.05;2457.73
OL001907_4;O001907;P0370;3;454.88;0.2;1091.71
OL001908_1;O001908;P0494;1;590.15;0.2;472.12
OL001908_2;O001908;P0022;2;271.48;0;542.96
OL001908_3;O001908;P0278;3;115.77;0.2;277.85
OL001908_4;O001908;P0226;4;112.75;0;451.0
OL001908_5;O001908;P0402;6;349.75;0.05;1993.57
OL001909_1;O001909;P0309;3;494.09;0.1;1334.04
OL001909_2;O001909;P0201;2;195.65;0;391.3
OL001909_3;O001909;P0271;6;181.11;0;1086.66
OL001909_4;O001909;P0335;3;207.42;0;622.26
OL001910_1;O001910;P0058;4;496.7;0.1;1788.12
OL001910_2;O001910;P0207;6;659.25;0;3955.5
OL001911_1;O001911;P0185;5;666.88;0;3334.4
OL001911_2;O001911;P0387;5;305.32;0;1526.6
OL001911_3;O001911;P0286;3;660.37;0.05;1882.05
OL001911_4;O001911;P0360;6;44.58;0;267.48
OL001912_1;O001912;P0309;1;494.09;0.2;395.27
OL001912_2;O001912;P0062;3;637.08;0.05;1815.68
OL001912_3;O001912;P0311;5;604.23;0.1;2719.04
OL001912_4;O001912;P0023;2;157.25;0.2;251.6
OL001913_1;O001913;P0362;5;577.1;0.1;2596.95
OL001913_2;O001913;P0265;4;15.21;0;60.84
OL001913_3;O001913;P0039;3;646.3;0;1938.9
OL001914_1;O001914;P0261;2;635.25;0;1270.5
OL001915_1;O001915;P0421;2;572.52;0.2;916.03
OL001916_1;O001916;P0366;1;460.32;0;460.32
OL001916_2;O001916;P0201;4;195.65;0;782.6
OL001916_3;O001916;P0112;4;126.69;0;506.76
OL001916_4;O001916;P0138;2;449.53;0.05;854.11
OL001917_1;O001917;P0335;2;207.42;0.1;373.36
OL001917_2;O001917;P0155;5;333.51;0.05;1584.17
OL001917_3;O001917;P0039;4;646.3;0.2;2068.16
OL001918_1;O001918;P0194;3;677.04;0;2031.12
OL001918_2;O001918;P0460;6;497.38;0;2984.28
OL001918_3;O001918;P0032;6;313.32;0.2;1503.94
OL001918_4;O001918;P0080;3;645.43;0.1;1742.66
OL001918_5;O001918;P0347;5;711.14;0;3555.7
OL001919_1;O001919;P0391;1;426.17;0.05;404.86
OL001919_2;O001919;P0177;1;239.75;0;239.75
OL001919_3;O001919;P0232;3;639.0;0;1917.0
OL001919_4;O001919;P0400;2;346.91;0.2;555.06
OL001920_1;O001920;P0175;6;544.63;0.05;3104.39
OL001920_2;O001920;P0008;2;240.24;0.05;456.46
OL001920_3;O001920;P0300;6;658.65;0.2;3161.52
OL001921_1;O001921;P0170;3;715.35;0.05;2038.75
OL001922_1;O001922;P0262;5;522.33;0.05;2481.07
OL001922_2;O001922;P0464;6;326.65;0;1959.9
OL001923_1;O001923;P0318;6;546.87;0.1;2953.1
OL001923_2;O001923;P0461;6;707.1;0;4242.6
OL001923_3;O001923;P0282;3;793.52;0.05;2261.53
OL001923_4;O001923;P0139;2;502.22;0.05;954.22
OL001923_5;O001923;P0032;2;313.32;0.2;501.31
OL001924_1;O001924;P0103;3;795.33;0;2385.99
OL001924_2;O001924;P0250;2;162.86;0.05;309.43
OL001924_3;O001924;P0225;4;147.3;0;589.2
OL001924_4;O001924;P0058;3;496.7;0.1;1341.09
OL001925_1;O001925;P0370;4;454.88;0;1819.52
OL001925_2;O001925;P0033;3;75.31;0;225.93
OL001925_3;O001925;P0358;6;435.78;0;2614.68
OL001925_4;O001925;P0464;1;326.65;0.2;261.32
OL001925_5;O001925;P0354;1;397.17;0.1;357.45
OL001926_1;O001926;P0258;2;297.45;0;594.9
OL001927_1;O001927;P0266;6;231.84;0.2;1112.83
OL001927_2;O001927;P0184;4;100.07;0.2;320.22
OL001927_3;O001927;P0073;3;103.26;0.1;278.8
OL001928_1;O001928;P0129;3;240.53;0.05;685.51
OL001928_2;O001928;P0066;3;324.4;0.1;875.88
OL001929_1;O001929;P0496;1;549.97;0.1;494.97
OL001929_2;O001929;P0422;1;152.75;0.1;137.47
OL001929_3;O001929;P0234;4;162.08;0.1;583.49
OL001929_4;O001929;P0500;6;420.76;0.2;2019.65
OL001929_5;O001929;P0102;1;79.3;0;79.3
OL001930_1;O001930;P0418;6;726.66;0;4359.96
OL001930_2;O001930;P0017;1;474.99;0;474.99
OL001931_1;O001931;P0360;4;44.58;0;178.32
OL001932_1;O001932;P0262;5;522.33;0;2611.65
OL001932_2;O001932;P0224;5;486.68;0.1;2190.06
OL001932_3;O001932;P0121;4;309.18;0.05;1174.88
OL001932_4;O001932;P0343;3;381.42;0.05;1087.05
OL001932_5;O001932;P0460;5;497.38;0.2;1989.52
OL001933_1;O001933;P0151;2;107.86;0.2;172.58
OL001933_2;O001933;P0313;2;686.48;0;1372.96
OL001933_3;O001933;P0046;5;324.2;0;1621.0
OL001933_4;O001933;P0137;4;549.67;0.05;2088.75
OL001933_5;O001933;P0490;2;213.0;0.05;404.7
OL001934_1;O001934;P0301;5;463.23;0;2316.15
OL001934_2;O001934;P0054;3;790.64;0;2371.92
OL001935_1;O001935;P0020;3;367.43;0;1102.29
OL001935_2;O001935;P0004;3;392.54;0.05;1118.74
OL001936_1;O001936;P0062;3;637.08;0.05;1815.68
OL001937_1;O001937;P0121;4;309.18;0.05;1174.88
OL001938_1;O001938;P0055;1;587.3;0.05;557.93
OL001939_1;O001939;P0107;2;654.87;0;1309.74
OL001939_2;O001939;P0002;5;76.91;0.1;346.09
OL001939_3;O001939;P0018;1;737.23;0.05;700.37
OL001939_4;O001939;P0101;3;37.37;0;112.11
OL001940_1;O001940;P0306;4;185.45;0;741.8
OL001940_2;O001940;P0136;4;787.65;0.05;2993.07
OL001940_3;O001940;P0283;6;302.47;0.05;1724.08
OL001941_1;O001941;P0121;5;309.18;0.2;1236.72
OL001942_1;O001942;P0008;1;240.24;0.2;192.19
OL001942_2;O001942;P0347;6;711.14;0.2;3413.47
OL001942_3;O001942;P0301;2;463.23;0.05;880.14
OL001942_4;O001942;P0397;5;248.84;0.05;1181.99
OL001942_5;O001942;P0248;5;540.63;0;2703.15
OL001943_1;O001943;P0266;3;231.84;0;695.52
OL001943_2;O001943;P0355;1;666.77;0.1;600.09
OL001943_3;O001943;P0130;5;716.95;0.1;3226.28
OL001944_1;O001944;P0039;4;646.3;0;2585.2
OL001944_2;O001944;P0002;1;76.91;0.05;73.06
OL001944_3;O001944;P0264;3;726.72;0.05;2071.15
OL001944_4;O001944;P0373;6;659.33;0;3955.98
OL001945_1;O001945;P0432;3;789.16;0.1;2130.73
OL001945_2;O001945;P0041;3;694.97;0.05;1980.66
OL001945_3;O001945;P0052;2;606.63;0.2;970.61
OL001946_1;O001946;P0264;2;726.72;0;1453.44
OL001946_2;O001946;P0129;6;240.53;0;1443.18
OL001946_3;O001946;P0307;4;284.36;0.05;1080.57
OL001947_1;O001947;P0364;2;219.99;0;439.98
OL001947_2;O001947;P0357;1;499.59;0;499.59
OL001948_1;O001948;P0151;2;107.86;0.05;204.93
OL001949_1;O001949;P0176;6;407.64;0.2;1956.67
OL001950_1;O001950;P0095;4;329.47;0.05;1251.99
OL001950_2;O001950;P0489;1;70.72;0;70.72
OL001950_3;O001950;P0427;3;339.4;0.2;814.56
OL001950_4;O001950;P0041;3;694.97;0.1;1876.42
OL001951_1;O001951;P0072;2;579.4;0;1158.8
OL001951_2;O001951;P0248;2;540.63;0;1081.26
OL001951_3;O001951;P0283;3;302.47;0;907.41
OL001952_1;O001952;P0335;6;207.42;0;1244.52
OL001953_1;O001953;P0031;2;675.17;0.05;1282.82
OL001953_2;O001953;P0436;1;646.77;0;646.77
OL001954_1;O001954;P0071;6;564.18;0;3385.08
OL001954_2;O001954;P0457;4;480.94;0.1;1731.38
OL001954_3;O001954;P0013;6;326.64;0;1959.84
OL001954_4;O001954;P0219;1;549.88;0.05;522.39
OL001954_5;O001954;P0289;4;528.94;0.1;1904.18
OL001955_1;O001955;P0354;4;397.17;0.05;1509.25
OL001955_2;O001955;P0317;5;746.16;0.1;3357.72
OL001955_3;O001955;P0232;2;639.0;0.1;1150.2
OL001955_4;O001955;P0362;4;577.1;0;2308.4
OL001956_1;O001956;P0034;2;238.05;0.1;428.49
OL001957_1;O001957;P0459;1;255.21;0.1;229.69
OL001957_2;O001957;P0208;6;744.87;0.2;3575.38
OL001957_3;O001957;P0451;6;615.28;0.1;3322.51
OL001957_4;O001957;P0158;6;182.39;0.05;1039.62
OL001958_1;O001958;P0066;2;324.4;0.2;519.04
OL001958_2;O001958;P0031;2;675.17;0.1;1215.31
OL001958_3;O001958;P0061;3;489.47;0.05;1394.99
OL001958_4;O001958;P0480;5;345.57;0.1;1555.07
OL001959_1;O001959;P0266;6;231.84;0;1391.04
OL001960_1;O001960;P0142;3;383.71;0;1151.13
OL001960_2;O001960;P0227;5;743.62;0;3718.1
OL001961_1;O001961;P0331;2;359.07;0.05;682.23
OL001961_2;O001961;P0422;4;152.75;0.1;549.9
OL001961_3;O001961;P0148;5;570.56;0.1;2567.52
OL001961_4;O001961;P0225;5;147.3;0.05;699.67
OL001962_1;O001962;P0062;2;637.08;0.05;1210.45
OL001962_2;O001962;P0142;6;383.71;0.05;2187.15
OL001962_3;O001962;P0176;6;407.64;0.1;2201.26
OL001963_1;O001963;P0249;2;271.37;0;542.74
OL001964_1;O001964;P0188;3;581.63;0;1744.89
OL001964_2;O001964;P0168;1;500.32;0.1;450.29
OL001964_3;O001964;P0241;3;631.64;0.2;1515.94
OL001965_1;O001965;P0141;1;705.31;0;705.31
OL001966_1;O001966;P0225;2;147.3;0.05;279.87
OL001966_2;O001966;P0018;1;737.23;0.2;589.78
OL001967_1;O001967;P0467;6;100.32;0;601.92
OL001967_2;O001967;P0345;6;590.9;0.05;3368.13
OL001967_3;O001967;P0469;5;58.57;0.2;234.28
OL001967_4;O001967;P0130;3;716.95;0.05;2043.31
OL001968_1;O001968;P0074;2;572.74;0;1145.48
OL001968_2;O001968;P0050;3;746.85;0;2240.55
OL001968_3;O001968;P0357;4;499.59;0.05;1898.44
OL001968_4;O001968;P0064;5;459.02;0.1;2065.59
OL001969_1;O001969;P0462;3;388.14;0;1164.42
OL001970_1;O001970;P0397;4;248.84;0.1;895.82
OL001970_2;O001970;P0342;5;676.4;0.1;3043.8
OL001970_3;O001970;P0490;2;213.0;0.2;340.8
OL001970_4;O001970;P0391;5;426.17;0;2130.85
OL001971_1;O001971;P0172;1;611.34;0.05;580.77
OL001971_2;O001971;P0147;5;331.66;0;1658.3
OL001971_3;O001971;P0204;6;297.04;0;1782.24
OL001971_4;O001971;P0323;2;751.63;0.05;1428.1
OL001972_1;O001972;P0240;5;498.5;0;2492.5
OL001972_2;O001972;P0101;6;37.37;0.2;179.38
OL001973_1;O001973;P0026;2;100.02;0.2;160.03
OL001974_1;O001974;P0170;1;715.35;0;715.35
OL001975_1;O001975;P0447;1;391.3;0;391.3
OL001975_2;O001975;P0300;5;658.65;0;3293.25
OL001975_3;O001975;P0467;4;100.32;0.05;381.22
OL001976_1;O001976;P0349;4;43.17;0;172.68
OL001976_2;O001976;P0408;5;316.09;0;1580.45
OL001977_1;O001977;P0192;6;326.61;0.1;1763.69
OL001977_2;O001977;P0083;2;798.25;0.05;1516.67
OL001977_3;O001977;P0442;3;711.54;0.2;1707.7
OL001977_4;O001977;P0460;5;497.38;0;2486.9
OL001978_1;O001978;P0094;4;775.04;0.1;2790.14
OL001978_2;O001978;P0268;4;388.26;0.1;1397.74
OL001978_3;O001978;P0330;5;515.43;0;2577.15
OL001978_4;O001978;P0278;1;115.77;0.1;104.19
OL001978_5;O001978;P0302;3;201.22;0.1;543.29
OL001979_1;O001979;P0317;2;746.16;0.2;1193.86
OL001980_1;O001980;P0319;3;395.12;0.2;948.29
OL001980_2;O001980;P0168;3;500.32;0;1500.96
OL001980_3;O001980;P0256;4;439.34;0;1757.36
OL001980_4;O001980;P0313;2;686.48;0;1372.96
OL001980_5;O001980;P0482;4;99.4;0.2;318.08
OL001981_1;O001981;P0472;1;789.27;0.2;631.42
OL001981_2;O001981;P0014;5;732.38;0.2;2929.52
OL001981_3;O001981;P0420;1;145.0;0.2;116.0
OL001981_4;O001981;P0274;5;169.86;0;849.3
OL001982_1;O001982;P0251;2;130.39;0;260.78
OL001982_2;O001982;P0354;6;397.17;0.1;2144.72
OL001982_3;O001982;P0092;2;376.04;0;752.08
OL001982_4;O001982;P0053;3;114.83;0.05;327.27
OL001983_1;O001983;P0217;1;571.0;0.2;456.8
OL001984_1;O001984;P0329;5;443.35;0.1;1995.08
OL001984_2;O001984;P0203;6;443.79;0.05;2529.6
OL001985_1;O001985;P0169;3;336.35;0;1009.05
OL001985_2;O001985;P0397;4;248.84;0;995.36
OL001985_3;O001985;P0222;5;780.9;0.2;3123.6
OL001985_4;O001985;P0175;1;544.63;0.1;490.17
OL001986_1;O001986;P0293;6;451.7;0.2;2168.16
OL001986_2;O001986;P0407;3;553.63;0;1660.89
OL001986_3;O001986;P0434;3;193.85;0;581.55
OL001987_1;O001987;P0363;3;514.74;0;1544.22
OL001987_2;O001987;P0093;2;560.53;0;1121.06
OL001987_3;O001987;P0440;2;714.73;0.05;1357.99
OL001988_1;O001988;P0339;2;27.48;0.2;43.97
OL001989_1;O001989;P0333;4;738.45;0;2953.8
OL001989_2;O001989;P0345;6;590.9;0.05;3368.13
OL001989_3;O001989;P0116;1;242.67;0.1;218.4
OL001990_1;O001990;P0484;2;383.24;0.05;728.16
OL001990_2;O001990;P0155;1;333.51;0.1;300.16
OL001990_3;O001990;P0411;4;347.77;0.2;1112.86
OL001990_4;O001990;P0293;2;451.7;0;903.4
OL001990_5;O001990;P0017;4;474.99;0.2;1519.97
OL001991_1;O001991;P0498;1;429.72;0.1;386.75
OL001991_2;O001991;P0381;2;126.93;0.05;241.17
OL001991_3;O001991;P0483;3;787.1;0.2;1889.04
OL001991_4;O001991;P0310;2;494.34;0;988.68
OL001991_5;O001991;P0472;3;789.27;0.05;2249.42
OL001992_1;O001992;P0164;3;385.83;0;1157.49
OL001993_1;O001993;P0494;2;590.15;0;1180.3
OL001993_2;O001993;P0090;1;69.0;0.1;62.1
OL001993_3;O001993;P0405;5;158.47;0.2;633.88
OL001994_1;O001994;P0331;4;359.07;0.1;1292.65
OL001995_1;O001995;P0127;1;461.7;0.1;415.53
OL001995_2;O001995;P0499;3;87.64;0.05;249.77
OL001995_3;O001995;P0410;1;62.25;0.05;59.14
OL001996_1;O001996;P0226;4;112.75;0.2;360.8
OL001996_2;O001996;P0324;1;195.36;0.2;156.29
OL001996_3;O001996;P0151;1;107.86;0.05;102.47
OL001997_1;O001997;P0077;5;382.69;0.2;1530.76
OL001997_2;O001997;P0219;4;549.88;0.2;1759.62
OL001998_1;O001998;P0361;6;88.02;0.2;422.5
OL001998_2;O001998;P0076;2;542.56;0.05;1030.86
OL001998_3;O001998;P0365;6;86.72;0.05;494.3
OL001998_4;O001998;P0117;4;485.89;0.1;1749.2
OL001999_1;O001999;P0138;3;449.53;0;1348.59
OL001999_2;O001999;P0218;6;124.81;0.2;599.09
OL001999_3;O001999;P0267;5;103.48;0.05;491.53
OL001999_4;O001999;P0258;6;297.45;0;1784.7
OL001999_5;O001999;P0311;3;604.23;0.2;1450.15
OL002000_1;O002000;P0160;5;275.66;0;1378.3
OL002001_1;O002001;P0012;3;530.34;0;1591.02
OL002001_2;O002001;P0382;6;217.42;0.1;1174.07
OL002001_3;O002001;P0326;6;796.85;0.1;4302.99
OL002002_1;O002002;P0165;1;87.11;0;87.11
OL002002_2;O002002;P0299;1;17.68;0.1;15.91
OL002002_3;O002002;P0361;6;88.02;0.05;501.71
OL002002_4;O002002;P0393;1;533.76;0.2;427.01
OL002003_1;O002003;P0079;5;262.75;0;1313.75
OL002003_2;O002003;P0072;1;579.4;0.2;463.52
OL002003_3;O002003;P0074;3;572.74;0;1718.22
OL002003_4;O002003;P0388;6;696.31;0;4177.86
OL002003_5;O002003;P0317;1;746.16;0;746.16
OL002004_1;O002004;P0247;5;163.52;0;817.6
OL002004_2;O002004;P0356;5;437.87;0;2189.35
OL002005_1;O002005;P0398;6;653.74;0.2;3137.95
OL002005_2;O002005;P0279;3;332.83;0.1;898.64
OL002006_1;O002006;P0339;6;27.48;0.05;156.64
OL002006_2;O002006;P0412;5;461.83;0;2309.15
OL002006_3;O002006;P0104;3;281.79;0.2;676.3
OL002007_1;O002007;P0426;1;285.73;0.2;228.58
OL002007_2;O002007;P0082;1;168.53;0.1;151.68
OL002008_1;O002008;P0279;1;332.83;0;332.83
OL002009_1;O002009;P0463;1;91.32;0.2;73.06
OL002010_1;O002010;P0119;5;219.52;0.05;1042.72
OL002010_2;O002010;P0496;5;549.97;0;2749.85
OL002011_1;O002011;P0121;5;309.18;0;1545.9
OL002011_2;O002011;P0013;4;326.64;0.1;1175.9
OL002011_3;O002011;P0116;2;242.67;0;485.34
OL002012_1;O002012;P0316;5;507.59;0;2537.95
OL002012_2;O002012;P0121;5;309.18;0.05;1468.61
OL002012_3;O002012;P0281;3;524.74;0.05;1495.51
OL002012_4;O002012;P0379;2;436.54;0;873.08
OL002012_5;O002012;P0038;1;690.23;0;690.23
OL002013_1;O002013;P0439;4;388.5;0;1554.0
OL002013_2;O002013;P0499;2;87.64;0;175.28
OL002013_3;O002013;P0088;1;513.4;0.1;462.06
OL002013_4;O002013;P0234;3;162.08;0.2;388.99
OL002013_5;O002013;P0314;1;404.68;0;404.68
OL002014_1;O002014;P0029;2;557.81;0.2;892.5
OL002015_1;O002015;P0107;6;654.87;0;3929.22
OL002015_2;O002015;P0408;2;316.09;0;632.18
OL002016_1;O002016;P0288;2;771.19;0.2;1233.9
OL002016_2;O002016;P0485;3;18.52;0.1;50.0
OL002016_3;O002016;P0480;3;345.57;0.1;933.04
OL002017_1;O002017;P0387;4;305.32;0.2;977.02
OL002017_2;O002017;P0465;6;313.22;0;1879.32
OL002018_1;O002018;P0061;5;489.47;0.1;2202.62
OL002018_2;O002018;P0442;3;711.54;0;2134.62
OL002018_3;O002018;P0203;4;443.79;0.2;1420.13
OL002019_1;O002019;P0159;2;773.52;0.1;1392.34
OL002020_1;O002020;P0259;3;135.79;0;407.37
OL002020_2;O002020;P0367;3;372.39;0;1117.17
OL002021_1;O002021;P0419;6;77.39;0.05;441.12
OL002021_2;O002021;P0136;6;787.65;0.1;4253.31
OL002021_3;O002021;P0450;2;255.68;0.1;460.22
OL002021_4;O002021;P0194;2;677.04;0.05;1286.38
OL002021_5;O002021;P0490;6;213.0;0;1278.0
OL002022_1;O002022;P0307;2;284.36;0.2;454.98
OL002022_2;O002022;P0161;2;418.66;0;837.32
OL002022_3;O002022;P0170;5;715.35;0.05;3397.91
OL002022_4;O002022;P0293;5;451.7;0.2;1806.8
OL002022_5;O002022;P0350;5;404.94;0;2024.7
OL002023_1;O002023;P0281;1;524.74;0.1;472.27
OL002024_1;O002024;P0476;1;740.34;0.05;703.32
OL002025_1;O002025;P0107;3;654.87;0.05;1866.38
OL002025_2;O002025;P0184;5;100.07;0.05;475.33
OL002025_3;O002025;P0087;1;420.61;0;420.61
OL002025_4;O002025;P0367;3;372.39;0;1117.17
OL002025_5;O002025;P0009;6;320.42;0.2;1538.02
OL002026_1;O002026;P0160;1;275.66;0.05;261.88
OL002026_2;O002026;P0455;1;714.87;0.2;571.9
OL002026_3;O002026;P0025;5;604.34;0;3021.7
OL002027_1;O002027;P0109;3;759.21;0;2277.63
OL002028_1;O002028;P0318;2;546.87;0;1093.74
OL002028_2;O002028;P0213;5;771.24;0;3856.2
OL002028_3;O002028;P0421;3;572.52;0.1;1545.8
OL002028_4;O002028;P0289;6;528.94;0.05;3014.96
OL002028_5;O002028;P0307;1;284.36;0.1;255.92
OL002029_1;O002029;P0188;5;581.63;0.1;2617.34
OL002029_2;O002029;P0299;1;17.68;0.05;16.8
OL002029_3;O002029;P0488;4;528.49;0;2113.96
OL002030_1;O002030;P0375;5;325.84;0.1;1466.28
OL002030_2;O002030;P0456;6;49.86;0.2;239.33
OL002031_1;O002031;P0121;2;309.18;0.05;587.44
OL002031_2;O002031;P0042;6;611.56;0.1;3302.42
OL002031_3;O002031;P0007;6;263.33;0.1;1421.98
OL002032_1;O002032;P0099;6;50.0;0;300.0
OL002033_1;O002033;P0398;5;653.74;0;3268.7
OL002033_2;O002033;P0213;3;771.24;0.2;1850.98
OL002033_3;O002033;P0181;4;101.47;0;405.88
OL002033_4;O002033;P0412;1;461.83;0.05;438.74
OL002033_5;O002033;P0498;2;429.72;0.05;816.47
OL002034_1;O002034;P0437;6;63.59;0;381.54
OL002034_2;O002034;P0123;4;261.79;0.1;942.44
OL002035_1;O002035;P0472;3;789.27;0.2;1894.25
OL002035_2;O002035;P0059;2;107.29;0.1;193.12
OL002036_1;O002036;P0198;4;534.33;0;2137.32
OL002037_1;O002037;P0342;2;676.4;0.1;1217.52
OL002037_2;O002037;P0079;5;262.75;0;1313.75
OL002037_3;O002037;P0060;6;519.25;0;3115.5
OL002038_1;O002038;P0043;5;306.39;0.05;1455.35
OL002038_2;O002038;P0261;5;635.25;0.2;2541.0
OL002038_3;O002038;P0132;3;671.29;0.05;1913.18
OL002038_4;O002038;P0343;6;381.42;0.2;1830.82
OL002038_5;O002038;P0143;6;557.99;0.2;2678.35
OL002039_1;O002039;P0301;1;463.23;0.05;440.07
OL002039_2;O002039;P0417;4;368.41;0.05;1399.96
OL002039_3;O002039;P0052;3;606.63;0.05;1728.9
OL002040_1;O002040;P0153;4;554.19;0.05;2105.92
OL002040_2;O002040;P0443;1;306.44;0.2;245.15
OL002040_3;O002040;P0313;2;686.48;0;1372.96
OL002040_4;O002040;P0129;2;240.53;0;481.06
OL002041_1;O002041;P0248;2;540.63;0.1;973.13
OL002041_2;O002041;P0378;1;189.11;0.05;179.65
OL002041_3;O002041;P0129;2;240.53;0;481.06
OL002041_4;O002041;P0132;1;671.29;0;671.29
OL002042_1;O002042;P0468;1;765.15;0.2;612.12
OL002042_2;O002042;P0248;3;540.63;0;1621.89
OL002042_3;O002042;P0422;4;152.75;0;611.0
OL002043_1;O002043;P0188;3;581.63;0.2;1395.91
OL002043_2;O002043;P0457;2;480.94;0.1;865.69
OL002043_3;O002043;P0484;2;383.24;0;766.48
OL002043_4;O002043;P0486;1;640.6;0.2;512.48
OL002044_1;O002044;P0318;3;546.87;0;1640.61
OL002044_2;O002044;P0288;1;771.19;0.1;694.07
OL002044_3;O002044;P0419;6;77.39;0.2;371.47
OL002044_4;O002044;P0121;3;309.18;0;927.54
OL002044_5;O002044;P0400;6;346.91;0;2081.46
OL002045_1;O002045;P0139;1;502.22;0.2;401.78
OL002046_1;O002046;P0114;2;588.56;0.05;1118.26
OL002046_2;O002046;P0332;2;423.42;0;846.84
OL002047_1;O002047;P0416;5;625.2;0.2;2500.8
OL002047_2;O002047;P0222;5;780.9;0;3904.5
OL002047_3;O002047;P0026;2;100.02;0.05;190.04
OL002047_4;O002047;P0436;1;646.77;0.2;517.42
OL002047_5;O002047;P0258;6;297.45;0;1784.7
OL002048_1;O002048;P0108;1;478.09;0;478.09
OL002048_2;O002048;P0479;5;502.37;0.1;2260.66
OL002048_3;O002048;P0253;5;375.65;0.2;1502.6
OL002048_4;O002048;P0183;1;223.28;0.1;200.95
OL002048_5;O002048;P0208;3;744.87;0;2234.61
OL002049_1;O002049;P0174;4;431.69;0.05;1640.42
OL002049_2;O002049;P0048;1;504.68;0;504.68
OL002050_1;O002050;P0258;1;297.45;0.1;267.7
OL002050_2;O002050;P0117;1;485.89;0;485.89
OL002050_3;O002050;P0055;2;587.3;0.2;939.68
OL002051_1;O002051;P0027;2;284.86;0.1;512.75
OL002052_1;O002052;P0435;4;639.42;0.05;2429.8
OL002052_2;O002052;P0489;6;70.72;0.05;403.1
OL002052_3;O002052;P0254;4;489.24;0;1956.96
OL002053_1;O002053;P0226;2;112.75;0.05;214.22
OL002053_2;O002053;P0224;4;486.68;0.1;1752.05
OL002054_1;O002054;P0151;6;107.86;0;647.16
OL002054_2;O002054;P0355;1;666.77;0.05;633.43
OL002055_1;O002055;P0149;5;168.57;0.2;674.28
OL002055_2;O002055;P0249;2;271.37;0;542.74
OL002056_1;O002056;P0131;1;301.83;0;301.83
OL002056_2;O002056;P0178;1;158.86;0.05;150.92
OL002057_1;O002057;P0331;2;359.07;0.1;646.33
OL002057_2;O002057;P0134;3;433.06;0.05;1234.22
OL002057_3;O002057;P0325;5;60.4;0.1;271.8
OL002057_4;O002057;P0192;5;326.61;0.1;1469.75
OL002057_5;O002057;P0295;5;451.32;0.1;2030.94
OL002058_1;O002058;P0454;6;261.6;0.2;1255.68
OL002058_2;O002058;P0168;1;500.32;0.1;450.29
OL002058_3;O002058;P0268;6;388.26;0.1;2096.6
OL002058_4;O002058;P0465;4;313.22;0;1252.88
OL002059_1;O002059;P0463;2;91.32;0;182.64
OL002059_2;O002059;P0412;3;461.83;0.1;1246.94
OL002059_3;O002059;P0247;1;163.52;0.2;130.82
OL002059_4;O002059;P0316;5;507.59;0;2537.95
OL002059_5;O002059;P0238;3;464.22;0;1392.66
OL002060_1;O002060;P0188;2;581.63;0;1163.26
OL002061_1;O002061;P0109;4;759.21;0.1;2733.16
OL002062_1;O002062;P0052;5;606.63;0.05;2881.49
OL002062_2;O002062;P0211;4;351.92;0.2;1126.14
OL002062_3;O002062;P0030;5;394.47;0.1;1775.12
OL002062_4;O002062;P0244;6;18.81;0;112.86
OL002063_1;O002063;P0327;5;205.44;0.1;924.48
OL002063_2;O002063;P0241;3;631.64;0;1894.92
OL002063_3;O002063;P0001;5;481.57;0.1;2167.07
OL002063_4;O002063;P0029;1;557.81;0.2;446.25
OL002064_1;O002064;P0425;1;706.91;0;706.91
OL002065_1;O002065;P0101;3;37.37;0.2;89.69
OL002065_2;O002065;P0058;1;496.7;0.1;447.03
OL002065_3;O002065;P0469;4;58.57;0.1;210.85
OL002065_4;O002065;P0316;5;507.59;0.1;2284.15
OL002065_5;O002065;P0432;1;789.16;0;789.16
OL002066_1;O002066;P0480;3;345.57;0.2;829.37
OL002066_2;O002066;P0324;4;195.36;0;781.44
OL002066_3;O002066;P0222;4;780.9;0;3123.6
OL002066_4;O002066;P0056;1;621.03;0.1;558.93
OL002066_5;O002066;P0011;2;638.57;0.05;1213.28
OL002067_1;O002067;P0326;5;796.85;0;3984.25
OL002067_2;O002067;P0170;6;715.35;0.1;3862.89
OL002067_3;O002067;P0486;3;640.6;0.2;1537.44
OL002068_1;O002068;P0258;4;297.45;0.1;1070.82
OL002068_2;O002068;P0483;1;787.1;0;787.1
OL002068_3;O002068;P0079;1;262.75;0;262.75
OL002069_1;O002069;P0467;2;100.32;0.2;160.51
OL002069_2;O002069;P0032;1;313.32;0.05;297.65
OL002069_3;O002069;P0314;4;404.68;0;1618.72
OL002069_4;O002069;P0017;6;474.99;0.2;2279.95
OL002070_1;O002070;P0036;6;90.91;0;545.46
OL002070_2;O002070;P0132;6;671.29;0.1;3624.97
OL002070_3;O002070;P0063;4;479.2;0.05;1820.96
OL002070_4;O002070;P0421;5;572.52;0.05;2719.47
OL002070_5;O002070;P0443;3;306.44;0.05;873.35
OL002071_1;O002071;P0258;6;297.45;0.2;1427.76
OL002071_2;O002071;P0109;6;759.21;0;4555.26
OL002071_3;O002071;P0267;4;103.48;0;413.92
OL002071_4;O002071;P0075;2;688.89;0.1;1240.0
OL002072_1;O002072;P0332;1;423.42;0;423.42
OL002072_2;O002072;P0457;6;480.94;0;2885.64
OL002072_3;O002072;P0369;1;797.51;0;797.51
OL002073_1;O002073;P0070;2;493.71;0.05;938.05
OL002073_2;O002073;P0405;3;158.47;0;475.41
OL002074_1;O002074;P0281;1;524.74;0;524.74
OL002074_2;O002074;P0104;2;281.79;0.1;507.22
OL002074_3;O002074;P0328;4;32.57;0;130.28
OL002074_4;O002074;P0406;5;488.43;0;2442.15
OL002074_5;O002074;P0461;3;707.1;0.1;1909.17
OL002075_1;O002075;P0083;5;798.25;0;3991.25
OL002075_2;O002075;P0058;3;496.7;0.2;1192.08
OL002075_3;O002075;P0237;6;39.93;0.1;215.62
OL002076_1;O002076;P0033;1;75.31;0.2;60.25
OL002076_2;O002076;P0286;1;660.37;0;660.37
OL002076_3;O002076;P0016;6;185.38;0.2;889.82
OL002077_1;O002077;P0322;2;525.88;0.2;841.41
OL002077_2;O002077;P0005;6;164.48;0.2;789.5
OL002077_3;O002077;P0089;4;216.18;0;864.72
OL002077_4;O002077;P0479;2;502.37;0.1;904.27
OL002078_1;O002078;P0436;2;646.77;0.1;1164.19
OL002078_2;O002078;P0370;3;454.88;0;1364.64
OL002078_3;O002078;P0304;2;613.75;0;1227.5
OL002079_1;O002079;P0427;3;339.4;0.05;967.29
OL002079_2;O002079;P0447;1;391.3;0.05;371.74
OL002079_3;O002079;P0273;3;481.26;0.1;1299.4
OL002079_4;O002079;P0133;2;337.05;0.2;539.28
OL002079_5;O002079;P0405;5;158.47;0.05;752.73
OL002080_1;O002080;P0175;3;544.63;0.05;1552.2
OL002080_2;O002080;P0014;6;732.38;0.05;4174.57
OL002080_3;O002080;P0078;1;732.02;0;732.02
OL002081_1;O002081;P0500;6;420.76;0.1;2272.1
OL002081_2;O002081;P0305;2;788.44;0;1576.88
OL002082_1;O002082;P0233;4;418.33;0;1673.32
OL002082_2;O002082;P0055;2;587.3;0.05;1115.87
OL002083_1;O002083;P0211;2;351.92;0.05;668.65
OL002083_2;O002083;P0427;5;339.4;0;1697.0
OL002084_1;O002084;P0111;3;169.16;0.2;405.98
OL002084_2;O002084;P0349;5;43.17;0;215.85
OL002084_3;O002084;P0468;1;765.15;0.05;726.89
OL002084_4;O002084;P0402;3;349.75;0.2;839.4
OL002084_5;O002084;P0460;2;497.38;0.05;945.02
OL002085_1;O002085;P0216;6;264.68;0.2;1270.46
OL002085_2;O002085;P0339;6;27.48;0.1;148.39
OL002085_3;O002085;P0286;3;660.37;0;1981.11
OL002085_4;O002085;P0342;6;676.4;0.1;3652.56
OL002085_5;O002085;P0247;3;163.52;0;490.56
OL002086_1;O002086;P0161;6;418.66;0.1;2260.76
OL002086_2;O002086;P0266;3;231.84;0.2;556.42
OL002086_3;O002086;P0441;3;246.48;0.05;702.47
OL002086_4;O002086;P0041;4;694.97;0.05;2640.89
OL002086_5;O002086;P0421;5;572.52;0;2862.6
OL002087_1;O002087;P0367;2;372.39;0.1;670.3
OL002088_1;O002088;P0410;5;62.25;0.2;249.0
OL002088_2;O002088;P0489;4;70.72;0;282.88
OL002089_1;O002089;P0472;3;789.27;0;2367.81
OL002089_2;O002089;P0332;3;423.42;0.1;1143.23
OL002089_3;O002089;P0421;6;572.52;0.05;3263.36
OL002089_4;O002089;P0445;1;197.74;0.2;158.19
OL002090_1;O002090;P0448;1;423.67;0.1;381.3
OL002090_2;O002090;P0030;2;394.47;0.05;749.49
OL002090_3;O002090;P0012;4;530.34;0.1;1909.22
OL002090_4;O002090;P0219;4;549.88;0;2199.52
OL002091_1;O002091;P0070;4;493.71;0.05;1876.1
OL002091_2;O002091;P0255;3;714.76;0;2144.28
OL002092_1;O002092;P0026;1;100.02;0;100.02
OL002092_2;O002092;P0452;1;162.11;0.2;129.69
OL002092_3;O002092;P0338;6;501.98;0;3011.88
OL002092_4;O002092;P0004;5;392.54;0.1;1766.43
OL002093_1;O002093;P0245;5;434.35;0;2171.75
OL002093_2;O002093;P0050;4;746.85;0.05;2838.03
OL002093_3;O002093;P0002;1;76.91;0.2;61.53
OL002093_4;O002093;P0490;1;213.0;0.1;191.7
OL002093_5;O002093;P0378;3;189.11;0.1;510.6
OL002094_1;O002094;P0315;2;47.69;0;95.38
OL002094_2;O002094;P0262;1;522.33;0.1;470.1
OL002094_3;O002094;P0447;4;391.3;0.05;1486.94
OL002094_4;O002094;P0407;6;553.63;0;3321.78
OL002094_5;O002094;P0250;4;162.86;0;651.44
OL002095_1;O002095;P0033;1;75.31;0.2;60.25
OL002095_2;O002095;P0450;2;255.68;0.05;485.79
OL002095_3;O002095;P0224;4;486.68;0.05;1849.38
OL002096_1;O002096;P0402;3;349.75;0;1049.25
OL002096_2;O002096;P0097;2;304.07;0.05;577.73
OL002097_1;O002097;P0363;3;514.74;0.2;1235.38
OL002097_2;O002097;P0073;1;103.26;0.2;82.61
OL002097_3;O002097;P0434;4;193.85;0;775.4
OL002098_1;O002098;P0175;1;544.63;0;544.63
OL002099_1;O002099;P0246;4;725.45;0;2901.8
OL002099_2;O002099;P0117;3;485.89;0;1457.67
OL002099_3;O002099;P0085;3;584.5;0;1753.5
OL002100_1;O002100;P0430;4;558.75;0.05;2123.25
OL002100_2;O002100;P0216;2;264.68;0;529.36
OL002100_3;O002100;P0449;4;114.85;0.1;413.46
OL002100_4;O002100;P0324;1;195.36;0;195.36
OL002101_1;O002101;P0241;1;631.64;0;631.64
OL002101_2;O002101;P0267;2;103.48;0;206.96
OL002101_3;O002101;P0462;1;388.14;0;388.14
OL002101_4;O002101;P0344;3;616.84;0;1850.52
OL002101_5;O002101;P0319;6;395.12;0;2370.72
OL002102_1;O002102;P0145;4;675.85;0.05;2568.23
OL002102_2;O002102;P0050;5;746.85;0.05;3547.54
OL002102_3;O002102;P0244;5;18.81;0.2;75.24
OL002102_4;O002102;P0256;6;439.34;0.2;2108.83
OL002103_1;O002103;P0432;3;789.16;0.1;2130.73
OL002103_2;O002103;P0035;6;439.05;0.2;2107.44
OL002103_3;O002103;P0028;4;540.97;0.2;1731.1
OL002103_4;O002103;P0363;2;514.74;0;1029.48
OL002103_5;O002103;P0327;6;205.44;0.2;986.11
OL002104_1;O002104;P0075;1;688.89;0;688.89
OL002104_2;O002104;P0118;2;198.02;0.1;356.44
OL002104_3;O002104;P0481;3;741.99;0;2225.97
OL002105_1;O002105;P0145;5;675.85;0.05;3210.29
OL002105_2;O002105;P0244;4;18.81;0;75.24
OL002105_3;O002105;P0128;6;242.69;0.2;1164.91
OL002105_4;O002105;P0214;6;710.29;0;4261.74
OL002105_5;O002105;P0016;5;185.38;0.05;880.55
OL002106_1;O002106;P0230;4;271.54;0.1;977.54
OL002106_2;O002106;P0193;2;522.59;0;1045.18
OL002106_3;O002106;P0487;6;584.31;0;3505.86
OL002106_4;O002106;P0172;3;611.34;0.05;1742.32
OL002106_5;O002106;P0207;1;659.25;0.05;626.29
OL002107_1;O002107;P0017;5;474.99;0.05;2256.2
OL002108_1;O002108;P0409;4;613.99;0;2455.96
OL002108_2;O002108;P0112;1;126.69;0;126.69
OL002109_1;O002109;P0311;6;604.23;0.05;3444.11
OL002109_2;O002109;P0373;2;659.33;0.2;1054.93
OL002109_3;O002109;P0091;1;378.18;0;378.18
OL002109_4;O002109;P0418;1;726.66;0.1;653.99
OL002110_1;O002110;P0141;6;705.31;0;4231.86
OL002110_2;O002110;P0340;6;193.92;0.05;1105.34
OL002111_1;O002111;P0475;6;176.86;0.2;848.93
OL002111_2;O002111;P0462;6;388.14;0.1;2095.96
OL002111_3;O002111;P0399;5;528.98;0.1;2380.41
OL002112_1;O002112;P0195;6;153.2;0.1;827.28
OL002112_2;O002112;P0001;6;481.57;0.1;2600.48
OL002112_3;O002112;P0327;1;205.44;0;205.44
OL002112_4;O002112;P0066;2;324.4;0.1;583.92
OL002113_1;O002113;P0216;3;264.68;0.1;714.64
OL002114_1;O002114;P0309;6;494.09;0;2964.54
OL002114_2;O002114;P0358;2;435.78;0;871.56
OL002114_3;O002114;P0108;6;478.09;0.2;2294.83
OL002115_1;O002115;P0168;4;500.32;0.1;1801.15
OL002115_2;O002115;P0455;3;714.87;0;2144.61
OL002115_3;O002115;P0003;5;222.04;0;1110.2
OL002116_1;O002116;P0202;3;103.78;0;311.34
OL002116_2;O002116;P0355;3;666.77;0;2000.31
OL002116_3;O002116;P0293;3;451.7;0.05;1287.34
OL002116_4;O002116;P0190;6;101.56;0.1;548.42
OL002117_1;O002117;P0031;4;675.17;0;2700.68
OL002117_2;O002117;P0032;1;313.32;0;313.32
OL002117_3;O002117;P0131;3;301.83;0.2;724.39
OL002117_4;O002117;P0396;6;397.05;0.2;1905.84
OL002117_5;O002117;P0347;4;711.14;0.05;2702.33
OL002118_1;O002118;P0393;2;533.76;0;1067.52
OL002118_2;O002118;P0259;2;135.79;0;271.58
OL002118_3;O002118;P0270;4;141.41;0.1;509.08
OL002118_4;O002118;P0284;5;324.52;0;1622.6
OL002118_5;O002118;P0283;6;302.47;0.1;1633.34
OL002119_1;O002119;P0128;3;242.69;0;728.07
OL002119_2;O002119;P0252;6;630.67;0.2;3027.22
OL002120_1;O002120;P0207;1;659.25;0;659.25
OL002120_2;O002120;P0476;2;740.34;0.05;1406.65
OL002120_3;O002120;P0091;5;378.18;0.2;1512.72
OL002120_4;O002120;P0372;3;248.45;0;745.35
OL002120_5;O002120;P0278;4;115.77;0.1;416.77
OL002121_1;O002121;P0344;6;616.84;0;3701.04
OL002121_2;O002121;P0360;5;44.58;0.1;200.61
OL002121_3;O002121;P0039;5;646.3;0;3231.5
OL002121_4;O002121;P0312;1;783.63;0.05;744.45
OL002122_1;O002122;P0199;1;380.74;0;380.74
OL002122_2;O002122;P0364;2;219.99;0;439.98
OL002123_1;O002123;P0298;3;312.31;0;936.93
OL002123_2;O002123;P0205;2;483.96;0.05;919.52
OL002124_1;O002124;P0239;2;352.09;0.2;563.34
OL002125_1;O002125;P0083;6;798.25;0.05;4550.02
OL002125_2;O002125;P0331;3;359.07;0;1077.21
OL002125_3;O002125;P0477;3;66.68;0;200.04
OL002125_4;O002125;P0447;3;391.3;0.2;939.12
OL002125_5;O002125;P0015;3;787.05;0.2;1888.92
OL002126_1;O002126;P0052;6;606.63;0;3639.78
OL002126_2;O002126;P0250;4;162.86;0.2;521.15
OL002126_3;O002126;P0310;6;494.34;0.1;2669.44
OL002126_4;O002126;P0234;2;162.08;0;324.16
OL002127_1;O002127;P0236;3;664.71;0;1994.13
OL002127_2;O002127;P0439;4;388.5;0.1;1398.6
OL002128_1;O002128;P0060;4;519.25;0.2;1661.6
OL002129_1;O002129;P0476;5;740.34;0;3701.7
OL002129_2;O002129;P0444;5;603.72;0;3018.6
OL002129_3;O002129;P0443;2;306.44;0.05;582.24
OL002130_1;O002130;P0295;3;451.32;0;1353.96
OL002130_2;O002130;P0466;4;280.34;0.1;1009.22
OL002130_3;O002130;P0289;5;528.94;0;2644.7
OL002130_4;O002130;P0107;1;654.87;0;654.87
OL002130_5;O002130;P0283;1;302.47;0.05;287.35
OL002131_1;O002131;P0334;1;481.63;0;481.63
OL002132_1;O002132;P0161;2;418.66;0.2;669.86
OL002132_2;O002132;P0226;5;112.75;0.2;451.0
OL002132_3;O002132;P0309;5;494.09;0.2;1976.36
OL002133_1;O002133;P0480;2;345.57;0;691.14
OL002133_2;O002133;P0293;1;451.7;0;451.7
OL002133_3;O002133;P0335;4;207.42;0;829.68
OL002133_4;O002133;P0135;6;684.61;0.2;3286.13
OL002133_5;O002133;P0182;6;130.97;0.2;628.66
OL002134_1;O002134;P0464;4;326.65;0;1306.6
OL002134_2;O002134;P0352;3;607.79;0.05;1732.2
OL002135_1;O002135;P0333;3;738.45;0.05;2104.58
OL002135_2;O002135;P0321;4;680.63;0;2722.52
OL002135_3;O002135;P0185;1;666.88;0;666.88
OL002135_4;O002135;P0071;6;564.18;0;3385.08
OL002135_5;O002135;P0470;3;367.85;0;1103.55
OL002136_1;O002136;P0169;4;336.35;0.2;1076.32
OL002136_2;O002136;P0457;5;480.94;0;2404.7
OL002136_3;O002136;P0423;4;403.13;0.2;1290.02
OL002136_4;O002136;P0359;2;233.67;0.2;373.87
OL002137_1;O002137;P0414;1;357.25;0.2;285.8
OL002137_2;O002137;P0064;1;459.02;0;459.02
OL002137_3;O002137;P0234;4;162.08;0.05;615.9
OL002137_4;O002137;P0255;1;714.76;0.05;679.02
OL002138_1;O002138;P0099;6;50.0;0.2;240.0
OL002138_2;O002138;P0056;2;621.03;0;1242.06
OL002138_3;O002138;P0004;5;392.54;0.2;1570.16
OL002138_4;O002138;P0125;1;526.37;0.05;500.05
OL002139_1;O002139;P0412;3;461.83;0.1;1246.94
OL002139_2;O002139;P0164;4;385.83;0.2;1234.66
OL002140_1;O002140;P0241;3;631.64;0;1894.92
OL002140_2;O002140;P0468;1;765.15;0.05;726.89
OL002140_3;O002140;P0139;2;502.22;0.2;803.55
OL002141_1;O002141;P0178;6;158.86;0;953.16
OL002142_1;O002142;P0201;4;195.65;0.2;626.08
OL002142_2;O002142;P0284;3;324.52;0.05;924.88
OL002142_3;O002142;P0439;3;388.5;0.05;1107.22
OL002142_4;O002142;P0121;6;309.18;0.1;1669.57
OL002143_1;O002143;P0053;4;114.83;0;459.32
OL002143_2;O002143;P0095;4;329.47;0.1;1186.09
OL002143_3;O002143;P0498;3;429.72;0.2;1031.33
OL002143_4;O002143;P0434;3;193.85;0.2;465.24
OL002143_5;O002143;P0331;1;359.07;0.2;287.26
OL002144_1;O002144;P0043;6;306.39;0;1838.34
OL002144_2;O002144;P0040;6;221.2;0;1327.2
OL002144_3;O002144;P0177;4;239.75;0;959.0
OL002145_1;O002145;P0117;5;485.89;0;2429.45
OL002145_2;O002145;P0248;4;540.63;0;2162.52
OL002146_1;O002146;P0357;6;499.59;0.1;2697.79
OL002146_2;O002146;P0156;1;484.9;0.2;387.92
OL002146_3;O002146;P0230;3;271.54;0.1;733.16
OL002147_1;O002147;P0198;1;534.33;0.2;427.46
OL002148_1;O002148;P0473;2;774.64;0.2;1239.42
OL002148_2;O002148;P0491;4;148.57;0;594.28
OL002148_3;O002148;P0160;5;275.66;0.05;1309.39
OL002149_1;O002149;P0196;5;395.62;0;1978.1
OL002149_2;O002149;P0142;4;383.71;0;1534.84
OL002149_3;O002149;P0195;6;153.2;0.05;873.24
OL002150_1;O002150;P0003;4;222.04;0;888.16
OL002150_2;O002150;P0294;3;369.26;0.1;997.0
OL002150_3;O002150;P0329;1;443.35;0.05;421.18
OL002150_4;O002150;P0463;3;91.32;0;273.96
OL002150_5;O002150;P0160;5;275.66;0.05;1309.39
OL002151_1;O002151;P0433;5;502.36;0;2511.8
OL002152_1;O002152;P0404;3;705.3;0.1;1904.31
OL002153_1;O002153;P0430;5;558.75;0.1;2514.38
OL002154_1;O002154;P0135;2;684.61;0;1369.22
OL002155_1;O002155;P0027;3;284.86;0;854.58
OL002155_2;O002155;P0493;5;336.23;0.1;1513.04
OL002156_1;O002156;P0288;5;771.19;0.1;3470.36
OL002156_2;O002156;P0081;4;621.09;0.05;2360.14
OL002156_3;O002156;P0452;1;162.11;0.05;154.0
OL002156_4;O002156;P0046;3;324.2;0;972.6
OL002156_5;O002156;P0059;4;107.29;0.05;407.7
OL002157_1;O002157;P0220;1;653.08;0;653.08
OL002157_2;O002157;P0212;2;529.44;0.2;847.1
OL002158_1;O002158;P0189;5;88.85;0.2;355.4
OL002158_2;O002158;P0086;2;778.32;0.05;1478.81
OL002158_3;O002158;P0033;6;75.31;0.1;406.67
OL002159_1;O002159;P0104;5;281.79;0;1408.95
OL002159_2;O002159;P0220;4;653.08;0.1;2351.09
OL002159_3;O002159;P0217;3;571.0;0.1;1541.7
OL002159_4;O002159;P0030;2;394.47;0;788.94
OL002160_1;O002160;P0148;6;570.56;0.2;2738.69
OL002160_2;O002160;P0110;3;193.77;0.05;552.24
OL002160_3;O002160;P0347;3;711.14;0.1;1920.08
OL002161_1;O002161;P0478;3;117.26;0;351.78
OL002161_2;O002161;P0494;1;590.15;0.05;560.64
OL002162_1;O002162;P0341;1;630.72;0;630.72
OL002163_1;O002163;P0070;2;493.71;0;987.42
OL002163_2;O002163;P0285;3;411.59;0.05;1173.03
OL002164_1;O002164;P0165;1;87.11;0.2;69.69
OL002164_2;O002164;P0202;4;103.78;0.2;332.1
OL002164_3;O002164;P0442;4;711.54;0.1;2561.54
OL002165_1;O002165;P0098;3;520.33;0.05;1482.94
OL002165_2;O002165;P0407;3;553.63;0.1;1494.8
OL002165_3;O002165;P0313;6;686.48;0;4118.88
OL002165_4;O002165;P0107;2;654.87;0.1;1178.77
OL002166_1;O002166;P0071;4;564.18;0.2;1805.38
OL002166_2;O002166;P0374;4;119.34;0.1;429.62
OL002166_3;O002166;P0328;2;32.57;0.1;58.63
OL002167_1;O002167;P0201;5;195.65;0.2;782.6
OL002167_2;O002167;P0311;5;604.23;0;3021.15
OL002167_3;O002167;P0342;5;676.4;0;3382.0
OL002167_4;O002167;P0292;6;168.25;0;1009.5
OL002167_5;O002167;P0455;6;714.87;0.2;3431.38
OL002168_1;O002168;P0254;3;489.24;0.2;1174.18
OL002169_1;O002169;P0222;5;780.9;0.05;3709.27
OL002169_2;O002169;P0417;5;368.41;0.05;1749.95
OL002169_3;O002169;P0109;1;759.21;0;759.21
OL002169_4;O002169;P0198;2;534.33;0;1068.66
OL002169_5;O002169;P0031;6;675.17;0.1;3645.92
OL002170_1;O002170;P0182;4;130.97;0.1;471.49
OL002170_2;O002170;P0034;6;238.05;0;1428.3
OL002170_3;O002170;P0478;2;117.26;0;234.52
OL002171_1;O002171;P0445;5;197.74;0.05;939.26
OL002171_2;O002171;P0105;3;183.03;0;549.09
OL002171_3;O002171;P0097;1;304.07;0.05;288.87
OL002172_1;O002172;P0283;1;302.47;0.05;287.35
OL002173_1;O002173;P0367;2;372.39;0.2;595.82
OL002173_2;O002173;P0353;4;116.44;0;465.76
OL002173_3;O002173;P0402;4;349.75;0.05;1329.05
OL002174_1;O002174;P0489;1;70.72;0.1;63.65
OL002174_2;O002174;P0145;6;675.85;0.05;3852.35
OL002174_3;O002174;P0071;3;564.18;0;1692.54
OL002174_4;O002174;P0476;5;740.34;0.1;3331.53
OL002174_5;O002174;P0271;6;181.11;0.05;1032.33
OL002175_1;O002175;P0453;2;134.42;0.2;215.07
OL002175_2;O002175;P0021;5;281.03;0.1;1264.63
OL002175_3;O002175;P0001;2;481.57;0;963.14
OL002176_1;O002176;P0070;6;493.71;0.05;2814.15
OL002177_1;O002177;P0253;2;375.65;0;751.3
OL002178_1;O002178;P0098;2;520.33;0;1040.66
OL002179_1;O002179;P0304;5;613.75;0;3068.75
OL002180_1;O002180;P0215;6;239.56;0;1437.36
OL002180_2;O002180;P0169;1;336.35;0.05;319.53
OL002180_3;O002180;P0167;2;472.6;0;945.2
OL002181_1;O002181;P0291;2;78.61;0.05;149.36
OL002181_2;O002181;P0306;4;185.45;0.05;704.71
OL002181_3;O002181;P0499;4;87.64;0.1;315.5
OL002181_4;O002181;P0162;5;579.81;0;2899.05
OL002181_5;O002181;P0329;2;443.35;0.05;842.37
OL002182_1;O002182;P0080;3;645.43;0.05;1839.48
OL002183_1;O002183;P0059;3;107.29;0;321.87
OL002183_2;O002183;P0444;1;603.72;0.05;573.53
OL002183_3;O002183;P0065;4;63.35;0.2;202.72
OL002183_4;O002183;P0322;4;525.88;0;2103.52
OL002183_5;O002183;P0421;4;572.52;0.05;2175.58
OL002184_1;O002184;P0338;3;501.98;0.1;1355.35
OL002184_2;O002184;P0246;6;725.45;0;4352.7
OL002184_3;O002184;P0198;5;534.33;0.2;2137.32
OL002184_4;O002184;P0210;6;475.56;0;2853.36
OL002185_1;O002185;P0439;5;388.5;0.05;1845.38
OL002186_1;O002186;P0264;2;726.72;0;1453.44
OL002186_2;O002186;P0497;5;19.37;0.1;87.17
OL002186_3;O002186;P0290;3;561.78;0.1;1516.81
OL002186_4;O002186;P0037;3;655.22;0;1965.66
OL002187_1;O002187;P0259;3;135.79;0;407.37
OL002187_2;O002187;P0217;5;571.0;0;2855.0
OL002187_3;O002187;P0098;1;520.33;0;520.33
OL002187_4;O002187;P0147;6;331.66;0.1;1790.96
OL002187_5;O002187;P0378;6;189.11;0;1134.66
OL002188_1;O002188;P0101;1;37.37;0;37.37
OL002188_2;O002188;P0125;3;526.37;0.2;1263.29
OL002189_1;O002189;P0309;2;494.09;0.1;889.36
OL002189_2;O002189;P0283;4;302.47;0.1;1088.89
OL002189_3;O002189;P0225;5;147.3;0;736.5
OL002189_4;O002189;P0126;4;160.09;0;640.36
OL002190_1;O002190;P0102;1;79.3;0.1;71.37
OL002190_2;O002190;P0080;1;645.43;0.1;580.89
OL002190_3;O002190;P0271;1;181.11;0.05;172.05
OL002191_1;O002191;P0266;3;231.84;0;695.52
OL002192_1;O002192;P0321;3;680.63;0;2041.89
OL002193_1;O002193;P0073;6;103.26;0.2;495.65
OL002194_1;O002194;P0380;5;797.92;0.05;3790.12
OL002194_2;O002194;P0443;1;306.44;0.1;275.8
OL002194_3;O002194;P0120;2;48.04;0;96.08
OL002194_4;O002194;P0260;1;193.08;0;193.08
OL002194_5;O002194;P0251;1;130.39;0.05;123.87
OL002195_1;O002195;P0108;5;478.09;0.05;2270.93
OL002195_2;O002195;P0043;4;306.39;0;1225.56
OL002195_3;O002195;P0162;4;579.81;0.2;1855.39
OL002195_4;O002195;P0038;1;690.23;0.1;621.21
OL002195_5;O002195;P0145;3;675.85;0.1;1824.8
OL002196_1;O002196;P0396;6;397.05;0.05;2263.18
OL002196_2;O002196;P0351;1;635.26;0;635.26
OL002196_3;O002196;P0283;3;302.47;0.2;725.93
OL002196_4;O002196;P0042;1;611.56;0;611.56
OL002196_5;O002196;P0049;3;10.53;0.1;28.43
OL002197_1;O002197;P0205;4;483.96;0.1;1742.26
OL002198_1;O002198;P0040;5;221.2;0;1106.0
OL002198_2;O002198;P0433;5;502.36;0;2511.8
OL002198_3;O002198;P0158;4;182.39;0.1;656.6
OL002198_4;O002198;P0383;1;166.51;0.05;158.18
OL002198_5;O002198;P0500;1;420.76;0;420.76
OL002199_1;O002199;P0430;5;558.75;0;2793.75
OL002199_2;O002199;P0160;6;275.66;0;1653.96
OL002199_3;O002199;P0426;6;285.73;0.05;1628.66
OL002200_1;O002200;P0390;1;214.34;0;214.34
OL002201_1;O002201;P0398;4;653.74;0.1;2353.46
OL002201_2;O002201;P0037;4;655.22;0;2620.88
OL002201_3;O002201;P0199;6;380.74;0;2284.44
OL002201_4;O002201;P0199;6;380.74;0.1;2056.0
OL002202_1;O002202;P0200;5;271.41;0.1;1221.35
OL002202_2;O002202;P0310;2;494.34;0;988.68
OL002202_3;O002202;P0400;3;346.91;0.05;988.69
OL002202_4;O002202;P0460;3;497.38;0;1492.14
OL002202_5;O002202;P0168;3;500.32;0.1;1350.86
OL002203_1;O002203;P0487;6;584.31;0.05;3330.57
OL002204_1;O002204;P0472;4;789.27;0;3157.08
OL002204_2;O002204;P0419;4;77.39;0;309.56
OL002204_3;O002204;P0052;6;606.63;0.2;2911.82
OL002204_4;O002204;P0407;3;553.63;0.2;1328.71
OL002204_5;O002204;P0295;2;451.32;0.05;857.51
OL002205_1;O002205;P0052;6;606.63;0.1;3275.8
OL002205_2;O002205;P0162;4;579.81;0.1;2087.32
OL002205_3;O002205;P0215;4;239.56;0;958.24
OL002206_1;O002206;P0392;3;498.19;0.2;1195.66
OL002206_2;O002206;P0217;4;571.0;0.2;1827.2
OL002207_1;O002207;P0409;6;613.99;0.2;2947.15
OL002207_2;O002207;P0331;3;359.07;0.2;861.77
OL002207_3;O002207;P0025;5;604.34;0.1;2719.53
OL002207_4;O002207;P0034;5;238.05;0.1;1071.23
OL002207_5;O002207;P0345;6;590.9;0.2;2836.32
OL002208_1;O002208;P0113;5;533.09;0.2;2132.36
OL002208_2;O002208;P0290;2;561.78;0;1123.56
OL002209_1;O002209;P0171;6;395.19;0;2371.14
OL002209_2;O002209;P0076;3;542.56;0.1;1464.91
OL002209_3;O002209;P0281;4;524.74;0;2098.96
OL002209_4;O002209;P0345;6;590.9;0.2;2836.32
OL002210_1;O002210;P0272;5;637.75;0;3188.75
OL002210_2;O002210;P0195;2;153.2;0.1;275.76
OL002210_3;O002210;P0301;4;463.23;0;1852.92
OL002211_1;O002211;P0353;4;116.44;0.2;372.61
OL002211_2;O002211;P0051;3;724.0;0.05;2063.4
OL002212_1;O002212;P0019;3;629.57;0;1888.71
OL002212_2;O002212;P0406;5;488.43;0.1;2197.93
OL002212_3;O002212;P0173;3;352.63;0;1057.89
OL002212_4;O002212;P0165;4;87.11;0;348.44
OL002213_1;O002213;P0270;4;141.41;0;565.64
OL002213_2;O002213;P0225;3;147.3;0;441.9
OL002214_1;O002214;P0160;4;275.66;0.2;882.11
OL002214_2;O002214;P0224;6;486.68;0;2920.08
OL002215_1;O002215;P0204;6;297.04;0.2;1425.79
OL002215_2;O002215;P0146;2;263.49;0;526.98
OL002215_3;O002215;P0428;1;454.12;0;454.12
OL002216_1;O002216;P0294;5;369.26;0;1846.3
OL002217_1;O002217;P0207;6;659.25;0;3955.5
OL002217_2;O002217;P0164;4;385.83;0.1;1388.99
OL002217_3;O002217;P0069;1;355.61;0;355.61
OL002218_1;O002218;P0219;4;549.88;0;2199.52
OL002218_2;O002218;P0022;3;271.48;0.1;733.0
OL002218_3;O002218;P0459;2;255.21;0.1;459.38
OL002219_1;O002219;P0015;1;787.05;0;787.05
OL002219_2;O002219;P0329;4;443.35;0.1;1596.06
OL002219_3;O002219;P0360;6;44.58;0;267.48
OL002219_4;O002219;P0495;6;376.57;0.1;2033.48
OL002220_1;O002220;P0314;3;404.68;0.1;1092.64
OL002220_2;O002220;P0199;5;380.74;0.05;1808.51
OL002220_3;O002220;P0105;2;183.03;0.05;347.76
OL002220_4;O002220;P0060;3;519.25;0.2;1246.2
OL002221_1;O002221;P0421;3;572.52;0.05;1631.68
OL002221_2;O002221;P0045;6;679.26;0.2;3260.45
OL002221_3;O002221;P0092;3;376.04;0;1128.12
OL002221_4;O002221;P0230;5;271.54;0;1357.7
OL002222_1;O002222;P0202;2;103.78;0.05;197.18
OL002222_2;O002222;P0322;1;525.88;0.05;499.59
OL002222_3;O002222;P0146;5;263.49;0.1;1185.71
OL002222_4;O002222;P0341;4;630.72;0.1;2270.59
OL002222_5;O002222;P0154;4;626.07;0.1;2253.85
OL002223_1;O002223;P0486;4;640.6;0;2562.4
OL002223_2;O002223;P0448;4;423.67;0.2;1355.74
OL002223_3;O002223;P0259;5;135.79;0.1;611.05
OL002223_4;O002223;P0225;6;147.3;0.05;839.61
OL002223_5;O002223;P0374;2;119.34;0;238.68
OL002224_1;O002224;P0440;3;714.73;0;2144.19
OL002224_2;O002224;P0178;2;158.86;0;317.72
OL002224_3;O002224;P0068;1;170.53;0.05;162.0
OL002224_4;O002224;P0457;1;480.94;0;480.94
OL002225_1;O002225;P0254;1;489.24;0.05;464.78
OL002226_1;O002226;P0185;6;666.88;0.1;3601.15
OL002226_2;O002226;P0288;4;771.19;0;3084.76
OL002226_3;O002226;P0471;3;260.11;0;780.33
OL002226_4;O002226;P0195;5;153.2;0;766.0
OL002226_5;O002226;P0072;1;579.4;0;579.4
OL002227_1;O002227;P0131;4;301.83;0.05;1146.95
OL002227_2;O002227;P0418;3;726.66;0.05;2070.98
OL002227_3;O002227;P0229;6;135.9;0.1;733.86
OL002227_4;O002227;P0127;3;461.7;0;1385.1
OL002227_5;O002227;P0077;5;382.69;0;1913.45
OL002228_1;O002228;P0301;5;463.23;0;2316.15
OL002228_2;O002228;P0269;3;463.05;0.1;1250.24
OL002228_3;O002228;P0308;5;554.48;0.1;2495.16
OL002229_1;O002229;P0201;5;195.65;0.2;782.6
OL002229_2;O002229;P0142;3;383.71;0.2;920.9
OL002229_3;O002229;P0278;5;115.77;0;578.85
OL002230_1;O002230;P0473;5;774.64;0.2;3098.56
OL002230_2;O002230;P0284;4;324.52;0;1298.08
OL002230_3;O002230;P0138;3;449.53;0.05;1281.16
OL002230_4;O002230;P0200;2;271.41;0;542.82
OL002230_5;O002230;P0073;6;103.26;0.2;495.65
OL002231_1;O002231;P0071;1;564.18;0;564.18
OL002231_2;O002231;P0491;1;148.57;0.05;141.14
OL002232_1;O002232;P0251;1;130.39;0;130.39
OL002232_2;O002232;P0393;5;533.76;0.1;2401.92
OL002233_1;O002233;P0083;4;798.25;0.1;2873.7
OL002233_2;O002233;P0490;3;213.0;0.2;511.2
OL002234_1;O002234;P0491;4;148.57;0;594.28
OL002234_2;O002234;P0029;6;557.81;0.05;3179.52
OL002234_3;O002234;P0281;3;524.74;0.2;1259.38
OL002234_4;O002234;P0090;1;69.0;0.2;55.2
OL002235_1;O002235;P0483;5;787.1;0.2;3148.4
OL002235_2;O002235;P0315;5;47.69;0;238.45
OL002235_3;O002235;P0377;5;626.3;0;3131.5
OL002236_1;O002236;P0431;3;493.52;0.05;1406.53
OL002236_2;O002236;P0460;6;497.38;0.05;2835.07
OL002237_1;O002237;P0060;6;519.25;0;3115.5
OL002237_2;O002237;P0067;3;433.89;0;1301.67
OL002238_1;O002238;P0285;6;411.59;0.05;2346.06
OL002238_2;O002238;P0258;6;297.45;0.1;1606.23
OL002238_3;O002238;P0070;4;493.71;0;1974.84
OL002239_1;O002239;P0400;4;346.91;0;1387.64
OL002239_2;O002239;P0476;5;740.34;0.2;2961.36
OL002239_3;O002239;P0016;4;185.38;0;741.52
OL002239_4;O002239;P0223;4;696.39;0.05;2646.28
OL002239_5;O002239;P0292;4;168.25;0;673.0
OL002240_1;O002240;P0404;1;705.3;0;705.3
OL002240_2;O002240;P0038;1;690.23;0;690.23
OL002240_3;O002240;P0452;5;162.11;0.1;729.5
OL002241_1;O002241;P0016;3;185.38;0.1;500.53
OL002241_2;O002241;P0197;1;19.76;0.1;17.78
OL002241_3;O002241;P0060;1;519.25;0;519.25
OL002241_4;O002241;P0147;4;331.66;0.2;1061.31
OL002241_5;O002241;P0093;3;560.53;0.1;1513.43
OL002242_1;O002242;P0187;4;80.31;0.1;289.12
OL002242_2;O002242;P0399;1;528.98;0;528.98
OL002242_3;O002242;P0239;2;352.09;0;704.18
OL002242_4;O002242;P0218;1;124.81;0;124.81
OL002242_5;O002242;P0425;3;706.91;0;2120.73
OL002243_1;O002243;P0399;6;528.98;0.05;3015.19
OL002243_2;O002243;P0221;3;641.07;0.1;1730.89
OL002243_3;O002243;P0275;4;483.85;0.1;1741.86
OL002244_1;O002244;P0135;2;684.61;0.1;1232.3
OL002244_2;O002244;P0262;3;522.33;0.1;1410.29
OL002244_3;O002244;P0375;1;325.84;0;325.84
OL002244_4;O002244;P0389;4;382.24;0;1528.96
OL002245_1;O002245;P0060;3;519.25;0.05;1479.86
OL002246_1;O002246;P0272;4;637.75;0;2551.0
OL002247_1;O002247;P0045;3;679.26;0.05;1935.89
OL002247_2;O002247;P0325;3;60.4;0.2;144.96
OL002248_1;O002248;P0199;5;380.74;0.05;1808.51
OL002248_2;O002248;P0009;1;320.42;0;320.42
OL002248_3;O002248;P0324;5;195.36;0;976.8
OL002249_1;O002249;P0442;4;711.54;0;2846.16
OL002249_2;O002249;P0118;4;198.02;0;792.08
OL002249_3;O002249;P0035;1;439.05;0.1;395.15
OL002249_4;O002249;P0186;2;402.12;0.1;723.82
OL002250_1;O002250;P0384;1;349.75;0.1;314.78
OL002250_2;O002250;P0356;1;437.87;0.05;415.98
OL002250_3;O002250;P0060;5;519.25;0.1;2336.62
OL002250_4;O002250;P0316;4;507.59;0;2030.36
OL002250_5;O002250;P0313;3;686.48;0.1;1853.5
OL002251_1;O002251;P0415;2;736.04;0;1472.08
OL002251_2;O002251;P0300;4;658.65;0.05;2502.87
OL002251_3;O002251;P0115;2;743.79;0.1;1338.82
OL002251_4;O002251;P0102;1;79.3;0.05;75.33
OL002251_5;O002251;P0297;2;608.4;0.2;973.44
OL002252_1;O002252;P0492;4;280.85;0.05;1067.23
OL002252_2;O002252;P0342;6;676.4;0;4058.4
OL002252_3;O002252;P0089;1;216.18;0.1;194.56
OL002252_4;O002252;P0415;5;736.04;0.2;2944.16
OL002252_5;O002252;P0341;2;630.72;0.05;1198.37
OL002253_1;O002253;P0050;6;746.85;0;4481.1
OL002253_2;O002253;P0260;5;193.08;0.05;917.13
OL002253_3;O002253;P0432;2;789.16;0.05;1499.4
OL002253_4;O002253;P0286;5;660.37;0;3301.85
OL002253_5;O002253;P0472;1;789.27;0.2;631.42
OL002254_1;O002254;P0041;5;694.97;0;3474.85
OL002254_2;O002254;P0198;6;534.33;0.1;2885.38
OL002254_3;O002254;P0045;4;679.26;0.1;2445.34
OL002254_4;O002254;P0341;1;630.72;0;630.72
OL002254_5;O002254;P0004;2;392.54;0.05;745.83
OL002255_1;O002255;P0449;1;114.85;0;114.85
OL002256_1;O002256;P0339;6;27.48;0.2;131.9
OL002256_2;O002256;P0443;6;306.44;0;1838.64
OL002256_3;O002256;P0298;2;312.31;0.1;562.16
OL002257_1;O002257;P0456;1;49.86;0.05;47.37
OL002257_2;O002257;P0463;6;91.32;0.2;438.34
OL002257_3;O002257;P0382;2;217.42;0;434.84
OL002257_4;O002257;P0467;4;100.32;0.05;381.22
OL002257_5;O002257;P0318;4;546.87;0.05;2078.11
OL002258_1;O002258;P0455;2;714.87;0.1;1286.77
OL002258_2;O002258;P0178;4;158.86;0;635.44
OL002258_3;O002258;P0291;4;78.61;0.2;251.55
OL002258_4;O002258;P0326;5;796.85;0.1;3585.83
OL002258_5;O002258;P0279;1;332.83;0;332.83
OL002259_1;O002259;P0475;5;176.86;0.1;795.87
OL002259_2;O002259;P0191;5;716.68;0.1;3225.06
OL002259_3;O002259;P0227;6;743.62;0.05;4238.63
OL002260_1;O002260;P0429;2;719.05;0.2;1150.48
OL002260_2;O002260;P0123;3;261.79;0.1;706.83
OL002261_1;O002261;P0381;6;126.93;0.05;723.5
OL002262_1;O002262;P0085;6;584.5;0;3507.0
OL002263_1;O002263;P0372;1;248.45;0.2;198.76
OL002263_2;O002263;P0402;6;349.75;0;2098.5
OL002263_3;O002263;P0214;2;710.29;0;1420.58
OL002263_4;O002263;P0351;6;635.26;0;3811.56
OL002263_5;O002263;P0178;6;158.86;0.05;905.5
OL002264_1;O002264;P0387;2;305.32;0.05;580.11
OL002264_2;O002264;P0313;5;686.48;0.05;3260.78
OL002264_3;O002264;P0425;5;706.91;0.1;3181.09
OL002264_4;O002264;P0123;3;261.79;0;785.37
OL002265_1;O002265;P0043;6;306.39;0;1838.34
OL002266_1;O002266;P0294;5;369.26;0;1846.3
OL002266_2;O002266;P0367;1;372.39;0.1;335.15
OL002266_3;O002266;P0415;1;736.04;0.2;588.83
OL002266_4;O002266;P0444;5;603.72;0.2;2414.88
OL002266_5;O002266;P0479;6;502.37;0;3014.22
OL002267_1;O002267;P0047;4;276.83;0.05;1051.95
OL002267_2;O002267;P0467;1;100.32;0.05;95.3
OL002267_3;O002267;P0209;3;95.13;0.05;271.12
OL002268_1;O002268;P0208;2;744.87;0;1489.74
OL002268_2;O002268;P0354;2;397.17;0.1;714.91
OL002268_3;O002268;P0103;2;795.33;0.2;1272.53
OL002268_4;O002268;P0211;6;351.92;0.05;2005.94
OL002269_1;O002269;P0212;3;529.44;0;1588.32
OL002270_1;O002270;P0077;3;382.69;0.05;1090.67
OL002270_2;O002270;P0281;4;524.74;0.05;1994.01
OL002270_3;O002270;P0395;5;157.27;0;786.35
OL002271_1;O002271;P0481;2;741.99;0.2;1187.18
OL002271_2;O002271;P0079;5;262.75;0.05;1248.06
OL002271_3;O002271;P0327;6;205.44;0.1;1109.38
OL002271_4;O002271;P0187;1;80.31;0;80.31
OL002272_1;O002272;P0288;1;771.19;0.2;616.95
OL002272_2;O002272;P0411;2;347.77;0;695.54
OL002272_3;O002272;P0186;1;402.12;0.2;321.7
OL002272_4;O002272;P0049;4;10.53;0;42.12
OL002272_5;O002272;P0123;5;261.79;0;1308.95
OL002273_1;O002273;P0294;6;369.26;0;2215.56
OL002273_2;O002273;P0072;5;579.4;0;2897.0
OL002273_3;O002273;P0002;1;76.91;0.1;69.22
OL002274_1;O002274;P0224;1;486.68;0.1;438.01
OL002274_2;O002274;P0318;1;546.87;0;546.87
OL002274_3;O002274;P0242;2;659.48;0.2;1055.17
OL002274_4;O002274;P0486;2;640.6;0;1281.2
OL002274_5;O002274;P0117;6;485.89;0.05;2769.57
OL002275_1;O002275;P0358;6;435.78;0;2614.68
OL002275_2;O002275;P0395;3;157.27;0;471.81
OL002275_3;O002275;P0295;3;451.32;0;1353.96
OL002276_1;O002276;P0083;1;798.25;0.1;718.43
OL002276_2;O002276;P0100;4;146.52;0;586.08
OL002276_3;O002276;P0307;4;284.36;0;1137.44
OL002276_4;O002276;P0109;5;759.21;0.1;3416.45
OL002276_5;O002276;P0437;6;63.59;0.05;362.46
OL002277_1;O002277;P0082;3;168.53;0.05;480.31
OL002278_1;O002278;P0140;3;470.31;0;1410.93
OL002278_2;O002278;P0002;3;76.91;0.1;207.66
OL002279_1;O002279;P0143;6;557.99;0.05;3180.54
OL002279_2;O002279;P0061;5;489.47;0.2;1957.88
OL002280_1;O002280;P0054;6;790.64;0.1;4269.46
OL002281_1;O002281;P0495;2;376.57;0.1;677.83
OL002281_2;O002281;P0060;3;519.25;0;1557.75
OL002281_3;O002281;P0474;5;195.84;0;979.2
OL002281_4;O002281;P0003;3;222.04;0.1;599.51
OL002281_5;O002281;P0282;2;793.52;0;1587.04
OL002282_1;O002282;P0091;6;378.18;0;2269.08
OL002282_2;O002282;P0003;6;222.04;0.2;1065.79
OL002282_3;O002282;P0141;2;705.31;0;1410.62
OL002283_1;O002283;P0008;6;240.24;0;1441.44
OL002284_1;O002284;P0221;1;641.07;0;641.07
OL002284_2;O002284;P0092;2;376.04;0.05;714.48
OL002285_1;O002285;P0421;5;572.52;0;2862.6
OL002285_2;O002285;P0490;6;213.0;0;1278.0
OL002285_3;O002285;P0278;3;115.77;0;347.31
OL002286_1;O002286;P0053;4;114.83;0;459.32
OL002287_1;O002287;P0295;4;451.32;0.2;1444.22
OL002287_2;O002287;P0143;5;557.99;0;2789.95
OL002287_3;O002287;P0138;2;449.53;0;899.06
OL002287_4;O002287;P0289;6;528.94;0.1;2856.28
OL002287_5;O002287;P0277;6;348.88;0.1;1883.95
OL002288_1;O002288;P0155;4;333.51;0.1;1200.64
OL002288_2;O002288;P0027;1;284.86;0.1;256.37
OL002288_3;O002288;P0046;5;324.2;0;1621.0
OL002288_4;O002288;P0380;6;797.92;0;4787.52
OL002288_5;O002288;P0119;3;219.52;0;658.56
OL002289_1;O002289;P0331;4;359.07;0.1;1292.65
OL002289_2;O002289;P0127;1;461.7;0.05;438.61
OL002289_3;O002289;P0342;2;676.4;0.2;1082.24
OL002289_4;O002289;P0239;1;352.09;0.1;316.88
OL002289_5;O002289;P0057;1;523.52;0.05;497.34
OL002290_1;O002290;P0106;2;799.69;0.1;1439.44
OL002290_2;O002290;P0335;4;207.42;0.1;746.71
OL002290_3;O002290;P0157;5;570.4;0;2852.0
OL002290_4;O002290;P0143;2;557.99;0;1115.98
OL002291_1;O002291;P0093;3;560.53;0.05;1597.51
OL002291_2;O002291;P0121;2;309.18;0.1;556.52
OL002292_1;O002292;P0146;2;263.49;0.1;474.28
OL002292_2;O002292;P0297;5;608.4;0;3042.0
OL002292_3;O002292;P0457;6;480.94;0;2885.64
OL002293_1;O002293;P0314;5;404.68;0;2023.4
OL002293_2;O002293;P0309;5;494.09;0;2470.45
OL002293_3;O002293;P0097;2;304.07;0;608.14
OL002293_4;O002293;P0204;4;297.04;0.2;950.53
OL002294_1;O002294;P0143;1;557.99;0.2;446.39
OL002294_2;O002294;P0060;1;519.25;0.1;467.32
OL002294_3;O002294;P0230;1;271.54;0;271.54
OL002294_4;O002294;P0295;1;451.32;0.1;406.19
OL002295_1;O002295;P0365;5;86.72;0;433.6
OL002295_2;O002295;P0305;2;788.44;0;1576.88
OL002295_3;O002295;P0269;3;463.05;0.1;1250.24
OL002296_1;O002296;P0004;4;392.54;0.2;1256.13
OL002297_1;O002297;P0168;3;500.32;0.2;1200.77
OL002297_2;O002297;P0279;1;332.83;0;332.83
OL002298_1;O002298;P0200;4;271.41;0.1;977.08
OL002298_2;O002298;P0401;6;119.48;0;716.88
OL002298_3;O002298;P0032;3;313.32;0;939.96
OL002299_1;O002299;P0045;5;679.26;0.1;3056.67
OL002299_2;O002299;P0033;3;75.31;0.2;180.74
OL002299_3;O002299;P0438;5;582.27;0;2911.35
OL002300_1;O002300;P0216;3;264.68;0;794.04
OL002301_1;O002301;P0330;3;515.43;0;1546.29
OL002301_2;O002301;P0008;2;240.24;0;480.48
OL002301_3;O002301;P0429;3;719.05;0.1;1941.43
OL002302_1;O002302;P0224;2;486.68;0.05;924.69
OL002302_2;O002302;P0022;6;271.48;0.2;1303.1
OL002303_1;O002303;P0001;1;481.57;0.1;433.41
OL002303_2;O002303;P0323;4;751.63;0;3006.52
OL002303_3;O002303;P0440;4;714.73;0.05;2715.97
OL002303_4;O002303;P0172;5;611.34;0;3056.7
OL002304_1;O002304;P0331;2;359.07;0;718.14
OL002304_2;O002304;P0027;2;284.86;0.05;541.23
OL002305_1;O002305;P0175;4;544.63;0.05;2069.59
OL002306_1;O002306;P0177;2;239.75;0.2;383.6
OL002307_1;O002307;P0366;5;460.32;0;2301.6
OL002307_2;O002307;P0239;1;352.09;0;352.09
OL002307_3;O002307;P0263;2;307.56;0;615.12
OL002307_4;O002307;P0426;6;285.73;0.05;1628.66
OL002307_5;O002307;P0173;4;352.63;0.05;1339.99
OL002308_1;O002308;P0241;5;631.64;0;3158.2
OL002309_1;O002309;P0023;2;157.25;0.05;298.77
OL002309_2;O002309;P0500;3;420.76;0.1;1136.05
OL002310_1;O002310;P0160;2;275.66;0;551.32
OL002310_2;O002310;P0339;6;27.48;0;164.88
OL002310_3;O002310;P0377;6;626.3;0.05;3569.91
OL002310_4;O002310;P0470;1;367.85;0.2;294.28
OL002311_1;O002311;P0216;4;264.68;0.1;952.85
OL002312_1;O002312;P0421;3;572.52;0;1717.56
OL002313_1;O002313;P0070;4;493.71;0.2;1579.87
OL002313_2;O002313;P0118;5;198.02;0;990.1
OL002314_1;O002314;P0183;4;223.28;0.1;803.81
OL002314_2;O002314;P0407;4;553.63;0.05;2103.79
OL002314_3;O002314;P0160;2;275.66;0.2;441.06
OL002314_4;O002314;P0181;5;101.47;0;507.35
OL002315_1;O002315;P0018;6;737.23;0.2;3538.7
OL002315_2;O002315;P0136;6;787.65;0.1;4253.31
OL002315_3;O002315;P0279;6;332.83;0;1996.98
OL002315_4;O002315;P0286;2;660.37;0;1320.74
OL002316_1;O002316;P0155;3;333.51;0;1000.53
OL002316_2;O002316;P0359;3;233.67;0;701.01
OL002316_3;O002316;P0061;6;489.47;0.05;2789.98
OL002317_1;O002317;P0226;4;112.75;0.05;428.45
OL002317_2;O002317;P0340;4;193.92;0;775.68
OL002318_1;O002318;P0422;4;152.75;0.1;549.9
OL002319_1;O002319;P0176;2;407.64;0.2;652.22
OL002319_2;O002319;P0060;5;519.25;0;2596.25
OL002319_3;O002319;P0390;6;214.34;0.2;1028.83
OL002319_4;O002319;P0488;2;528.49;0.2;845.58
OL002320_1;O002320;P0019;4;629.57;0.2;2014.62
OL002320_2;O002320;P0061;3;489.47;0;1468.41
OL002320_3;O002320;P0351;1;635.26;0.05;603.5
OL002321_1;O002321;P0425;1;706.91;0.05;671.56
OL002321_2;O002321;P0138;3;449.53;0.1;1213.73
OL002321_3;O002321;P0445;3;197.74;0;593.22
OL002321_4;O002321;P0364;3;219.99;0.2;527.98
OL002321_5;O002321;P0309;4;494.09;0.05;1877.54
OL002322_1;O002322;P0038;5;690.23;0.2;2760.92
OL002322_2;O002322;P0332;5;423.42;0.05;2011.24
OL002323_1;O002323;P0335;2;207.42;0;414.84
OL002323_2;O002323;P0365;1;86.72;0;86.72
OL002324_1;O002324;P0149;1;168.57;0;168.57
OL002324_2;O002324;P0342;1;676.4;0.2;541.12
OL002324_3;O002324;P0484;6;383.24;0.1;2069.5
OL002324_4;O002324;P0250;2;162.86;0.05;309.43
OL002325_1;O002325;P0114;3;588.56;0;1765.68
OL002325_2;O002325;P0222;6;780.9;0.05;4451.13
OL002325_3;O002325;P0200;4;271.41;0.2;868.51
OL002326_1;O002326;P0466;3;280.34;0.1;756.92
OL002326_2;O002326;P0093;1;560.53;0.05;532.5
OL002326_3;O002326;P0192;3;326.61;0;979.83
OL002327_1;O002327;P0418;2;726.66;0.1;1307.99
OL002327_2;O002327;P0028;4;540.97;0;2163.88
OL002327_3;O002327;P0077;5;382.69;0.2;1530.76
OL002327_4;O002327;P0145;5;675.85;0.2;2703.4
OL002327_5;O002327;P0103;5;795.33;0;3976.65
OL002328_1;O002328;P0376;2;662.31;0;1324.62
OL002328_2;O002328;P0161;2;418.66;0;837.32
OL002328_3;O002328;P0383;4;166.51;0;666.04
OL002329_1;O002329;P0448;6;423.67;0.05;2414.92
OL002330_1;O002330;P0013;6;326.64;0.05;1861.85
OL002330_2;O002330;P0443;3;306.44;0;919.32
OL002330_3;O002330;P0452;3;162.11;0.2;389.06
OL002330_4;O002330;P0388;4;696.31;0.2;2228.19
OL002330_5;O002330;P0145;6;675.85;0;4055.1
OL002331_1;O002331;P0313;5;686.48;0;3432.4
OL002331_2;O002331;P0069;5;355.61;0;1778.05
OL002331_3;O002331;P0479;6;502.37;0;3014.22
OL002331_4;O002331;P0234;6;162.08;0.2;777.98
OL002332_1;O002332;P0336;5;199.25;0;996.25
OL002332_2;O002332;P0393;5;533.76;0.05;2535.36
OL002332_3;O002332;P0071;4;564.18;0.1;2031.05
OL002333_1;O002333;P0351;4;635.26;0;2541.04
OL002333_2;O002333;P0194;3;677.04;0;2031.12
OL002334_1;O002334;P0084;3;437.82;0.1;1182.11
OL002334_2;O002334;P0327;2;205.44;0.05;390.34
OL002334_3;O002334;P0375;6;325.84;0;1955.04
OL002334_4;O002334;P0089;3;216.18;0;648.54
OL002334_5;O002334;P0006;1;499.95;0;499.95
OL002335_1;O002335;P0048;3;504.68;0.1;1362.64
OL002335_2;O002335;P0292;4;168.25;0;673.0
OL002335_3;O002335;P0302;3;201.22;0;603.66
OL002335_4;O002335;P0097;5;304.07;0;1520.35
OL002335_5;O002335;P0096;6;120.44;0;722.64
OL002336_1;O002336;P0230;3;271.54;0;814.62
OL002336_2;O002336;P0210;6;475.56;0.05;2710.69
OL002336_3;O002336;P0084;3;437.82;0.05;1247.79
OL002337_1;O002337;P0293;4;451.7;0;1806.8
OL002337_2;O002337;P0068;2;170.53;0;341.06
OL002338_1;O002338;P0282;2;793.52;0.2;1269.63
OL002339_1;O002339;P0283;6;302.47;0.05;1724.08
OL002339_2;O002339;P0317;3;746.16;0;2238.48
OL002339_3;O002339;P0351;6;635.26;0.05;3620.98
OL002339_4;O002339;P0414;4;357.25;0.2;1143.2
OL002340_1;O002340;P0008;6;240.24;0;1441.44
OL002341_1;O002341;P0062;2;637.08;0.2;1019.33
OL002341_2;O002341;P0281;1;524.74;0.1;472.27
OL002342_1;O002342;P0436;1;646.77;0.2;517.42
OL002342_2;O002342;P0110;5;193.77;0.2;775.08
OL002342_3;O002342;P0479;6;502.37;0;3014.22
OL002342_4;O002342;P0131;5;301.83;0.2;1207.32
OL002343_1;O002343;P0228;1;67.58;0;67.58
OL002343_2;O002343;P0261;6;635.25;0;3811.5
OL002343_3;O002343;P0393;5;533.76;0.1;2401.92
OL002343_4;O002343;P0101;2;37.37;0;74.74
OL002343_5;O002343;P0123;6;261.79;0;1570.74
OL002344_1;O002344;P0465;5;313.22;0.2;1252.88
OL002344_2;O002344;P0253;3;375.65;0.05;1070.6
OL002344_3;O002344;P0085;2;584.5;0.05;1110.55
OL002344_4;O002344;P0315;6;47.69;0.1;257.53
OL002344_5;O002344;P0103;1;795.33;0;795.33
OL002345_1;O002345;P0127;1;461.7;0.1;415.53
OL002345_2;O002345;P0250;2;162.86;0.1;293.15
OL002345_3;O002345;P0383;6;166.51;0.1;899.15
OL002345_4;O002345;P0248;3;540.63;0.2;1297.51
OL002345_5;O002345;P0183;5;223.28;0.2;893.12
OL002346_1;O002346;P0371;6;323.7;0.2;1553.76
OL002346_2;O002346;P0469;3;58.57;0;175.71
OL002346_3;O002346;P0168;4;500.32;0.2;1601.02
OL002346_4;O002346;P0375;3;325.84;0.1;879.77
OL002346_5;O002346;P0195;1;153.2;0.2;122.56
OL002347_1;O002347;P0337;2;154.1;0.1;277.38
OL002347_2;O002347;P0168;4;500.32;0;2001.28
OL002347_3;O002347;P0446;4;305.63;0;1222.52
OL002348_1;O002348;P0127;3;461.7;0;1385.1
OL002348_2;O002348;P0023;4;157.25;0.1;566.1
OL002348_3;O002348;P0367;3;372.39;0.05;1061.31
OL002348_4;O002348;P0134;6;433.06;0.2;2078.69
OL002349_1;O002349;P0147;5;331.66;0;1658.3
OL002349_2;O002349;P0113;6;533.09;0;3198.54
OL002350_1;O002350;P0398;2;653.74;0.2;1045.98
OL002351_1;O002351;P0283;5;302.47;0.2;1209.88
OL002351_2;O002351;P0056;5;621.03;0.2;2484.12
OL002351_3;O002351;P0256;6;439.34;0.05;2504.24
OL002352_1;O002352;P0433;5;502.36;0.1;2260.62
OL002352_2;O002352;P0108;5;478.09;0;2390.45
OL002352_3;O002352;P0323;1;751.63;0.1;676.47
OL002352_4;O002352;P0092;1;376.04;0.05;357.24
OL002352_5;O002352;P0488;4;528.49;0.1;1902.56
OL002353_1;O002353;P0384;4;349.75;0.05;1329.05
OL002353_2;O002353;P0140;3;470.31;0.2;1128.74
OL002353_3;O002353;P0033;1;75.31;0.2;60.25
OL002353_4;O002353;P0180;1;515.85;0;515.85
OL002353_5;O002353;P0055;3;587.3;0.05;1673.8
OL002354_1;O002354;P0009;2;320.42;0;640.84
OL002354_2;O002354;P0329;6;443.35;0.1;2394.09
OL002355_1;O002355;P0359;3;233.67;0;701.01
OL002356_1;O002356;P0057;6;523.52;0.2;2512.9
OL002356_2;O002356;P0261;6;635.25;0.05;3620.92
OL002356_3;O002356;P0209;1;95.13;0.05;90.37
OL002356_4;O002356;P0097;6;304.07;0.05;1733.2
OL002357_1;O002357;P0219;6;549.88;0.05;3134.32
OL002358_1;O002358;P0401;1;119.48;0;119.48
OL002359_1;O002359;P0163;1;592.02;0.2;473.62
OL002359_2;O002359;P0046;5;324.2;0;1621.0
OL002360_1;O002360;P0228;5;67.58;0.1;304.11
OL002360_2;O002360;P0364;5;219.99;0;1099.95
OL002361_1;O002361;P0445;1;197.74;0.1;177.97
OL002361_2;O002361;P0062;2;637.08;0.1;1146.74
OL002362_1;O002362;P0441;4;246.48;0.2;788.74
OL002362_2;O002362;P0015;5;787.05;0;3935.25
OL002362_3;O002362;P0091;5;378.18;0;1890.9
OL002362_4;O002362;P0091;1;378.18;0;378.18
OL002362_5;O002362;P0460;4;497.38;0;1989.52
OL002363_1;O002363;P0163;4;592.02;0;2368.08
OL002363_2;O002363;P0409;5;613.99;0.05;2916.45
OL002364_1;O002364;P0036;5;90.91;0;454.55
OL002364_2;O002364;P0257;6;475.78;0;2854.68
OL002364_3;O002364;P0079;3;262.75;0.1;709.43
OL002364_4;O002364;P0469;5;58.57;0.1;263.57
OL002364_5;O002364;P0338;4;501.98;0.1;1807.13
OL002365_1;O002365;P0213;6;771.24;0.2;3701.95
OL002365_2;O002365;P0485;3;18.52;0.2;44.45
OL002365_3;O002365;P0058;3;496.7;0;1490.1
OL002365_4;O002365;P0366;5;460.32;0.1;2071.44
OL002366_1;O002366;P0173;1;352.63;0.2;282.1
OL002366_2;O002366;P0135;1;684.61;0.05;650.38
OL002366_3;O002366;P0480;4;345.57;0.2;1105.82
OL002366_4;O002366;P0149;6;168.57;0.05;960.85
OL002366_5;O002366;P0325;5;60.4;0;302.0
OL002367_1;O002367;P0242;6;659.48;0.05;3759.04
OL002367_2;O002367;P0025;2;604.34;0;1208.68
OL002367_3;O002367;P0173;5;352.63;0;1763.15
OL002368_1;O002368;P0349;1;43.17;0.1;38.85
OL002368_2;O002368;P0296;3;702.13;0.2;1685.11
OL002369_1;O002369;P0209;2;95.13;0.2;152.21
OL002370_1;O002370;P0036;3;90.91;0.05;259.09
OL002370_2;O002370;P0156;3;484.9;0;1454.7
OL002370_3;O002370;P0348;6;142.21;0;853.26
OL002370_4;O002370;P0305;1;788.44;0.2;630.75
OL002371_1;O002371;P0364;2;219.99;0;439.98
OL002372_1;O002372;P0201;1;195.65;0.1;176.09
OL002372_2;O002372;P0004;6;392.54;0.05;2237.48
OL002372_3;O002372;P0118;3;198.02;0;594.06
OL002373_1;O002373;P0229;6;135.9;0.2;652.32
OL002373_2;O002373;P0499;4;87.64;0;350.56
OL002373_3;O002373;P0393;2;533.76;0.1;960.77
OL002374_1;O002374;P0365;4;86.72;0.2;277.5
OL002374_2;O002374;P0326;1;796.85;0.2;637.48
OL002374_3;O002374;P0208;3;744.87;0;2234.61
OL002374_4;O002374;P0054;5;790.64;0.2;3162.56
OL002375_1;O002375;P0147;4;331.66;0.1;1193.98
OL002375_2;O002375;P0012;4;530.34;0;2121.36
OL002375_3;O002375;P0267;6;103.48;0.05;589.84
OL002375_4;O002375;P0378;3;189.11;0.2;453.86
OL002376_1;O002376;P0372;3;248.45;0.1;670.81
OL002377_1;O002377;P0065;4;63.35;0.2;202.72
OL002377_2;O002377;P0077;1;382.69;0;382.69
OL002377_3;O002377;P0286;3;660.37;0.05;1882.05
OL002378_1;O002378;P0249;3;271.37;0.05;773.4
OL002378_2;O002378;P0356;5;437.87;0;2189.35
OL002379_1;O002379;P0382;1;217.42;0.1;195.68
OL002379_2;O002379;P0220;4;653.08;0.05;2481.7
OL002380_1;O002380;P0383;4;166.51;0.1;599.44
OL002380_2;O002380;P0210;1;475.56;0.1;428.0
OL002381_1;O002381;P0002;2;76.91;0.2;123.06
OL002381_2;O002381;P0391;3;426.17;0;1278.51
OL002381_3;O002381;P0182;1;130.97;0;130.97
OL002382_1;O002382;P0443;4;306.44;0.1;1103.18
OL002382_2;O002382;P0465;1;313.22;0.1;281.9
OL002382_3;O002382;P0086;3;778.32;0;2334.96
OL002382_4;O002382;P0311;2;604.23;0;1208.46
OL002383_1;O002383;P0295;1;451.32;0.1;406.19
OL002383_2;O002383;P0381;3;126.93;0;380.79
OL002383_3;O002383;P0234;5;162.08;0;810.4
OL002384_1;O002384;P0430;6;558.75;0;3352.5
OL002385_1;O002385;P0228;5;67.58;0.1;304.11
OL002385_2;O002385;P0017;2;474.99;0.2;759.98
OL002386_1;O002386;P0367;5;372.39;0.05;1768.85
OL002386_2;O002386;P0067;3;433.89;0;1301.67
OL002386_3;O002386;P0454;3;261.6;0.2;627.84
OL002386_4;O002386;P0188;2;581.63;0;1163.26
OL002386_5;O002386;P0043;5;306.39;0.1;1378.75
OL002387_1;O002387;P0259;5;135.79;0.1;611.05
OL002387_2;O002387;P0001;6;481.57;0.1;2600.48
OL002388_1;O002388;P0270;3;141.41;0.2;339.38
OL002389_1;O002389;P0413;1;204.12;0.1;183.71
OL002389_2;O002389;P0046;1;324.2;0.05;307.99
OL002389_3;O002389;P0494;4;590.15;0.1;2124.54
OL002390_1;O002390;P0367;2;372.39;0.05;707.54
OL002390_2;O002390;P0389;5;382.24;0;1911.2
OL002391_1;O002391;P0201;2;195.65;0.1;352.17
OL002391_2;O002391;P0449;2;114.85;0;229.7
OL002391_3;O002391;P0186;3;402.12;0;1206.36
OL002391_4;O002391;P0280;2;15.68;0.1;28.22
OL002392_1;O002392;P0462;6;388.14;0;2328.84
OL002392_2;O002392;P0459;2;255.21;0;510.42
OL002393_1;O002393;P0417;1;368.41;0;368.41
OL002394_1;O002394;P0357;1;499.59;0;499.59
OL002394_2;O002394;P0374;5;119.34;0.1;537.03
OL002394_3;O002394;P0450;4;255.68;0.2;818.18
OL002394_4;O002394;P0150;6;566.66;0.2;2719.97
OL002395_1;O002395;P0160;2;275.66;0.2;441.06
OL002395_2;O002395;P0090;4;69.0;0.1;248.4
OL002395_3;O002395;P0175;1;544.63;0;544.63
OL002396_1;O002396;P0492;3;280.85;0;842.55
OL002396_2;O002396;P0098;5;520.33;0;2601.65
OL002396_3;O002396;P0500;3;420.76;0.2;1009.82
OL002396_4;O002396;P0281;4;524.74;0;2098.96
OL002396_5;O002396;P0353;3;116.44;0;349.32
OL002397_1;O002397;P0193;2;522.59;0;1045.18
OL002397_2;O002397;P0035;4;439.05;0.05;1668.39
OL002398_1;O002398;P0261;2;635.25;0.1;1143.45
OL002398_2;O002398;P0452;4;162.11;0.05;616.02
OL002398_3;O002398;P0154;6;626.07;0.1;3380.78
OL002399_1;O002399;P0343;6;381.42;0.05;2174.09
OL002399_2;O002399;P0327;2;205.44;0.2;328.7
OL002399_3;O002399;P0269;6;463.05;0;2778.3
OL002400_1;O002400;P0253;3;375.65;0.2;901.56
OL002401_1;O002401;P0427;2;339.4;0.2;543.04
OL002401_2;O002401;P0234;1;162.08;0;162.08
OL002401_3;O002401;P0374;2;119.34;0.1;214.81
OL002401_4;O002401;P0260;2;193.08;0;386.16
OL002402_1;O002402;P0127;3;461.7;0;1385.1
OL002402_2;O002402;P0438;4;582.27;0.2;1863.26
OL002402_3;O002402;P0404;2;705.3;0;1410.6
OL002403_1;O002403;P0175;4;544.63;0.05;2069.59
OL002403_2;O002403;P0320;2;765.71;0;1531.42
OL002404_1;O002404;P0431;4;493.52;0;1974.08
OL002404_2;O002404;P0395;1;157.27;0;157.27
OL002404_3;O002404;P0269;6;463.05;0.1;2500.47
OL002405_1;O002405;P0055;2;587.3;0;1174.6
OL002405_2;O002405;P0077;3;382.69;0.05;1090.67
OL002405_3;O002405;P0462;4;388.14;0;1552.56
OL002405_4;O002405;P0491;5;148.57;0.2;594.28
OL002405_5;O002405;P0256;2;439.34;0.05;834.75
OL002406_1;O002406;P0355;2;666.77;0.2;1066.83
OL002406_2;O002406;P0139;2;502.22;0.1;904.0
OL002406_3;O002406;P0281;6;524.74;0;3148.44
OL002406_4;O002406;P0098;1;520.33;0.05;494.31
OL002407_1;O002407;P0142;3;383.71;0.2;920.9
OL002407_2;O002407;P0155;1;333.51;0;333.51
OL002407_3;O002407;P0068;2;170.53;0.1;306.95
OL002407_4;O002407;P0369;4;797.51;0.1;2871.04
OL002407_5;O002407;P0352;1;607.79;0;607.79
OL002408_1;O002408;P0456;1;49.86;0.2;39.89
OL002408_2;O002408;P0020;4;367.43;0.1;1322.75
OL002408_3;O002408;P0251;3;130.39;0;391.17
OL002409_1;O002409;P0139;2;502.22;0;1004.44
OL002409_2;O002409;P0236;2;664.71;0.05;1262.95
OL002409_3;O002409;P0108;6;478.09;0.05;2725.11
OL002410_1;O002410;P0230;4;271.54;0.05;1031.85
OL002410_2;O002410;P0334;4;481.63;0.2;1541.22
OL002411_1;O002411;P0018;6;737.23;0.05;4202.21
OL002412_1;O002412;P0050;3;746.85;0.1;2016.5
OL002412_2;O002412;P0123;5;261.79;0;1308.95
OL002413_1;O002413;P0437;6;63.59;0;381.54
OL002413_2;O002413;P0430;2;558.75;0.05;1061.62
OL002413_3;O002413;P0151;3;107.86;0.05;307.4
OL002414_1;O002414;P0337;4;154.1;0;616.4
OL002414_2;O002414;P0204;4;297.04;0.1;1069.34
OL002414_3;O002414;P0118;2;198.02;0.05;376.24
OL002414_4;O002414;P0095;5;329.47;0;1647.35
OL002414_5;O002414;P0309;1;494.09;0;494.09
OL002415_1;O002415;P0453;1;134.42;0.1;120.98
OL002415_2;O002415;P0191;6;716.68;0.05;4085.08
OL002415_3;O002415;P0253;4;375.65;0.05;1427.47
OL002416_1;O002416;P0212;2;529.44;0.2;847.1
OL002416_2;O002416;P0111;2;169.16;0.05;321.4
OL002416_3;O002416;P0342;5;676.4;0.05;3212.9
OL002417_1;O002417;P0210;6;475.56;0.05;2710.69
OL002417_2;O002417;P0344;4;616.84;0;2467.36
OL002417_3;O002417;P0086;3;778.32;0.2;1867.97
OL002417_4;O002417;P0469;5;58.57;0;292.85
OL002418_1;O002418;P0435;5;639.42;0;3197.1
OL002418_2;O002418;P0414;3;357.25;0.2;857.4
OL002419_1;O002419;P0454;3;261.6;0.1;706.32
OL002419_2;O002419;P0269;4;463.05;0.2;1481.76
OL002419_3;O002419;P0470;4;367.85;0;1471.4
OL002420_1;O002420;P0259;6;135.79;0.1;733.27
OL002421_1;O002421;P0274;6;169.86;0.05;968.2
OL002421_2;O002421;P0337;1;154.1;0;154.1
OL002421_3;O002421;P0469;4;58.57;0.05;222.57
OL002421_4;O002421;P0087;4;420.61;0;1682.44
OL002421_5;O002421;P0160;2;275.66;0;551.32
OL002422_1;O002422;P0287;1;73.23;0;73.23
OL002423_1;O002423;P0456;2;49.86;0.2;79.78
OL002424_1;O002424;P0138;6;449.53;0;2697.18
OL002425_1;O002425;P0435;5;639.42;0.05;3037.24
OL002425_2;O002425;P0414;5;357.25;0.2;1429.0
OL002425_3;O002425;P0467;4;100.32;0.1;361.15
OL002425_4;O002425;P0486;5;640.6;0;3203.0
OL002425_5;O002425;P0276;6;436.04;0.1;2354.62
OL002426_1;O002426;P0362;4;577.1;0;2308.4
OL002427_1;O002427;P0241;1;631.64;0.1;568.48
OL002427_2;O002427;P0083;5;798.25;0.2;3193.0
OL002427_3;O002427;P0144;4;385.42;0.05;1464.6
OL002428_1;O002428;P0446;6;305.63;0.05;1742.09
OL002428_2;O002428;P0208;6;744.87;0;4469.22
OL002428_3;O002428;P0063;4;479.2;0.1;1725.12
OL002428_4;O002428;P0258;3;297.45;0.2;713.88
OL002428_5;O002428;P0471;4;260.11;0.1;936.4
OL002429_1;O002429;P0293;5;451.7;0;2258.5
OL002429_2;O002429;P0065;4;63.35;0;253.4
OL002429_3;O002429;P0127;5;461.7;0.1;2077.65
OL002429_4;O002429;P0058;6;496.7;0.05;2831.19
OL002429_5;O002429;P0370;4;454.88;0.05;1728.54
OL002430_1;O002430;P0011;4;638.57;0.05;2426.57
OL002430_2;O002430;P0490;4;213.0;0;852.0
OL002430_3;O002430;P0354;2;397.17;0;794.34
OL002430_4;O002430;P0129;4;240.53;0.05;914.01
OL002430_5;O002430;P0155;3;333.51;0.1;900.48
OL002431_1;O002431;P0441;1;246.48;0.05;234.16
OL002431_2;O002431;P0496;2;549.97;0;1099.94
OL002432_1;O002432;P0416;6;625.2;0;3751.2
OL002432_2;O002432;P0379;4;436.54;0.1;1571.54
OL002432_3;O002432;P0363;6;514.74;0.05;2934.02
OL002432_4;O002432;P0306;1;185.45;0;185.45
OL002432_5;O002432;P0092;5;376.04;0;1880.2
OL002433_1;O002433;P0456;3;49.86;0;149.58
OL002433_2;O002433;P0474;6;195.84;0.1;1057.54
OL002433_3;O002433;P0362;3;577.1;0.2;1385.04
OL002433_4;O002433;P0327;1;205.44;0;205.44
OL002433_5;O002433;P0116;5;242.67;0;1213.35
OL002434_1;O002434;P0482;2;99.4;0.2;159.04
OL002434_2;O002434;P0102;2;79.3;0.1;142.74
OL002435_1;O002435;P0275;1;483.85;0.2;387.08
OL002435_2;O002435;P0057;6;523.52;0;3141.12
OL002435_3;O002435;P0006;4;499.95;0.2;1599.84
OL002436_1;O002436;P0330;6;515.43;0;3092.58
OL002436_2;O002436;P0022;1;271.48;0;271.48
OL002437_1;O002437;P0266;2;231.84;0;463.68
OL002437_2;O002437;P0047;5;276.83;0.05;1314.94
OL002437_3;O002437;P0137;1;549.67;0;549.67
OL002437_4;O002437;P0261;5;635.25;0;3176.25
OL002438_1;O002438;P0384;4;349.75;0;1399.0
OL002438_2;O002438;P0080;2;645.43;0.2;1032.69
OL002438_3;O002438;P0067;5;433.89;0;2169.45
OL002438_4;O002438;P0042;1;611.56;0.2;489.25
OL002439_1;O002439;P0311;6;604.23;0.1;3262.84
OL002439_2;O002439;P0105;1;183.03;0;183.03
OL002439_3;O002439;P0470;4;367.85;0;1471.4
OL002440_1;O002440;P0289;4;528.94;0;2115.76
OL002440_2;O002440;P0371;1;323.7;0.05;307.51
OL002441_1;O002441;P0109;1;759.21;0.1;683.29
OL002441_2;O002441;P0177;1;239.75;0;239.75
OL002442_1;O002442;P0215;5;239.56;0;1197.8
OL002442_2;O002442;P0192;1;326.61;0.2;261.29
OL002442_3;O002442;P0154;6;626.07;0.2;3005.14
OL002443_1;O002443;P0170;2;715.35;0.1;1287.63
OL002443_2;O002443;P0115;2;743.79;0;1487.58
OL002443_3;O002443;P0447;6;391.3;0.2;1878.24
OL002443_4;O002443;P0447;3;391.3;0.05;1115.2
OL002444_1;O002444;P0163;5;592.02;0;2960.1
OL002444_2;O002444;P0102;3;79.3;0;237.9
OL002445_1;O002445;P0160;2;275.66;0.05;523.75
OL002446_1;O002446;P0119;1;219.52;0.05;208.54
OL002446_2;O002446;P0419;1;77.39;0;77.39
OL002447_1;O002447;P0340;1;193.92;0.2;155.14
OL002447_2;O002447;P0412;5;461.83;0.05;2193.69
OL002447_3;O002447;P0314;1;404.68;0.2;323.74
OL002447_4;O002447;P0336;3;199.25;0;597.75
OL002447_5;O002447;P0227;2;743.62;0;1487.24
OL002448_1;O002448;P0327;5;205.44;0;1027.2
OL002449_1;O002449;P0280;2;15.68;0.05;29.79
OL002450_1;O002450;P0421;4;572.52;0;2290.08
OL002450_2;O002450;P0411;6;347.77;0.1;1877.96
OL002450_3;O002450;P0324;1;195.36;0;195.36
OL002450_4;O002450;P0377;1;626.3;0.2;501.04
OL002451_1;O002451;P0436;5;646.77;0.1;2910.47
OL002451_2;O002451;P0443;3;306.44;0;919.32
OL002452_1;O002452;P0253;6;375.65;0.05;2141.2
OL002452_2;O002452;P0439;5;388.5;0;1942.5
OL002453_1;O002453;P0469;2;58.57;0.05;111.28
OL002453_2;O002453;P0042;6;611.56;0.2;2935.49
OL002454_1;O002454;P0449;3;114.85;0.1;310.09
OL002454_2;O002454;P0240;6;498.5;0.2;2392.8
OL002454_3;O002454;P0477;2;66.68;0.1;120.02
OL002455_1;O002455;P0417;3;368.41;0;1105.23
OL002455_2;O002455;P0378;6;189.11;0;1134.66
OL002455_3;O002455;P0006;3;499.95;0;1499.85
OL002456_1;O002456;P0323;1;751.63;0;751.63
OL002456_2;O002456;P0312;1;783.63;0;783.63
OL002456_3;O002456;P0011;1;638.57;0.2;510.86
OL002457_1;O002457;P0037;4;655.22;0;2620.88
OL002457_2;O002457;P0130;5;716.95;0.05;3405.51
OL002458_1;O002458;P0326;5;796.85;0.2;3187.4
OL002458_2;O002458;P0050;4;746.85;0;2987.4
OL002458_3;O002458;P0120;4;48.04;0;192.16
OL002458_4;O002458;P0298;3;312.31;0.2;749.54
OL002458_5;O002458;P0275;1;483.85;0.1;435.47
OL002459_1;O002459;P0228;2;67.58;0;135.16
OL002459_2;O002459;P0108;2;478.09;0;956.18
OL002459_3;O002459;P0269;2;463.05;0;926.1
OL002459_4;O002459;P0386;2;644.21;0.1;1159.58
OL002459_5;O002459;P0032;3;313.32;0.2;751.97
OL002460_1;O002460;P0085;2;584.5;0;1169.0
OL002461_1;O002461;P0463;5;91.32;0;456.6
OL002461_2;O002461;P0301;5;463.23;0.05;2200.34
OL002461_3;O002461;P0337;3;154.1;0.1;416.07
OL002462_1;O002462;P0134;4;433.06;0;1732.24
OL002462_2;O002462;P0408;6;316.09;0;1896.54
OL002462_3;O002462;P0242;1;659.48;0;659.48
OL002463_1;O002463;P0341;1;630.72;0.2;504.58
OL002463_2;O002463;P0029;6;557.81;0.1;3012.17
OL002463_3;O002463;P0469;3;58.57;0.2;140.57
OL002463_4;O002463;P0070;2;493.71;0;987.42
OL002464_1;O002464;P0141;3;705.31;0.1;1904.34
OL002464_2;O002464;P0179;5;27.31;0.2;109.24
OL002464_3;O002464;P0077;3;382.69;0;1148.07
OL002464_4;O002464;P0250;4;162.86;0;651.44
OL002465_1;O002465;P0312;3;783.63;0.2;1880.71
OL002466_1;O002466;P0350;3;404.94;0.2;971.86
OL002466_2;O002466;P0103;4;795.33;0.1;2863.19
OL002466_3;O002466;P0252;2;630.67;0.05;1198.27
OL002467_1;O002467;P0105;3;183.03;0.2;439.27
OL002467_2;O002467;P0354;6;397.17;0.1;2144.72
OL002467_3;O002467;P0144;4;385.42;0.2;1233.34
OL002467_4;O002467;P0480;2;345.57;0.05;656.58
OL002467_5;O002467;P0113;5;533.09;0.05;2532.18
OL002468_1;O002468;P0032;1;313.32;0;313.32
OL002468_2;O002468;P0221;1;641.07;0.2;512.86
OL002468_3;O002468;P0048;4;504.68;0.1;1816.85
OL002468_4;O002468;P0225;2;147.3;0;294.6
OL002469_1;O002469;P0499;4;87.64;0.1;315.5
OL002469_2;O002469;P0302;4;201.22;0.2;643.9
OL002470_1;O002470;P0107;6;654.87;0;3929.22
OL002470_2;O002470;P0328;6;32.57;0.2;156.34
OL002471_1;O002471;P0380;4;797.92;0;3191.68
OL002472_1;O002472;P0154;4;626.07;0.2;2003.42
OL002472_2;O002472;P0176;1;407.64;0;407.64
OL002472_3;O002472;P0318;3;546.87;0.1;1476.55
OL002473_1;O002473;P0228;5;67.58;0;337.9
OL002473_2;O002473;P0292;4;168.25;0.2;538.4
OL002473_3;O002473;P0452;4;162.11;0;648.44
OL002473_4;O002473;P0332;4;423.42;0.1;1524.31
OL002473_5;O002473;P0232;4;639.0;0;2556.0
OL002474_1;O002474;P0489;5;70.72;0;353.6
OL002474_2;O002474;P0400;5;346.91;0.2;1387.64
OL002475_1;O002475;P0470;5;367.85;0;1839.25
OL002476_1;O002476;P0431;4;493.52;0.1;1776.67
OL002476_2;O002476;P0043;6;306.39;0.1;1654.51
OL002476_3;O002476;P0167;1;472.6;0.1;425.34
OL002477_1;O002477;P0090;2;69.0;0.2;110.4
OL002477_2;O002477;P0136;1;787.65;0.2;630.12
OL002477_3;O002477;P0296;6;702.13;0;4212.78
OL002477_4;O002477;P0096;4;120.44;0.2;385.41
OL002477_5;O002477;P0040;4;221.2;0.1;796.32
OL002478_1;O002478;P0154;4;626.07;0;2504.28
OL002478_2;O002478;P0025;5;604.34;0;3021.7
OL002478_3;O002478;P0222;3;780.9;0.1;2108.43
OL002479_1;O002479;P0451;6;615.28;0;3691.68
OL002479_2;O002479;P0372;1;248.45;0;248.45
OL002480_1;O002480;P0112;5;126.69;0;633.45
OL002480_2;O002480;P0070;2;493.71;0.05;938.05
OL002481_1;O002481;P0296;3;702.13;0;2106.39
OL002482_1;O002482;P0425;5;706.91;0;3534.55
OL002483_1;O002483;P0262;5;522.33;0.05;2481.07
OL002483_2;O002483;P0482;5;99.4;0.2;397.6
OL002484_1;O002484;P0050;6;746.85;0;4481.1
OL002484_2;O002484;P0115;6;743.79;0.1;4016.47
OL002484_3;O002484;P0130;4;716.95;0.2;2294.24
OL002484_4;O002484;P0490;5;213.0;0;1065.0
OL002485_1;O002485;P0098;6;520.33;0.2;2497.58
OL002485_2;O002485;P0381;4;126.93;0.05;482.33
OL002485_3;O002485;P0039;6;646.3;0.2;3102.24
OL002486_1;O002486;P0002;1;76.91;0.05;73.06
OL002486_2;O002486;P0464;1;326.65;0.05;310.32
OL002486_3;O002486;P0342;2;676.4;0;1352.8
OL002486_4;O002486;P0335;6;207.42;0.1;1120.07
OL002486_5;O002486;P0374;6;119.34;0.2;572.83
OL002487_1;O002487;P0280;4;15.68;0;62.72
OL002487_2;O002487;P0357;6;499.59;0;2997.54
OL002487_3;O002487;P0481;2;741.99;0.05;1409.78
OL002488_1;O002488;P0044;6;703.08;0.05;4007.56
OL002488_2;O002488;P0056;3;621.03;0.1;1676.78
OL002488_3;O002488;P0036;4;90.91;0;363.64
OL002489_1;O002489;P0168;6;500.32;0;3001.92
OL002489_2;O002489;P0363;1;514.74;0;514.74
OL002490_1;O002490;P0397;2;248.84;0.1;447.91
OL002490_2;O002490;P0100;6;146.52;0;879.12
OL002491_1;O002491;P0130;6;716.95;0.05;4086.62
OL002492_1;O002492;P0294;3;369.26;0;1107.78
OL002492_2;O002492;P0315;4;47.69;0;190.76
OL002493_1;O002493;P0418;4;726.66;0.05;2761.31
OL002493_2;O002493;P0369;4;797.51;0;3190.04
OL002493_3;O002493;P0069;5;355.61;0;1778.05
OL002493_4;O002493;P0479;4;502.37;0.2;1607.58
OL002494_1;O002494;P0351;3;635.26;0.2;1524.62
OL002494_2;O002494;P0228;1;67.58;0;67.58
OL002494_3;O002494;P0138;1;449.53;0;449.53
OL002494_4;O002494;P0485;2;18.52;0.2;29.63
OL002494_5;O002494;P0076;6;542.56;0.2;2604.29
OL002495_1;O002495;P0023;5;157.25;0.05;746.94
OL002495_2;O002495;P0166;3;185.58;0.2;445.39
OL002495_3;O002495;P0266;3;231.84;0.2;556.42
OL002496_1;O002496;P0444;3;603.72;0.05;1720.6
OL002496_2;O002496;P0433;1;502.36;0.1;452.12
OL002496_3;O002496;P0020;2;367.43;0.1;661.37
OL002496_4;O002496;P0297;1;608.4;0.2;486.72
OL002496_5;O002496;P0326;3;796.85;0.2;1912.44
OL002497_1;O002497;P0084;5;437.82;0;2189.1
OL002498_1;O002498;P0302;6;201.22;0;1207.32
OL002498_2;O002498;P0404;2;705.3;0;1410.6
OL002498_3;O002498;P0192;2;326.61;0;653.22
OL002498_4;O002498;P0072;6;579.4;0.05;3302.58
OL002499_1;O002499;P0155;6;333.51;0.05;1901.01
OL002499_2;O002499;P0159;6;773.52;0.2;3712.9
OL002499_3;O002499;P0386;3;644.21;0;1932.63
OL002500_1;O002500;P0119;1;219.52;0.2;175.62
OL002500_2;O002500;P0325;6;60.4;0.05;344.28
OL002500_3;O002500;P0482;1;99.4;0.05;94.43
OL002500_4;O002500;P0325;4;60.4;0;241.6
