OrderID;OrderDate_raw;CustomerID;ChannelID;OrderStatus;ShippingCityID;PromoCode
O000001;2025-05-11;C1228;CH1;Shipped;CITY01;
O000002;2021-09-06;C1290;CH5;Pending;CITY11;
O000003;2023-09-24;C1043;CH4;Cancelled;CITY10;
O000004;23/11/2022;C1021;CH4;Completed;CITY08;
O000005;02/08/2025;C1054;CH1;Shipped;CITY04;
O000006;01/10/2021;C1051;CH5;Shipped;CITY02;
O000007;2023-12-08;C1230;CH4;Cancelled;CITY10;RAMADAN
O000008;20/06/2025;C1076;CH4;Shipped;CITY01;
O000009;01/17/2025;C1227;CH5;Returned;CITY06;RAMADAN
O000010;2021-12-31;C1198;CH3;Cancelled;CITY05;
O000011;2022-03-27;C1151;CH5;Cancelled;CITY03;
O000012;05/23/2022;C1167;CH4;Returned;CITY10;
O000013;18/02/2024;C1006;CH4;Cancelled;CITY02;
O000014;2024-07-07;C1237;CH1;Completed;CITY01;
O000015;2023-08-12;C1316;CH1;Pending;CITY02;
O000016;10/19/2022;C1180;CH3;Returned;CITY06;
O000017;12/08/2021;C1084;CH3;Completed;CITY04;
O000018;21/08/2022;C1096;CH1;Completed;CITY09;
O000019;2022-04-10;C1247;CH3;Pending;CITY05;BF
O000020;25/09/2024;C1162;CH3;Cancelled;CITY09;
O000021;2024-08-18;C1151;CH4;Pending;CITY10;RAMADAN
O000022;2021-04-23;C1311;CH2;Returned;CITY05;
O000023;06/08/2022;C1176;CH3;Pending;CITY04;BF
O000024;2021-05-16;C1302;CH4; Completed;CITY07;
O000025;2024-08-04;C1325;CH4;Completed;CITY03;BF
O000026;2024-11-22;C1061;CH3;Returned;CITY03;
O000027;19/11/2023;C1099;CH2;Completed;CITY06;
O000028;07/29/2021;C1111;CH2;Returned;CITY09;
O000029;2021-02-28;C1060;CH2;Cancelled;CITY05;
O000030;2021-03-30;C1033;CH3;Completed;CITY10;
O000031;11/01/2023;C1291;CH1;Completed;CITY04;RAMADAN
O000032;06/20/2023;C1344;CH1;Cancelled;CITY09;
O000033;2022-08-04;C1233;CH5;Pending;CITY09;
O000034;2024-11-24;C1302;CH1;Cancelled ;CITY10;
O000035;2021-08-10;C1062;CH3;Shipped;CITY01;WELCOME
O000036;06/04/2025;C1039;CH5;Shipped;CITY08;
O000037;2025-04-14;C1056;CH5;Shipped;CITY08;
O000038;24/04/2024;C1023;CH2;Pending;CITY11;
O000039;2021-03-18;C1235;CH4;Returned;CITY12;
O000040;2021-12-08;C1314;CH3;Pending;CITY02;
O000041;2023-05-25;C1107;CH3;Completed;CITY05;BF
O000042;09/15/2024;C1239;CH3;Returned;CITY07;
O000043;2022-10-15;C1032;CH2;Shipped;CITY05;
O000044;18/02/2022;C1081;CH3; Cancelled;CITY11;
O000045;14/04/2023;C1186;CH1;Shipped;CITY04;
O000046;10/23/2021;C1054;CH2;Cancelled;CITY10;
O000047;2021-02-13;C1330;CH5;Completed;CITY01;
O000048;09/02/2022;C1107;CH2;Shipped;CITY11;BF
O000049;22/12/2022;C1215;CH5;Returned;CITY01;RAMADAN
O000050;10/01/2025;C1304;CH4;Pending;CITY05;RAMADAN
O000051;18/02/2024;C1331;CH5;Cancelled;CITY12;
O000052;2022-08-13;C1253;CH4;Cancelled;CITY05;
O000053;2024-11-07;C1108;CH4;Shipped;CITY09;
O000054;2022-09-12;C1202;CH3;Cancelled;CITY03;
O000055;2022-08-03;C1134;CH5;Pending;CITY06;BF
O000056;2021-03-25;C1226;CH3;Returned;CITY12;
O000057;04/10/2024;C1002;CH5;Returned;CITY08;WELCOME
O000058;01/08/2023;C1337;CH4;Shipped;CITY01;SUMMER
O000059;05/07/2022;C1204;CH1;Completed;CITY07;SUMMER
O000060;2023-11-16;C1102;CH4;Shipped;CITY10;
O000061;19/08/2022;C1239;CH4;Completed;CITY03;SUMMER
O000062;24/04/2025;C1257;CH1;Completed;CITY03;
O000063;2025-11-21;C1344;CH1;Shipped;CITY01;RAMADAN
O000064;30/07/2025;C1008;CH2;Completed;CITY04;BF
O000065;08/27/2022;C1291;CH4;Completed;CITY12;BF
O000066;15/05/2023;C1295;CH3;Returned ;CITY08;
O000067;2024-05-18;C1336;CH4;Cancelled;CITY07;SUMMER
O000068;2021-07-26;C1212;CH4;Pending;CITY01;SUMMER
O000069;2022-06-13;C1174;CH3;Completed;CITY03;
O000070;14/08/2025;C1287;CH1;Returned;CITY04;
O000071;2025-04-25;C1003;CH2;Shipped;CITY05;SUMMER
O000072;2021-10-26;C1005;CH5;COMPLETED;CITY03;
O000073;2025-01-17;C1160;CH3;Completed;CITY03;
O000074;17/03/2021;C1275;CH3;Shipped;CITY09;
O000075;2022-05-10;C1155;CH4;Returned;CITY05;
O000076;07/08/2025;C1297;CH5;Returned;CITY05;
O000077;2025-12-25;C1066;CH4;Cancelled;CITY07;
O000078;23/11/2024;C1108;CH4; Shipped;CITY06;WELCOME
O000079;2021-04-10;C1156;CH3;Cancelled;CITY02;
O000080;04/10/2025;C1070;CH5;Shipped;CITY12;
O000081;11/08/2024;C1286;CH1;Cancelled;CITY01;
O000082;2023-04-03;C1301;CH1;Shipped;CITY03;
O000083;2022-01-07;C1013;CH1;Pending;CITY06;
O000084;2021-08-24;C1137;CH1;Pending;CITY01;BF
O000085;2023-07-03;C1042;CH5;Cancelled;CITY03;
O000086;2021-04-04;C1082;CH5;Returned ;CITY02;RAMADAN
O000087;2022-12-01;C1107;CH4;Returned;CITY01;
O000088;09/01/2024;C1015;CH4;Completed;CITY10;
O000089;2024-10-25;C1183;CH2;Completed;CITY12;
O000090;09/13/2024;C1289;CH5;Returned;CITY02;
O000091;2023-06-05;C1208;CH3;Completed;CITY09;WELCOME
O000092;02/08/2022;C1084;CH3;Pending ;CITY08;BF
O000093;2024-03-31;C1063;CH1;Completed;CITY12;WELCOME
O000094;20/02/2024;C1026;CH3;Shipped;CITY04;
O000095;29/04/2024;C1099;CH5;Cancelled;CITY08;
O000096;10/29/2021;C1240;CH3;Returned;CITY09;
O000097;2022-01-23;C1341;CH4;Shipped;CITY10;SUMMER
O000098;2022-02-25;C1204;CH2;Completed;CITY09;
O000099;01/01/2022;C1100;CH1;Cancelled;CITY11;
O000100;2025-12-04;C1033;CH1;Cancelled;CITY04;
O000101;13/07/2024;C1143;CH2;Returned;CITY12;WELCOME
O000102;2024-07-30;C1298;CH1;Cancelled;CITY04;
O000103;2023-05-23;C1230;CH4;Shipped;CITY05;
O000104;24/01/2024;C1102;CH3;Cancelled;CITY11;
O000105;04/10/2022;C1107;CH4;Cancelled;CITY08;
O000106;07/02/2023;C1071;CH5;Cancelled;CITY11;
O000107;03/12/2023;C1032;CH5;Shipped;CITY08;
O000108;2024-09-12;C1268;CH1;Shipped ;CITY06;
O000109;09/27/2022;C1221;CH4;Cancelled;CITY09;
O000110;2023-08-01;C1236;CH5;Completed;CITY08;SUMMER
O000111;06/05/2022;C1080;CH3;Returned;CITY12;RAMADAN
O000112;2023-02-20;C1175;CH4;Cancelled;CITY12;
O000113;31/12/2023;C1200;CH2;Completed;CITY03;
O000114;2023-06-29;C1026;CH5;Completed ;CITY04;SUMMER
O000115;21/06/2025;C1340;CH2;Cancelled ;CITY06;
O000116;2024-09-01;C1161;CH1;Shipped;CITY05;
O000117;05/31/2022;C1048;CH5;Pending;CITY12;
O000118;25/09/2022;C1121;CH4;Cancelled;CITY08;
O000119;2025-03-18;C1012;CH2;Pending;CITY11;RAMADAN
O000120;23/07/2024;C1072;CH2;CANCELLED;CITY04;
O000121;2021-06-13;C1184;CH4;Shipped;CITY10;BF
O000122;2021-05-28;C1170;CH2;Shipped;CITY09;
O000123;2025-04-29;C1178;CH5;Shipped;CITY11;BF
O000124;06/05/2022;C1126;CH5;Returned;CITY02;WELCOME
O000125;2025-03-22;C1045;CH1;Returned;CITY05;RAMADAN
O000126;02/10/2022;C1249;CH2;Returned;CITY04;
O000127;13/02/2023;C1063;CH3;Completed;CITY08;
O000128;2024-05-22;C1219;CH3;Pending;CITY04;SUMMER
O000129;01/25/2023;C1231;CH5;Shipped;CITY11;
O000130;2024-09-10;C1051;CH4;Pending;CITY09;
O000131;05/08/2021;C1222;CH1;Cancelled;CITY05;RAMADAN
O000132;2025-01-09;C1195;CH5;Shipped;CITY05;
O000133;10/01/2025;C1198;CH4;Pending;CITY03;
O000134;15/07/2022;C1293;CH4;Cancelled;CITY01;
O000135;2025-07-28;C1337;CH2;Completed;CITY08;SUMMER
O000136;03/28/2024;C1070;CH4;Shipped;CITY12;RAMADAN
O000137;2024-10-23;C1086;CH1;Completed;CITY01;WELCOME
O000138;2025-05-08;C1343;CH1;Shipped;CITY11;
O000139;2022-07-15;C1048;CH5;Cancelled;CITY05;
O000140;24/03/2025;C1106;CH1;Cancelled;CITY09;BF
O000141;23/06/2021;C1063;CH5;Pending;CITY11;
O000142;2024-05-26;C1275;CH5;Cancelled;CITY04;
O000143;2023-02-21;C1332;CH2;Shipped;CITY12;
O000144;05/10/2023;C1078;CH3;Shipped;CITY05;
O000145;26/12/2021;C1269;CH3;Returned;CITY06;
O000146;09/08/2024;C1064;CH2;Shipped;CITY12;SUMMER
O000147;2023-12-03;C1117;CH3;Completed;CITY02;
O000148;2024-10-18;C1260;CH2;Shipped;CITY09;
O000149;2025-09-16;C1068;CH5;Pending;CITY03;SUMMER
O000150;2024-08-09;C1263;CH1;Shipped;CITY06;WELCOME
O000151;04/22/2023;C1063;CH4;Completed;CITY08;
O000152;08/15/2021;C1097;CH3;Completed;CITY01;RAMADAN
O000153;12/06/2025;C1010;CH2;Cancelled;CITY04;WELCOME
O000154;05/26/2022;C1143;CH1;Pending;CITY07;
O000155;04/02/2023;C1019;CH3;Cancelled;CITY04;WELCOME
O000156;2022-12-20;C1214;CH2;Pending;CITY01;
O000157;2025-03-02;C1301;CH5;Returned;CITY10;
O000158;03/06/2021;C1279;CH5;Pending;CITY04;
O000159;2024-07-13;C1060;CH4;Completed;CITY09;
O000160;2024-02-26;C1199;CH4;Returned;CITY10;
O000161;08/30/2022;C1137;CH5;Completed;CITY05;WELCOME
O000162;2025-01-18;C1068;CH4;Returned;CITY01;
O000163;10/27/2022;C1137;CH2;Returned;CITY03;
O000164;08/02/2025;C1201;CH5;Cancelled ;CITY08;
O000165;10/06/2025;C1054;CH5;Pending;CITY08;
O000166;30/07/2021;C1278;CH3;Completed;CITY01;
O000167;2023-01-02;C1039;CH5;Pending;CITY10;
O000168;04/06/2025;C1001;CH2;Cancelled;CITY08;
O000169;02/24/2023;C1214;CH5;Shipped;CITY04;
O000170;2025-10-05;C1071;CH3;Shipped;CITY07;
O000171;19/09/2024;C1297;CH1;Shipped;CITY03;
O000172;2023-06-29;C1330;CH1;Pending;CITY01;
O000173;03/02/2025;C1108;CH4;Returned ;CITY12;
O000174;2024-08-17;C1217;CH2;Pending;CITY06;
O000175;08/05/2022;C1137;CH1;Returned;CITY08;
O000176;2025-03-20;C1200;CH3;Cancelled;CITY12;
O000177;11/01/2025;C1118;CH2;Cancelled;CITY09;
O000178;2021-07-19;C1007;CH2;Pending;CITY02;
O000179;2021-03-23;C1186;CH3;Shipped;CITY03;
O000180;19/08/2022;C1192;CH2;Returned;CITY08;
O000181;2022-03-12;C1243;CH1;Pending;CITY08;RAMADAN
O000182;2022-07-07;C1129;CH2;Completed;CITY05;BF
O000183;2025-08-13;C1005;CH5;Returned;CITY10;
O000184;12/07/2023;C1064;CH4;RETURNED;CITY04;BF
O000185;11/09/2022;C1157;CH5;Completed;CITY07;
O000186;29/06/2021;C1053;CH1;Completed;CITY12;
O000187;2024-02-04;C1195;CH1;Cancelled;CITY08;BF
O000188;2022-05-11;C1284;CH4;Cancelled;CITY10;
O000189;2025-09-11;C1283;CH2;Pending;CITY01;
O000190;18/07/2022;C1042;CH2;Completed;CITY02;BF
O000191;2025-09-13;C1106;CH4;Completed;CITY08;
O000192;21/11/2021;C1267;CH3;Completed;CITY09;
O000193;2022-02-13;C1047;CH3;Returned;CITY08;
O000194;2024-05-06;C1139;CH3;Returned;CITY10;
O000195;2023-03-27;C1015;CH1;Cancelled;CITY06;
O000196;2022-08-04;C1308;CH2;Returned;CITY10;
O000197;2022-04-30;C1295;CH1; Pending;CITY01;
O000198;2023-10-09;C1313;CH1;Shipped;CITY11;WELCOME
O000199;15/08/2021;C1024;CH3;Completed;CITY07;SUMMER
O000200;03/29/2024;C1244;CH4;Pending;CITY02;SUMMER
O000201;2021-05-04;C1108;CH1;Cancelled;CITY02;
O000202;05/21/2021;C1142;CH4;Cancelled;CITY02;
O000203;27/12/2022;C1220;CH2;Cancelled;CITY01;
O000204;05/01/2024;C1141;CH5;Returned;CITY01;RAMADAN
O000205;02/12/2025;C1137;CH4;Cancelled;CITY05;
O000206;12/15/2021;C1161;CH1;Cancelled;CITY01;
O000207;28/09/2023;C1126;CH4;Completed ;CITY05;
O000208;2023-01-17;C1234;CH1;Pending;CITY11;
O000209;01/02/2022;C1193;CH1;Pending;CITY08;
O000210;2024-03-06;C1177;CH3;Completed;CITY03;BF
O000211;01/06/2023;C1180;CH1;Completed;CITY09;
O000212;28/08/2023;C1181;CH2;Shipped;CITY05;
O000213;2021-07-16;C1070;CH5;Shipped;CITY12;
O000214;2021-04-20;C1201;CH2;Shipped;CITY09;BF
O000215;06/09/2021;C1299;CH5;Completed;CITY12;
O000216;01/12/2023;C1049;CH2;Cancelled;CITY08;
O000217;2025-10-26;C1336;CH5;Completed;CITY03;
O000218;2021-09-04;C1288;CH4;Completed;CITY11;
O000219;2023-11-17;C1032;CH2;Cancelled;CITY08;
O000220;2024-04-20;C1297;CH3;Returned;CITY01;
O000221;01/31/2025;C1196;CH4;Completed ;CITY12;
O000222;2023-06-16;C1347;CH3;Cancelled;CITY09;
O000223;2024-03-09;C1279;CH1;Pending;CITY12;
O000224;2025-11-25;C1036;CH5;Completed;CITY02;
O000225;24/01/2024;C1056;CH5;Shipped;CITY01;
O000226;10/12/2022;C1036;CH4;Returned;CITY08;
O000227;02/13/2021;C1028;CH1;Cancelled;CITY11;
O000228;14/06/2024;C1188;CH3;Cancelled;CITY02;
O000229;08/22/2022;C1066;CH5;Shipped;CITY02;SUMMER
O000230;12/15/2023;C1136;CH3;Returned;CITY07;
O000231;03/15/2021;C1120;CH4;Shipped;CITY01;
O000232;2021-03-06;C1277;CH3;Completed;CITY05;
O000233;2025-10-25;C1273;CH4;Shipped;CITY05;RAMADAN
O000234;2022-07-05;C1337;CH3; Returned;CITY06;SUMMER
O000235;2021-05-12;C1225;CH2;Pending;CITY08;
O000236;05/05/2021;C1132;CH3;Completed;CITY09;WELCOME
O000237;2021-10-21;C1012;CH3;Returned;CITY11;
O000238;2025-08-29;C1298;CH1;Cancelled;CITY02;
O000239;2022-05-13;C1185;CH2;Shipped;CITY08;
O000240;05/10/2025;C1208;CH5;Cancelled;CITY06;
O000241;11/16/2025;C1017;CH4;Completed;CITY09;BF
O000242;2023-07-09;C1209;CH4;Shipped;CITY12;RAMADAN
O000243;2021-04-09;C1288;CH5;Returned;CITY05;
O000244;2021-12-06;C1060;CH3;Pending;CITY05;SUMMER
O000245;30/12/2025;C1276;CH5; Cancelled;CITY06;
O000246;01/29/2025;C1038;CH3;Cancelled;CITY12;
O000247;2022-01-25;C1285;CH1;Completed;CITY04;
O000248;02/10/2023;C1285;CH5;Cancelled;CITY05;
O000249;10/12/2025;C1147;CH4;Shipped;CITY03;BF
O000250;03/01/2021;C1148;CH3;Returned;CITY01;
O000251;24/09/2022;C1229;CH4;Cancelled;CITY11;WELCOME
O000252;01/12/2023;C1274;CH2;Cancelled;CITY04;SUMMER
O000253;2021-03-28;C1080;CH3; Pending;CITY04;
O000254;2021-02-11;C1007;CH5;Returned;CITY07;RAMADAN
O000255;2021-07-10;C1113;CH4;Returned;CITY09;
O000256;25/03/2023;C1118;CH4;Pending;CITY06;RAMADAN
O000257;2024-06-16;C1242;CH5;Returned;CITY05;
O000258;2024-08-28;C1120;CH3;Shipped;CITY12;WELCOME
O000259;2021-10-14;C1280;CH4; Shipped;CITY05;
O000260;2021-01-21;C1162;CH4;Cancelled;CITY01;SUMMER
O000261;07/17/2022;C1145;CH4;Returned;CITY07;
O000262;2022-11-08;C1294;CH5;Returned;CITY10;
O000263;2025-11-27;C1000;CH3;Completed;CITY08;BF
O000264;12/07/2021;C1324;CH3;Cancelled;CITY12;SUMMER
O000265;01/12/2021;C1300;CH3;PENDING;CITY09;WELCOME
O000266;03/11/2025;C1241;CH5;Shipped;CITY11;
O000267;25/04/2021;C1227;CH1;PENDING;CITY04;
O000268;14/05/2021;C1098;CH5;Cancelled;CITY01;SUMMER
O000269;20/04/2025;C1086;CH1;Cancelled;CITY12;
O000270;2022-04-08;C1096;CH3;Cancelled;CITY08;
O000271;2022-03-01;C1175;CH5;Returned;CITY09;
O000272;13/07/2024;C1183;CH1;Cancelled;CITY02;RAMADAN
O000273;06/02/2022;C1191;CH5;Pending;CITY04;
O000274;2025-06-03;C1027;CH1;Pending;CITY08;
O000275;06/14/2023;C1046;CH2;Cancelled;CITY01;
O000276;05/03/2023;C1065;CH3;Cancelled;CITY11;
O000277;10/10/2021;C1255;CH2;Completed;CITY07;
O000278;2024-11-06;C1051;CH4;Completed;CITY07;
O000279;2025-11-18;C1345;CH1; Cancelled;CITY04;
O000280;17/01/2024;C1136;CH2;Pending;CITY05;
O000281;2022-12-09;C1234;CH5;Cancelled;CITY09;
O000282;23/11/2022;C1326;CH3;Shipped;CITY05;WELCOME
O000283;07/21/2022;C1256;CH1;Returned;CITY05;
O000284;02/07/2021;C1166;CH2;Completed;CITY08;
O000285;15/09/2024;C1292;CH1;Shipped;CITY12;
O000286;19/03/2025;C1145;CH5;Shipped;CITY03;BF
O000287;04/20/2025;C1205;CH5;Shipped;CITY10;
O000288;03/31/2023;C1147;CH1;Returned;CITY03;
O000289;2024-06-02;C1127;CH2;Returned;CITY06;WELCOME
O000290;2023-07-30;C1125;CH5;Shipped;CITY08;
O000291;05/01/2025;C1310;CH5;Completed;CITY05;BF
O000292;2025-04-02;C1296;CH1;Cancelled;CITY04;
O000293;2022-08-28;C1227;CH3;Shipped;CITY01;
O000294;03/04/2025;C1065;CH2;Returned;CITY04;WELCOME
O000295;2025-11-08;C1248;CH2;Returned;CITY01;
O000296;2024-09-22;C1016;CH4;Completed;CITY09;
O000297;2024-02-05;C1142;CH1;Cancelled;CITY03;
O000298;07/02/2022;C1244;CH1;SHIPPED;CITY10;
O000299;2025-03-26;C1208;CH5;Pending;CITY08;
O000300;2023-10-13;C1083;CH2;Completed;CITY08;SUMMER
O000301;04/19/2025;C1202;CH2;Cancelled;CITY09;BF
O000302;2025-04-11;C1213;CH1;Shipped ;CITY03;BF
O000303;22/10/2022;C1218;CH4;Pending;CITY04;
O000304;2021-05-02;C1051;CH1;Pending;CITY05;
O000305;17/06/2023;C1125;CH3;Returned;CITY09;SUMMER
O000306;2023-01-12;C1170;CH2;Pending;CITY03;WELCOME
O000307;2024-07-23;C1034;CH1;RETURNED;CITY09;RAMADAN
O000308;2023-07-14;C1077;CH3;Completed;CITY09;BF
O000309;04/26/2025;C1294;CH3;Returned;CITY05;
O000310;2021-09-10;C1192;CH1;Shipped;CITY07;
O000311;2025-03-16;C1162;CH4;Cancelled;CITY06;
O000312;2025-10-03;C1333;CH3;Cancelled;CITY07;
O000313;06/05/2024;C1107;CH3;Pending;CITY03;RAMADAN
O000314;11/11/2022;C1014;CH4;Completed;CITY01;
O000315;30/09/2022;C1243;CH4;Pending;CITY10;
O000316;2024-09-30;C1302;CH5;Returned;CITY03;
O000317;11/28/2021;C1203;CH3;Completed;CITY04;
O000318;06/07/2022;C1174;CH4;Returned;CITY06;
O000319;2022-09-21;C1231;CH4;Returned;CITY09;
O000320;07/24/2024;C1324;CH5;Cancelled;CITY09;
O000321;2021-01-01;C1038;CH3;Returned;CITY10;
O000322;08/16/2024;C1214;CH4;Returned;CITY04;
O000323;2022-09-04;C1063;CH5;Returned;CITY12;SUMMER
O000324;2025-04-03;C1149;CH2;Returned;CITY10;
O000325;31/12/2024;C1248;CH2;Returned;CITY05;WELCOME
O000326;01/09/2023;C1297;CH5;Shipped;CITY06;BF
O000327;2023-01-05;C1349;CH3;Pending;CITY01;
O000328;10/11/2022;C1156;CH1;Completed;CITY11;RAMADAN
O000329;24/01/2022;C1297;CH3;Returned;CITY09;
O000330;2024-06-10;C1291;CH1;Pending;CITY04;
O000331;23/10/2025;C1313;CH4;Shipped;CITY04;
O000332;06/18/2025;C1275;CH5;CANCELLED;CITY12;
O000333;01/08/2023;C1316;CH4;Shipped;CITY03;
O000334;09/17/2024;C1231;CH3;Returned;CITY10;
O000335;02/09/2025;C1099;CH2;Returned;CITY01;BF
O000336;2021-12-30;C1220;CH3;SHIPPED;CITY04;SUMMER
O000337;30/10/2024;C1191;CH1; Cancelled;CITY06;
O000338;2024-12-17;C1090;CH5;Cancelled;CITY01;
O000339;2022-01-31;C1308;CH2;Returned;CITY09;BF
O000340;2022-01-21;C1206;CH1;Pending ;CITY11;
O000341;2023-04-08;C1222;CH4;Completed;CITY09;BF
O000342;31/12/2023;C1014;CH1;Pending;CITY01;BF
O000343;2022-02-26;C1059;CH3;Completed;CITY06;RAMADAN
O000344;2022-02-24;C1334;CH3;Shipped;CITY07;SUMMER
O000345;2021-05-17;C1093;CH5;Pending;CITY11;
O000346;19/08/2023;C1245;CH1;Completed;CITY02;
O000347;08/12/2024;C1028;CH4;Shipped;CITY04;RAMADAN
O000348;2021-04-27;C1057;CH1;Shipped;CITY03;
O000349;29/02/2024;C1279;CH1;Completed;CITY11;
O000350;01/24/2023;C1010;CH4;Pending;CITY09;RAMADAN
O000351;2023-01-15;C1172;CH3;Shipped;CITY04;
O000352;11/23/2022;C1282;CH2;Shipped;CITY08;WELCOME
O000353;2022-10-10;C1312;CH5;Returned;CITY02;
O000354;09/22/2022;C1033;CH3;Returned;CITY08;
O000355;2021-11-21;C1287;CH5;Shipped;CITY04;WELCOME
O000356;15/04/2024;C1185;CH4;Returned;CITY08;
O000357;28/12/2022;C1308;CH4;Completed;CITY03;SUMMER
O000358;2023-07-09;C1221;CH3;Completed;CITY11;
O000359;2023-02-18;C1198;CH1;Pending;CITY09;
O000360;17/02/2021;C1065;CH1;Cancelled ;CITY10;RAMADAN
O000361;2024-07-16;C1169;CH1;Returned;CITY12;
O000362;09/02/2023;C1101;CH4;Returned;CITY11;
O000363;21/01/2022;C1095;CH3;Cancelled;CITY05;
O000364;2025-02-10;C1030;CH5;Shipped ;CITY08;WELCOME
O000365;2023-07-13;C1183;CH4;Pending;CITY09;
O000366;2023-07-16;C1078;CH2;Shipped;CITY06;BF
O000367;2021-11-03;C1138;CH3; Cancelled;CITY09;
O000368;2025-07-04;C1110;CH4; Shipped;CITY06;SUMMER
O000369;2022-05-20;C1107;CH3;Cancelled;CITY08;
O000370;26/02/2023;C1075;CH5;PENDING;CITY12;
O000371;2022-10-18;C1248;CH3;Returned;CITY11;RAMADAN
O000372;2021-06-11;C1188;CH4;Cancelled;CITY10;BF
O000373;10/24/2022;C1008;CH1;Completed;CITY03;SUMMER
O000374;20/01/2025;C1067;CH4;Completed;CITY09;RAMADAN
O000375;2024-08-07;C1202;CH2;Returned;CITY03;WELCOME
O000376;10/23/2023;C1163;CH3;Shipped;CITY09;
O000377;01/04/2024;C1003;CH5;Pending;CITY03;RAMADAN
O000378;27/03/2021;C1198;CH1;Cancelled;CITY05;RAMADAN
O000379;2022-02-27;C1255;CH4;Pending;CITY03;
O000380;2022-03-17;C1330;CH2;Shipped;CITY07;
O000381;08/12/2025;C1243;CH2;Completed;CITY10;
O000382;2023-04-25;C1089;CH1;Returned;CITY05;SUMMER
O000383;2024-02-19;C1250;CH2;Completed;CITY08;
O000384;2025-04-21;C1149;CH2;Shipped;CITY07;WELCOME
O000385;10/10/2025;C1293;CH2;Cancelled;CITY07;WELCOME
O000386;2022-03-25;C1295;CH3;Shipped;CITY11;
O000387;2025-08-18;C1107;CH5;Completed;CITY01;
O000388;2022-12-04;C1198;CH3;Cancelled;CITY08;
O000389;2021-02-25;C1194;CH1;Shipped;CITY09;
O000390;2022-03-20;C1314;CH4; Completed;CITY11;WELCOME
O000391;03/23/2021;C1148;CH5;Pending;CITY02;
O000392;2025-07-14;C1059;CH1;Cancelled;CITY10;
O000393;2021-05-18;C1033;CH1;Pending;CITY07;
O000394;2021-05-17;C1336;CH2;Returned;CITY04;
O000395;2025-06-29;C1109;CH2;Shipped;CITY07;
O000396;2021-03-29;C1164;CH4;Completed;CITY07;BF
O000397;2023-10-16;C1038;CH4; Returned;CITY12;RAMADAN
O000398;2022-09-24;C1240;CH5;Shipped;CITY10;
O000399;10/04/2022;C1165;CH2;Returned;CITY06;
O000400;2024-12-30;C1277;CH5;Pending;CITY03;WELCOME
O000401;2024-01-06;C1174;CH2;Pending;CITY07;
O000402;2022-02-12;C1136;CH1;Shipped;CITY08;
O000403;2021-08-09;C1280;CH5;Pending;CITY11;
O000404;2025-04-11;C1112;CH2;Shipped;CITY03;
O000405;2023-07-03;C1109;CH2;Completed;CITY08;RAMADAN
O000406;02/03/2023;C1073;CH1;Returned;CITY07;
O000407;16/07/2023;C1011;CH4;Returned;CITY07;BF
O000408;10/15/2025;C1299;CH5;Returned;CITY07;
O000409;04/15/2022;C1209;CH3;Cancelled;CITY10;
O000410;06/07/2022;C1091;CH5;Completed;CITY12;
O000411;04/10/2021;C1240;CH2;Cancelled;CITY10;
O000412;2024-08-18;C1266;CH3;Returned;CITY05;
O000413;2023-09-25;C1101;CH1;Cancelled;CITY08;
O000414;2023-01-31;C1104;CH4;Cancelled;CITY03;
O000415;2025-08-09;C1262;CH5;Shipped ;CITY02;
O000416;2021-02-19;C1229;CH4;Pending;CITY06;
O000417;2021-10-22;C1072;CH2;Completed;CITY01;
O000418;01/12/2021;C1019;CH3;Shipped;CITY03;
O000419;2025-07-10;C1304;CH2;Cancelled;CITY06;
O000420;2023-05-09;C1290;CH3;PENDING;CITY11;WELCOME
O000421;23/09/2022;C1120;CH4;Shipped;CITY07;BF
O000422;04/11/2021;C1276;CH4;Shipped;CITY11;RAMADAN
O000423;24/03/2021;C1084;CH3;PENDING;CITY01;
O000424;2021-10-11;C1033;CH4;Returned;CITY12;
O000425;06/15/2025;C1158;CH3;Cancelled;CITY01;
O000426;2024-04-01;C1122;CH4;Shipped;CITY11;
O000427;2023-03-09;C1095;CH4;Shipped;CITY06;
O000428;05/07/2022;C1262;CH5;Shipped;CITY07;WELCOME
O000429;06/10/2023;C1020;CH4;Returned;CITY08;
O000430;10/08/2022;C1302;CH2;Shipped;CITY01;RAMADAN
O000431;2025-04-24;C1307;CH1;Shipped;CITY09;SUMMER
O000432;09/10/2023;C1010;CH1;Cancelled;CITY11;SUMMER
O000433;06/05/2022;C1033;CH3;Cancelled;CITY09;
O000434;2025-07-10;C1096;CH5;Pending;CITY02;
O000435;06/25/2024;C1326;CH4;Returned;CITY12;RAMADAN
O000436;08/10/2022;C1237;CH1;Cancelled;CITY02;
O000437;2024-09-23;C1070;CH3;Shipped;CITY07;WELCOME
O000438;13/01/2023;C1058;CH1;Pending;CITY03;
O000439;2024-02-06;C1336;CH3;Completed;CITY05;
O000440;2024-01-15;C1054;CH3;Cancelled;CITY04;
O000441;04/16/2023;C1002;CH5;Pending;CITY04;
O000442;2024-04-24;C1210;CH5;Pending;CITY02;
O000443;01/11/2024;C1202;CH2;Cancelled;CITY11;RAMADAN
O000444;2023-04-22;C1193;CH5;Pending;CITY03;
O000445;20/05/2025;C1030;CH4;Returned;CITY05;
O000446;2025-09-16;C1244;CH4;Pending;CITY03;WELCOME
O000447;09/05/2021;C1290;CH1;Cancelled;CITY11;
O000448;2024-04-15;C1102;CH4;Returned;CITY08;
O000449;13/11/2024;C1039;CH1;Returned;CITY01;
O000450;2022-03-05;C1047;CH3;Cancelled;CITY10;
O000451;01/07/2021;C1257;CH5;Cancelled;CITY12;SUMMER
O000452;08/22/2025;C1107;CH2;Cancelled;CITY04;
O000453;04/09/2025;C1081;CH4; Shipped;CITY03;
O000454;2025-12-21;C1231;CH2;Returned;CITY08;
O000455;04/21/2021;C1117;CH5;Completed;CITY10;
O000456;26/11/2022;C1268;CH5;Completed;CITY03;
O000457;2023-08-02;C1084;CH3; Pending;CITY01;WELCOME
O000458;09/12/2023;C1050;CH4;Returned;CITY12;
O000459;05/14/2024;C1342;CH5;Returned;CITY02;
O000460;2025-12-20;C1125;CH4;Pending;CITY09;
O000461;2025-02-03;C1021;CH5;Completed;CITY04;BF
O000462;29/12/2025;C1284;CH5;Completed;CITY11;
O000463;2025-01-26;C1087;CH5;Returned;CITY07;
O000464;11/08/2025;C1199;CH3;Shipped;CITY05;
O000465;2023-04-23;C1143;CH3;Returned;CITY01;RAMADAN
O000466;13/10/2025;C1149;CH2;Cancelled;CITY06;RAMADAN
O000467;20/01/2024;C1024;CH5;Cancelled;CITY04;
O000468;2025-05-15;C1282;CH5; Completed;CITY01;
O000469;2025-08-13;C1305;CH1;Shipped;CITY04;
O000470;04/19/2022;C1203;CH5;Shipped;CITY07;
O000471;2021-09-24;C1266;CH5;Shipped;CITY11;WELCOME
O000472;11/27/2025;C1028;CH5;Cancelled;CITY02;
O000473;2023-05-20;C1287;CH2;Returned;CITY05;
O000474;04/24/2022;C1330;CH3;Returned;CITY06;BF
O000475;2024-03-21;C1093;CH1;Shipped;CITY07;
O000476;2024-04-01;C1196;CH5;Cancelled;CITY01;
O000477;2021-11-14;C1203;CH1;Shipped;CITY08;RAMADAN
O000478;09/09/2025;C1145;CH1;Pending;CITY03;
O000479;2023-04-14;C1322;CH1; Cancelled;CITY02;RAMADAN
O000480;09/07/2023;C1114;CH1;Completed;CITY07;
O000481;09/04/2021;C1033;CH4;Returned ;CITY05;
O000482;07/29/2024;C1143;CH3;Completed;CITY05;
O000483;03/03/2024;C1308;CH1; Pending;CITY05;WELCOME
O000484;2021-08-11;C1239;CH5;Completed;CITY03;
O000485;2023-02-10;C1062;CH2;Cancelled;CITY05;
O000486;03/06/2023;C1141;CH3;Completed;CITY02;
O000487;29/01/2021;C1082;CH1;Shipped;CITY03;WELCOME
O000488;12/01/2025;C1058;CH5;Cancelled;CITY06;
O000489;2022-04-29;C1207;CH5;Cancelled;CITY01;
O000490;2024-10-22;C1337;CH3;Completed;CITY02;
O000491;16/02/2024;C1302;CH5;Pending;CITY05;
O000492;2023-11-06;C1149;CH2;Pending;CITY10;
O000493;24/11/2024;C1335;CH4;Completed;CITY09;
O000494;2023-02-27;C1277;CH2;Returned;CITY12;RAMADAN
O000495;10/29/2024;C1320;CH2;Pending ;CITY11;SUMMER
O000496;2022-05-30;C1093;CH5;Shipped;CITY06;
O000497;28/11/2022;C1207;CH2;Pending ;CITY03;
O000498;21/02/2024;C1200;CH3; Pending;CITY05;BF
O000499;13/09/2023;C1306;CH4;Cancelled ;CITY06;
O000500;2025-08-22;C1167;CH2;Completed;CITY04;
O000501;26/11/2024;C1302;CH5;Shipped;CITY03;
O000502;2025-11-05;C1298;CH5;Shipped;CITY05;SUMMER
O000503;2025-06-02;C1314;CH3;Cancelled;CITY02;WELCOME
O000504;08/09/2024;C1059;CH3;Pending ;CITY08;
O000505;05/17/2023;C1229;CH4;Pending;CITY03;SUMMER
O000506;09/09/2025;C1032;CH2;Cancelled;CITY01;SUMMER
O000507;02/22/2022;C1283;CH4; Pending;CITY07;
O000508;13/11/2023;C1342;CH4;Shipped;CITY02;
O000509;30/10/2022;C1093;CH2;Cancelled;CITY04;BF
O000510;04/30/2022;C1085;CH3;Pending;CITY09;
O000511;15/03/2024;C1170;CH3;Pending;CITY12;
O000512;2025-01-12;C1057;CH2;Shipped;CITY10;
O000513;11/20/2024;C1190;CH5;Pending;CITY01;
O000514;16/02/2021;C1076;CH5;Cancelled;CITY12;SUMMER
O000515;01/11/2021;C1295;CH4;SHIPPED;CITY02;
O000516;04/20/2021;C1058;CH5;Completed;CITY03;
O000517;2025-05-10;C1266;CH1;Cancelled;CITY02;
O000518;08/07/2025;C1109;CH5;Returned;CITY08;WELCOME
O000519;2022-09-21;C1066;CH2;Completed;CITY03;
O000520;25/04/2023;C1116;CH2;Cancelled;CITY02;
O000521;2024-06-29;C1033;CH3;Shipped;CITY06;
O000522;11/02/2024;C1030;CH1;Returned;CITY12;
O000523;20/01/2024;C1006;CH5;Completed;CITY02;
O000524;20/05/2022;C1027;CH4;Cancelled;CITY05;SUMMER
O000525;2024-05-05;C1129;CH4;Completed;CITY04;RAMADAN
O000526;08/29/2025;C1070;CH4; Completed;CITY07;
O000527;2024-04-14;C1120;CH5;Returned ;CITY12;
O000528;2023-03-20;C1310;CH5;Shipped;CITY08;
O000529;2021-07-23;C1076;CH2;Shipped;CITY10;
O000530;2025-07-11;C1007;CH1;Pending;CITY11;
O000531;27/04/2022;C1189;CH5;Returned;CITY10;BF
O000532;28/07/2025;C1036;CH5;Shipped;CITY03;
O000533;2023-08-30;C1163;CH4;Completed;CITY07;
O000534;2024-09-23;C1325;CH1;Pending ;CITY02;SUMMER
O000535;12/29/2021;C1249;CH3;Returned;CITY06;WELCOME
O000536;2021-02-22;C1136;CH4;Returned;CITY03;
O000537;06/11/2024;C1021;CH4;Cancelled;CITY09;BF
O000538;16/04/2024;C1127;CH3;Returned;CITY04;
O000539;01/04/2023;C1170;CH1;Cancelled;CITY08;
O000540;25/01/2024;C1277;CH1;Shipped;CITY05;
O000541;2024-11-27;C1316;CH5;Shipped;CITY05;
O000542;30/08/2023;C1040;CH4;Completed;CITY09;
O000543;2025-07-11;C1069;CH3;Returned;CITY05;BF
O000544;2022-10-07;C1216;CH3;Shipped;CITY01;
O000545;2025-05-24;C1066;CH2;Shipped;CITY07;SUMMER
O000546;2024-11-22;C1336;CH4;Pending;CITY02;
O000547;2021-05-03;C1003;CH5;Completed;CITY07;BF
O000548;04/12/2021;C1027;CH2;Returned;CITY08;
O000549;09/27/2022;C1065;CH1;Returned;CITY05;SUMMER
O000550;11/12/2021;C1229;CH3;Returned;CITY08;
O000551;28/01/2022;C1284;CH5;Shipped;CITY08;SUMMER
O000552;11/09/2022;C1117;CH3; Completed;CITY11;
O000553;19/08/2025;C1272;CH2;Returned;CITY10;
O000554;12/18/2025;C1306;CH1;Pending;CITY12;RAMADAN
O000555;2024-12-26;C1129;CH2;Pending;CITY11;
O000556;12/11/2025;C1290;CH2;Cancelled;CITY12;
O000557;2023-08-03;C1222;CH4;Completed ;CITY11;
O000558;08/06/2024;C1043;CH5;Returned;CITY07;
O000559;26/07/2023;C1206;CH2;Completed;CITY06;
O000560;27/01/2021;C1331;CH4;Pending;CITY12;RAMADAN
O000561;2021-03-27;C1267;CH5;Completed;CITY07;
O000562;2024-02-17;C1284;CH5;Returned;CITY11;BF
O000563;12/03/2024;C1232;CH4;Completed;CITY02;
O000564;25/05/2025;C1236;CH3;Pending;CITY08;SUMMER
O000565;2021-10-10;C1223;CH3;Cancelled;CITY06;
O000566;01/06/2021;C1295;CH2;Cancelled;CITY01;
O000567;30/07/2023;C1087;CH2;Cancelled;CITY03;
O000568;2021-01-13;C1246;CH1;Completed;CITY01;
O000569;08/01/2025;C1225;CH1;Returned;CITY02;
O000570;2024-12-02;C1150;CH2;Cancelled;CITY10;
O000571;07/07/2025;C1159;CH5;Completed;CITY02;
O000572;2022-03-13;C1184;CH4;Pending;CITY06;
O000573;01/09/2025;C1128;CH3;Returned;CITY03;SUMMER
O000574;2022-12-23;C1040;CH3;Shipped;CITY01;
O000575;2025-05-15;C1259;CH4;Completed;CITY06;SUMMER
O000576;29/10/2024;C1090;CH1;Completed;CITY06;
O000577;2022-03-16;C1093;CH3;Returned;CITY06;
O000578;26/12/2022;C1302;CH3;Completed;CITY02;
O000579;2021-05-12;C1036;CH5;Pending;CITY11;SUMMER
O000580;31/05/2021;C1279;CH4;Shipped;CITY04;
O000581;2023-07-28;C1193;CH2;Pending;CITY06;
O000582;09/07/2024;C1095;CH5;Cancelled;CITY02;
O000583;2023-11-12;C1129;CH2;Completed;CITY07;
O000584;06/29/2021;C1087;CH5;Returned;CITY01;RAMADAN
O000585;2023-08-07;C1012;CH5; Cancelled;CITY06;
O000586;2024-03-04;C1048;CH4;Completed;CITY09;
O000587;2024-05-31;C1079;CH5;Returned;CITY05;SUMMER
O000588;05/02/2021;C1129;CH1;Pending;CITY12;RAMADAN
O000589;03/25/2022;C1067;CH2;Shipped;CITY12;
O000590;07/12/2022;C1304;CH2;Shipped;CITY10;WELCOME
O000591;29/10/2025;C1081;CH5;Returned;CITY04;
O000592;2023-09-25;C1007;CH5;Completed;CITY07;
O000593;13/09/2022;C1297;CH3;Pending;CITY07;BF
O000594;2021-10-03;C1222;CH1;Completed;CITY07;RAMADAN
O000595;2024-05-01;C1316;CH1;Returned;CITY12;SUMMER
O000596;12/23/2025;C1068;CH3;Shipped;CITY11;
O000597;2025-10-04;C1342;CH5;Shipped;CITY05;SUMMER
O000598;06/14/2023;C1189;CH5;Shipped;CITY12;
O000599;2023-11-07;C1044;CH3;Cancelled;CITY06;
O000600;2021-09-08;C1146;CH1;Pending;CITY03;BF
O000601;03/03/2021;C1273;CH1;Shipped;CITY03;RAMADAN
O000602;2025-07-29;C1336;CH3;Cancelled;CITY05;SUMMER
O000603;2023-07-17;C1067;CH5;Shipped;CITY04;
O000604;16/03/2021;C1012;CH2;Shipped;CITY02;
O000605;11/02/2022;C1062;CH2;Shipped;CITY09;
O000606;2024-06-14;C1180;CH2;Cancelled;CITY08;RAMADAN
O000607;09/22/2021;C1116;CH4;SHIPPED;CITY08;
O000608;15/04/2025;C1258;CH2;Cancelled;CITY02;
O000609;2025-05-16;C1206;CH4;Cancelled;CITY03;RAMADAN
O000610;01/01/2022;C1181;CH4;Completed;CITY06;
O000611;25/12/2023;C1028;CH3;Shipped;CITY04;
O000612;08/11/2023;C1146;CH4;Cancelled;CITY06;
O000613;2021-05-28;C1039;CH5;Pending;CITY11;
O000614;09/27/2024;C1007;CH1;Returned;CITY12;
O000615;2023-04-12;C1018;CH5;Returned;CITY08;
O000616;07/16/2024;C1292;CH3;Cancelled;CITY07;
O000617;09/05/2021;C1300;CH1;Pending;CITY07;SUMMER
O000618;2024-04-29;C1230;CH3;Completed;CITY06;BF
O000619;2024-06-16;C1095;CH4;Shipped ;CITY11;
O000620;05/24/2023;C1153;CH2;Completed;CITY09;
O000621;2024-06-07;C1062;CH4;Returned;CITY10;RAMADAN
O000622;30/04/2024;C1168;CH5;Shipped;CITY04;
O000623;2025-10-11;C1265;CH3;Cancelled;CITY06;
O000624;02/18/2025;C1182;CH1;Cancelled;CITY08;SUMMER
O000625;05/21/2021;C1133;CH3;Returned;CITY07;
O000626;08/25/2025;C1208;CH2; Cancelled;CITY08;
O000627;2024-12-26;C1072;CH5;Pending;CITY03;WELCOME
O000628;2023-05-15;C1200;CH3;Cancelled;CITY03;
O000629;2025-07-29;C1005;CH4;Shipped;CITY06;
O000630;2025-07-30;C1249;CH2; Cancelled;CITY03;
O000631;2021-04-30;C1224;CH4;Pending;CITY02;BF
O000632;2024-07-12;C1075;CH3;Returned;CITY06;
O000633;24/09/2021;C1043;CH1;Completed;CITY01;RAMADAN
O000634;05/10/2024;C1162;CH1;Shipped;CITY08;BF
O000635;02/11/2023;C1347;CH3;Pending;CITY04;RAMADAN
O000636;17/09/2022;C1257;CH5;Shipped;CITY01;
O000637;2023-10-15;C1131;CH5;Cancelled;CITY03;
O000638;18/10/2021;C1309;CH2;Completed;CITY03;
O000639;2022-04-22;C1223;CH2;Shipped;CITY07;RAMADAN
O000640;01/22/2025;C1054;CH2;Returned;CITY10;
O000641;2025-03-15;C1151;CH5;Completed;CITY07;
O000642;2021-12-30;C1291;CH5;Shipped;CITY06;
O000643;2025-07-15;C1074;CH2;Completed;CITY02;
O000644;27/08/2024;C1082;CH5;Cancelled;CITY04;
O000645;01/10/2024;C1172;CH2;Returned;CITY06;
O000646;09/13/2024;C1289;CH5;Completed ;CITY07;RAMADAN
O000647;14/12/2025;C1323;CH5;Shipped;CITY07;
O000648;07/23/2021;C1344;CH5;Returned;CITY03;BF
O000649;2023-10-07;C1197;CH1;Completed;CITY10;
O000650;2022-12-18;C1338;CH4;Cancelled;CITY12;RAMADAN
O000651;05/18/2024;C1139;CH4;Completed;CITY03;
O000652;2021-05-09;C1224;CH5;Returned;CITY09;
O000653;2022-05-12;C1147;CH4;Returned;CITY12;
O000654;08/09/2025;C1016;CH2;Shipped;CITY07;
O000655;01/02/2021;C1284;CH5;Returned;CITY01;
O000656;04/05/2021;C1347;CH3;Shipped;CITY10;SUMMER
O000657;2023-06-04;C1229;CH5;Completed;CITY01;
O000658;2022-09-13;C1129;CH2;Returned;CITY05;SUMMER
O000659;10/18/2025;C1092;CH1; Returned;CITY11;
O000660;2023-02-02;C1305;CH2;Returned;CITY04;
O000661;07/01/2021;C1127;CH4;Cancelled;CITY02;
O000662;2024-02-09;C1166;CH2;Cancelled;CITY06;RAMADAN
O000663;14/01/2023;C1157;CH5;Completed;CITY08;RAMADAN
O000664;2024-12-09;C1292;CH4;Cancelled;CITY04;
O000665;17/11/2023;C1242;CH5;Returned;CITY02;SUMMER
O000666;11/02/2022;C1115;CH4;Returned ;CITY02;
O000667;03/06/2022;C1202;CH2;Returned;CITY11;
O000668;2021-12-02;C1048;CH1;Returned;CITY05;RAMADAN
O000669;2022-11-04;C1325;CH5;Pending;CITY12;WELCOME
O000670;2023-12-20;C1276;CH2;Returned;CITY08;WELCOME
O000671;2025-03-21;C1222;CH5;Completed;CITY08;
O000672;2023-05-17;C1299;CH2;Cancelled;CITY11;SUMMER
O000673;10/13/2025;C1293;CH4;Pending;CITY02;RAMADAN
O000674;2021-05-05;C1069;CH3;Cancelled;CITY06;
O000675;13/12/2024;C1003;CH3;Returned;CITY07;
O000676;27/07/2021;C1194;CH3;Cancelled;CITY11;RAMADAN
O000677;08/28/2022;C1090;CH5;Completed;CITY12;
O000678;2023-04-19;C1135;CH1;Pending;CITY09;
O000679;04/27/2024;C1162;CH2;Completed;CITY07;
O000680;2024-01-07;C1232;CH2;Shipped;CITY01;BF
O000681;2023-11-15;C1113;CH2;Cancelled;CITY01;
O000682;01/22/2024;C1065;CH4;Cancelled;CITY01;
O000683;10/02/2021;C1028;CH4;Returned;CITY04;
O000684;2024-01-20;C1238;CH1;Returned;CITY12;BF
O000685;2023-02-23;C1269;CH4;Completed;CITY01;
O000686;04/19/2023;C1278;CH5; Completed;CITY06;
O000687;12/08/2021;C1104;CH5;Shipped;CITY02;
O000688;01/26/2024;C1035;CH4;Completed;CITY01;RAMADAN
O000689;02/09/2025;C1340;CH1;Returned;CITY08;
O000690;08/22/2023;C1209;CH1;Shipped;CITY01;
O000691;16/12/2021;C1220;CH5;Shipped;CITY10;
O000692;2021-02-18;C1261;CH2;Shipped;CITY10;
O000693;09/04/2025;C1101;CH3;Cancelled;CITY05;BF
O000694;10/31/2021;C1004;CH2;Completed;CITY08;RAMADAN
O000695;07/06/2024;C1002;CH1;Returned;CITY02;
O000696;07/03/2023;C1004;CH5;Pending;CITY09;
O000697;20/01/2025;C1125;CH4;Completed;CITY06;WELCOME
O000698;2022-08-04;C1297;CH3;Shipped;CITY02;
O000699;2021-01-03;C1076;CH4; Cancelled;CITY02;
O000700;2021-06-28;C1081;CH5;Completed;CITY09;
O000701;2024-09-25;C1203;CH1;Completed ;CITY01;
O000702;21/01/2025;C1089;CH2;Cancelled;CITY06;
O000703;28/11/2025;C1156;CH2;Cancelled;CITY11;
O000704;02/07/2025;C1158;CH4;Cancelled;CITY07;
O000705;2022-12-21;C1204;CH2;Cancelled;CITY10;BF
O000706;2021-08-11;C1261;CH3;Returned;CITY03;
O000707;2025-09-24;C1129;CH5;Pending;CITY03;WELCOME
O000708;2022-05-26;C1001;CH4;Cancelled;CITY05;
O000709;07/28/2025;C1189;CH3;Cancelled;CITY12;
O000710;2021-04-19;C1029;CH2;Cancelled ;CITY10;
O000711;17/12/2025;C1322;CH4;Cancelled;CITY10;WELCOME
O000712;2022-11-29;C1114;CH3;Returned;CITY03;
O000713;2025-09-06;C1079;CH2;Cancelled;CITY11;
O000714;11/10/2024;C1281;CH3;Pending;CITY03;SUMMER
O000715;2022-06-16;C1203;CH4;Completed;CITY06;
O000716;14/09/2025;C1208;CH3;Cancelled;CITY01;
O000717;23/06/2024;C1275;CH2;Returned;CITY09;
O000718;04/06/2021;C1075;CH1;Pending;CITY06;
O000719;09/12/2025;C1141;CH4;Shipped;CITY10;BF
O000720;09/07/2023;C1252;CH3;Completed;CITY10;
O000721;2023-06-11;C1189;CH3;Shipped;CITY06;
O000722;2025-03-26;C1333;CH4;Returned;CITY11;
O000723;02/27/2024;C1088;CH3;Pending;CITY07;RAMADAN
O000724;2024-10-31;C1105;CH2;Shipped;CITY04;
O000725;2024-04-26;C1347;CH2;Cancelled ;CITY04;
O000726;2024-05-05;C1230;CH4;Pending;CITY11;
O000727;06/13/2023;C1039;CH5;Completed;CITY03;
O000728;2023-05-23;C1310;CH1;Shipped;CITY05;RAMADAN
O000729;03/10/2025;C1211;CH5; Returned;CITY11;
O000730;07/02/2023;C1020;CH3;Completed;CITY04;
O000731;27/02/2025;C1203;CH3;Pending ;CITY12;
O000732;04/09/2022;C1288;CH4;Completed;CITY08;BF
O000733;2021-02-17;C1231;CH1;Returned;CITY01;BF
O000734;31/01/2023;C1153;CH2; Returned;CITY01;
O000735;2024-08-28;C1169;CH3;Completed;CITY06;
O000736;07/01/2024;C1099;CH2;Cancelled;CITY07;
O000737;2025-03-22;C1138;CH1;Cancelled;CITY06;
O000738;2022-01-09;C1304;CH3;Completed;CITY02;
O000739;18/10/2021;C1013;CH5;Shipped;CITY01;
O000740;09/05/2021;C1181;CH2;Pending;CITY04;
O000741;2023-08-13;C1309;CH2;Pending;CITY03;
O000742;2023-10-06;C1021;CH4;Shipped;CITY04;RAMADAN
O000743;2025-02-14;C1269;CH5;Cancelled;CITY06;BF
O000744;2025-02-18;C1191;CH1;Returned;CITY03;
O000745;2023-07-05;C1088;CH5;Shipped;CITY03;
O000746;2023-03-19;C1087;CH4;Completed;CITY06;WELCOME
O000747;23/03/2024;C1112;CH2;Pending;CITY03;
O000748;2021-08-16;C1214;CH1;Shipped;CITY05;RAMADAN
O000749;26/02/2022;C1101;CH4; Completed;CITY05;WELCOME
O000750;2023-12-08;C1185;CH4;Shipped;CITY12;RAMADAN
O000751;03/26/2021;C1086;CH3;Returned;CITY05;WELCOME
O000752;05/12/2021;C1183;CH3;Returned;CITY03;
O000753;07/01/2021;C1304;CH3;Cancelled;CITY06;BF
O000754;17/09/2022;C1250;CH4;Completed;CITY09;
O000755;2025-03-27;C1119;CH4;Returned;CITY11;SUMMER
O000756;2024-11-25;C1085;CH5; Completed;CITY01;BF
O000757;2023-09-17;C1330;CH4; Cancelled;CITY02;
O000758;2023-11-07;C1331;CH5;Shipped;CITY11;
O000759;2023-03-30;C1012;CH3;Pending;CITY05;
O000760;22/01/2024;C1205;CH4;Completed;CITY01;
O000761;10/02/2023;C1061;CH5;Cancelled;CITY04;
O000762;2024-11-08;C1327;CH5;Completed;CITY10;
O000763;07/21/2025;C1027;CH2;Completed;CITY08;
O000764;30/07/2021;C1194;CH3;Returned;CITY11;
O000765;2021-03-29;C1228;CH1; Cancelled;CITY09;
O000766;2024-03-03;C1094;CH4;PENDING;CITY07;
O000767;2022-02-03;C1344;CH3;Pending;CITY07;RAMADAN
O000768;2022-03-17;C1208;CH5;Completed;CITY08;
O000769;2022-05-12;C1192;CH3;Cancelled;CITY01;
O000770;2023-10-18;C1127;CH5;Pending;CITY03;RAMADAN
O000771;02/03/2023;C1297;CH3;Returned;CITY03;RAMADAN
O000772;2024-03-11;C1298;CH4;Cancelled;CITY10;
O000773;2024-02-13;C1263;CH4;Shipped;CITY07;
O000774;04/15/2025;C1306;CH1;Cancelled;CITY01;
O000775;2025-02-26;C1333;CH2;Completed;CITY02;
O000776;2024-08-12;C1167;CH4;Pending;CITY12;
O000777;28/06/2024;C1133;CH5;Returned;CITY09;WELCOME
O000778;2024-03-17;C1170;CH4;Cancelled;CITY11;SUMMER
O000779;06/09/2024;C1099;CH4;Returned;CITY01;
O000780;11/24/2024;C1170;CH5;Returned;CITY09;
O000781;2025-03-16;C1273;CH4;Cancelled;CITY01;
O000782;09/08/2024;C1085;CH5;Returned;CITY04;
O000783;2022-06-18;C1138;CH5;Shipped;CITY02;
O000784;05/22/2024;C1279;CH2;CANCELLED;CITY04;
O000785;2024-07-10;C1010;CH4;Returned;CITY03;
O000786;12/03/2022;C1213;CH2;Cancelled ;CITY08;
O000787;2021-03-29;C1305;CH2;Completed;CITY12;
O000788;04/12/2022;C1083;CH4;Cancelled;CITY11;
O000789;04/11/2025;C1272;CH2;Cancelled ;CITY07;WELCOME
O000790;10/10/2021;C1196;CH1;Returned;CITY09;
O000791;18/08/2024;C1324;CH4;Pending;CITY02;WELCOME
O000792;2022-04-19;C1057;CH5;Cancelled;CITY12;
O000793;2025-03-11;C1285;CH5;Pending;CITY02;
O000794;2024-06-16;C1253;CH1;Pending;CITY07;WELCOME
O000795;2021-02-02;C1067;CH2;Pending;CITY06;
O000796;2023-12-15;C1225;CH5;Completed;CITY02;
O000797;2025-01-20;C1235;CH1;Returned;CITY09;
O000798;2023-03-22;C1280;CH1;Pending;CITY04;BF
O000799;2023-06-05;C1250;CH2;Cancelled;CITY12;
O000800;07/29/2025;C1202;CH4;Shipped;CITY05;
O000801;02/14/2021;C1294;CH1;Pending;CITY10;
O000802;26/06/2025;C1344;CH4;Pending;CITY05;
O000803;2024-07-04;C1077;CH2;Shipped;CITY02;BF
O000804;2021-10-05;C1322;CH3;Completed;CITY12;SUMMER
O000805;2021-10-10;C1190;CH5;Completed;CITY01;
O000806;04/17/2024;C1292;CH4;Returned;CITY10;
O000807;03/07/2025;C1113;CH5;Pending;CITY03;
O000808;10/09/2021;C1098;CH5;Returned;CITY05;RAMADAN
O000809;2021-04-29;C1168;CH5;Pending ;CITY12;WELCOME
O000810;2023-11-22;C1219;CH4;Returned;CITY04;
O000811;21/03/2024;C1072;CH4;Completed;CITY07;
O000812;2021-07-24;C1088;CH3;Shipped;CITY07;
O000813;2022-08-30;C1002;CH2;Cancelled;CITY07;
O000814;2025-07-17;C1137;CH2;Cancelled;CITY01;SUMMER
O000815;2021-10-04;C1139;CH3;Cancelled;CITY07;
O000816;19/03/2024;C1164;CH4;Cancelled;CITY06;
O000817;18/08/2023;C1097;CH3;Cancelled ;CITY08;
O000818;2025-05-31;C1328;CH5;Shipped;CITY02;
O000819;2021-12-06;C1235;CH4;Shipped;CITY08;RAMADAN
O000820;2025-08-10;C1174;CH5;Pending;CITY01;BF
O000821;04/12/2022;C1241;CH5; Completed;CITY07;SUMMER
O000822;04/08/2025;C1278;CH5;Returned;CITY04;
O000823;11/02/2023;C1134;CH5;Returned;CITY03;WELCOME
O000824;2025-10-02;C1335;CH1;Returned;CITY11;
O000825;2024-09-16;C1155;CH5;Shipped;CITY01;
O000826;2024-07-18;C1021;CH3;Shipped;CITY11;
O000827;22/03/2025;C1078;CH2;Pending;CITY08;
O000828;2025-07-06;C1321;CH3;Pending;CITY08;
O000829;10/03/2021;C1313;CH3;Shipped;CITY04;
O000830;10/11/2022;C1286;CH3;Pending;CITY03;
O000831;2022-08-21;C1196;CH4;Pending;CITY12;
O000832;18/11/2023;C1340;CH1;Shipped;CITY05;
O000833;04/26/2024;C1064;CH5;Shipped;CITY04;WELCOME
O000834;2021-09-10;C1307;CH4;Shipped;CITY06;BF
O000835;01/25/2025;C1224;CH4;Returned;CITY10;
O000836;2025-10-10;C1202;CH3;Shipped;CITY07;
O000837;08/02/2024;C1093;CH4;Shipped;CITY02;SUMMER
O000838;2025-11-28;C1281;CH4;Shipped;CITY04;
O000839;18/06/2022;C1301;CH4;Returned;CITY04;
O000840;2021-07-14;C1263;CH2;Completed;CITY01;
O000841;29/01/2024;C1233;CH1;Completed;CITY06;
O000842;02/02/2023;C1134;CH2; Cancelled;CITY04;
O000843;2023-05-20;C1127;CH2;Returned;CITY05;
O000844;02/04/2025;C1106;CH3;Returned;CITY04;RAMADAN
O000845;09/16/2022;C1095;CH5;Shipped;CITY08;BF
O000846;2024-07-27;C1343;CH4;Cancelled;CITY11;
O000847;2021-11-19;C1189;CH2;Returned ;CITY02;
O000848;11/24/2022;C1106;CH5;Returned;CITY03;
O000849;2025-11-04;C1330;CH4;Cancelled;CITY06;
O000850;06/15/2024;C1311;CH5;Completed;CITY11;
O000851;15/07/2021;C1140;CH5;Returned;CITY12;
O000852;2025-05-23;C1226;CH4;Cancelled;CITY12;
O000853;2021-01-24;C1110;CH4;Returned;CITY11;
O000854;09/03/2021;C1053;CH4;Completed;CITY01;
O000855;2022-03-18;C1243;CH4;Shipped;CITY05;
O000856;01/06/2021;C1128;CH5;Completed;CITY10;
O000857;2025-10-14;C1213;CH1;Shipped;CITY02;
O000858;05/03/2021;C1107;CH3;Cancelled ;CITY10;
O000859;05/10/2021;C1155;CH4;Completed;CITY11;
O000860;02/05/2025;C1311;CH2;Shipped;CITY07;SUMMER
O000861;2021-09-08;C1295;CH3;Cancelled;CITY05;
O000862;2025-07-26;C1176;CH3;Cancelled;CITY08;SUMMER
O000863;2023-12-03;C1269;CH3;Shipped;CITY10;RAMADAN
O000864;2022-03-03;C1187;CH3;Returned;CITY03;BF
O000865;2023-02-23;C1004;CH4;Completed;CITY11;
O000866;01/12/2025;C1002;CH1;Shipped;CITY05;
O000867;2023-08-23;C1167;CH2;Returned;CITY05;
O000868;13/12/2024;C1059;CH2;Pending;CITY06;
O000869;11/05/2024;C1237;CH5; Cancelled;CITY02;WELCOME
O000870;05/31/2025;C1261;CH1;Pending;CITY08;SUMMER
O000871;2023-10-17;C1286;CH1;Cancelled;CITY11;
O000872;21/01/2024;C1142;CH2;Returned;CITY10;
O000873;30/01/2025;C1024;CH4;Pending;CITY05;
O000874;05/09/2022;C1300;CH5;Completed;CITY09;
O000875;03/04/2025;C1072;CH3;Cancelled;CITY01;
O000876;2025-09-29;C1299;CH1;Shipped;CITY07;
O000877;10/04/2025;C1042;CH3;Returned;CITY04;
O000878;05/14/2024;C1071;CH2;Completed;CITY03;
O000879;08/06/2025;C1181;CH1;Cancelled;CITY09;
O000880;09/30/2023;C1309;CH4;Completed;CITY01;RAMADAN
O000881;2021-01-06;C1230;CH5;Returned;CITY05;SUMMER
O000882;2022-08-17;C1225;CH3;Cancelled;CITY10;SUMMER
O000883;09/11/2024;C1241;CH4;Completed;CITY09;WELCOME
O000884;2024-07-19;C1218;CH2;Pending;CITY08;
O000885;01/03/2021;C1125;CH4;Pending;CITY09;
O000886;09/17/2021;C1245;CH5;Pending;CITY11;
O000887;2025-11-09;C1112;CH3;Completed;CITY05;SUMMER
O000888;2023-12-20;C1225;CH5;Pending;CITY10;SUMMER
O000889;2022-11-01;C1196;CH5;Pending;CITY01;BF
O000890;09/09/2022;C1223;CH3;Completed;CITY08;
O000891;2024-11-30;C1335;CH1; Shipped;CITY09;
O000892;2023-09-27;C1204;CH4;Completed;CITY11;RAMADAN
O000893;05/17/2023;C1231;CH5; Shipped;CITY12;
O000894;2023-05-09;C1143;CH5;Completed;CITY10;SUMMER
O000895;2022-08-21;C1200;CH1;Shipped;CITY12;
O000896;06/05/2021;C1144;CH1;Pending;CITY09;
O000897;2022-12-23;C1258;CH1;Cancelled ;CITY07;
O000898;09/18/2023;C1052;CH4;Completed;CITY07;
O000899;09/21/2024;C1101;CH2;Shipped ;CITY06;
O000900;08/02/2022;C1081;CH4;Shipped;CITY12;
O000901;01/09/2021;C1103;CH1;Cancelled;CITY08;
O000902;2021-08-07;C1122;CH1;Returned;CITY01;
O000903;2021-10-15;C1163;CH2;Shipped;CITY10;
O000904;2023-09-29;C1110;CH1;Pending;CITY12;BF
O000905;2024-12-24;C1312;CH4;Pending;CITY07;
O000906;2024-07-02;C1102;CH2;Cancelled;CITY05;RAMADAN
O000907;17/11/2022;C1252;CH5;COMPLETED;CITY12;
O000908;2025-11-04;C1284;CH2;Cancelled;CITY04;
O000909;2022-05-12;C1258;CH4;Shipped;CITY03;WELCOME
O000910;09/28/2022;C1201;CH5;Pending;CITY03;BF
O000911;2021-06-26;C1301;CH1;Returned;CITY03;BF
O000912;27/04/2021;C1019;CH5;Completed;CITY02;
O000913;11/19/2022;C1142;CH1;Pending;CITY10;WELCOME
O000914;15/11/2023;C1042;CH2;Cancelled;CITY06;
O000915;01/18/2021;C1313;CH4;Shipped;CITY09;SUMMER
O000916;2025-02-11;C1182;CH1;Completed;CITY12;
O000917;01/12/2022;C1217;CH4;Shipped;CITY01;
O000918;07/14/2025;C1162;CH5;Returned;CITY08;
O000919;2022-11-07;C1247;CH5;Returned;CITY03;
O000920;2025-05-04;C1022;CH1;Returned;CITY11;
O000921;11/05/2021;C1329;CH5;Shipped;CITY03;
O000922;2024-05-23;C1107;CH1; Returned;CITY01;BF
O000923;2023-01-15;C1122;CH4;Pending;CITY08;WELCOME
O000924;2023-02-03;C1112;CH3;Pending;CITY07;
O000925;2025-09-01;C1253;CH2;Shipped;CITY06;
O000926;2022-09-08;C1124;CH4;Returned;CITY06;WELCOME
O000927;2021-12-19;C1308;CH2;Returned ;CITY12;BF
O000928;2021-02-17;C1336;CH2;RETURNED;CITY02;RAMADAN
O000929;04/02/2023;C1183;CH2;Shipped;CITY11;BF
O000930;16/06/2022;C1323;CH4;Completed;CITY02;
O000931;16/04/2025;C1213;CH2;Shipped;CITY08;
O000932;22/12/2021;C1217;CH1;Returned;CITY11;
O000933;06/20/2024;C1306;CH3;Completed;CITY05;
O000934;07/29/2022;C1117;CH5;Returned;CITY06;WELCOME
O000935;08/08/2021;C1126;CH3;Cancelled;CITY07;
O000936;21/12/2025;C1019;CH2;Returned;CITY02;
O000937;10/22/2025;C1082;CH5;Completed;CITY02;WELCOME
O000938;02/05/2025;C1013;CH3;Cancelled;CITY01;BF
O000939;01/13/2021;C1067;CH4;Returned;CITY01;RAMADAN
O000940;07/14/2022;C1208;CH4;Pending;CITY12;
O000941;11/01/2021;C1001;CH1;Cancelled;CITY04;
O000942;2024-05-14;C1006;CH4;Returned;CITY07;
O000943;25/07/2023;C1058;CH4;Cancelled;CITY01;
O000944;2023-01-11;C1132;CH3;Shipped;CITY06;
O000945;10/11/2024;C1345;CH5;Returned;CITY04;
O000946;2023-01-15;C1253;CH2;SHIPPED;CITY09;BF
O000947;2022-09-01;C1200;CH4;Cancelled;CITY01;SUMMER
O000948;07/02/2023;C1095;CH3;Returned;CITY09;
O000949;01/07/2021;C1014;CH3;Returned;CITY11;
O000950;09/16/2023;C1029;CH4;Pending;CITY05;
O000951;02/11/2021;C1044;CH5;Completed;CITY07;WELCOME
O000952;08/07/2021;C1251;CH1;Completed;CITY06;
O000953;07/18/2024;C1160;CH4;CANCELLED;CITY02;
O000954;01/07/2021;C1293;CH2;Returned;CITY10;
O000955;06/07/2021;C1240;CH5;Returned;CITY01;SUMMER
O000956;2023-10-29;C1115;CH3;Shipped;CITY11;
O000957;08/06/2021;C1093;CH2;Shipped;CITY07;
O000958;30/04/2025;C1240;CH5;Shipped;CITY10;WELCOME
O000959;2023-09-18;C1325;CH2;Pending;CITY07;
O000960;2024-11-19;C1069;CH1;Shipped;CITY01;
O000961;01/14/2022;C1120;CH4;Pending;CITY09;WELCOME
O000962;2023-06-19;C1210;CH3;Completed;CITY11;WELCOME
O000963;2022-09-30;C1325;CH2;Pending;CITY10;
O000964;03/14/2021;C1324;CH2;Cancelled;CITY10;
O000965;05/31/2024;C1346;CH1;Returned;CITY03;SUMMER
O000966;2024-10-13;C1264;CH5;Returned;CITY08;
O000967;2022-07-05;C1104;CH3;Completed;CITY09;
O000968;2024-05-15;C1049;CH4;Shipped;CITY09;
O000969;2022-08-07;C1312;CH4;Shipped;CITY10;
O000970;2024-06-26;C1225;CH1; Completed;CITY09;SUMMER
O000971;2024-02-27;C1349;CH2;Cancelled;CITY06;
O000972;05/10/2021;C1135;CH2;Returned;CITY09;
O000973;2025-11-27;C1154;CH5;Completed;CITY09;
O000974;01/04/2021;C1150;CH5;Pending;CITY08;
O000975;2023-04-06;C1260;CH5;Shipped;CITY02;
O000976;20/12/2025;C1228;CH3;Pending;CITY07;RAMADAN
O000977;2025-05-24;C1253;CH3;Returned;CITY05;
O000978;2023-05-10;C1285;CH4; Pending;CITY08;
O000979;2025-04-19;C1106;CH2;Completed;CITY11;
O000980;2024-09-02;C1336;CH4;Pending;CITY11;RAMADAN
O000981;2025-09-04;C1160;CH1;Completed;CITY09;RAMADAN
O000982;2025-01-15;C1236;CH5;Shipped;CITY07;
O000983;2025-10-18;C1008;CH3;Pending;CITY09;
O000984;2022-09-22;C1230;CH2;Cancelled;CITY08;
O000985;05/23/2025;C1258;CH4;Cancelled;CITY12;
O000986;2024-07-30;C1085;CH1;Shipped;CITY10;
O000987;18/04/2024;C1112;CH3;Returned;CITY12;WELCOME
O000988;07/30/2021;C1311;CH3;Returned;CITY01;
O000989;29/08/2022;C1205;CH1;Cancelled;CITY06;
O000990;2023-06-23;C1272;CH1;Completed;CITY12;
O000991;2022-11-30;C1078;CH1;Shipped;CITY12;
O000992;11/24/2021;C1340;CH3;Cancelled;CITY03;BF
O000993;2021-10-27;C1015;CH5;Cancelled;CITY12;WELCOME
O000994;02/03/2024;C1321;CH4;Completed;CITY01;BF
O000995;2022-01-17;C1022;CH3;Returned;CITY12;RAMADAN
O000996;2021-03-27;C1296;CH1;Pending;CITY12;
O000997;2025-01-30;C1195;CH3;Shipped;CITY04;
O000998;26/06/2025;C1099;CH5; Shipped;CITY10;SUMMER
O000999;01/10/2025;C1291;CH3;Pending ;CITY05;BF
O001000;15/02/2025;C1209;CH4;Cancelled;CITY12;
O001001;11/23/2025;C1081;CH5;Cancelled;CITY02;
O001002;2024-08-01;C1253;CH5;Completed;CITY09;
O001003;2022-12-07;C1168;CH5;Cancelled;CITY05;
O001004;15/09/2025;C1333;CH1;Returned;CITY04;SUMMER
O001005;15/07/2025;C1025;CH5;Cancelled;CITY01;
O001006;09/16/2021;C1268;CH3;Returned;CITY11;
O001007;02/07/2022;C1153;CH5;Completed ;CITY04;BF
O001008;03/16/2023;C1020;CH5;Shipped;CITY07;
O001009;12/26/2024;C1271;CH3;Shipped;CITY03;
O001010;2023-07-19;C1174;CH3;Returned;CITY07;
O001011;24/07/2023;C1247;CH3;Pending ;CITY05;
O001012;2022-07-12;C1225;CH4;Shipped;CITY01;
O001013;20/11/2022;C1210;CH5;Cancelled;CITY10;SUMMER
O001014;2023-08-14;C1063;CH1;Completed;CITY08;BF
O001015;2023-04-02;C1130;CH1;Cancelled;CITY11;
O001016;2023-09-23;C1306;CH3;Shipped;CITY07;
O001017;2024-10-03;C1302;CH4;Cancelled;CITY12;
O001018;2021-02-22;C1097;CH5;Shipped;CITY10;WELCOME
O001019;2024-01-18;C1221;CH5;Cancelled;CITY02;BF
O001020;12/24/2022;C1101;CH4;Shipped;CITY06;
O001021;14/03/2022;C1118;CH3;Completed;CITY05;
O001022;23/11/2024;C1137;CH5;Completed;CITY11;WELCOME
O001023;2022-05-01;C1241;CH5;Pending;CITY09;
O001024;09/23/2025;C1170;CH5;Pending;CITY08;SUMMER
O001025;2023-07-11;C1096;CH5;Completed;CITY09;
O001026;2022-07-01;C1030;CH1;Completed;CITY07;
O001027;2021-01-06;C1247;CH4;Shipped;CITY03;
O001028;24/10/2023;C1199;CH5;Cancelled ;CITY03;BF
O001029;06/01/2024;C1349;CH1;Shipped;CITY10;WELCOME
O001030;2024-02-19;C1293;CH1;Cancelled;CITY07;BF
O001031;12/23/2021;C1057;CH4;Returned;CITY12;
O001032;09/01/2021;C1209;CH3;Shipped;CITY02;
O001033;01/23/2022;C1044;CH5;Pending;CITY08;
O001034;2023-10-22;C1231;CH1;Returned;CITY12;
O001035;2023-02-28;C1286;CH3;Completed;CITY07;
O001036;2025-04-07;C1121;CH1;Cancelled;CITY07;
O001037;07/12/2022;C1198;CH1;Pending;CITY08;
O001038;2023-05-07;C1174;CH4;Cancelled;CITY03;BF
O001039;2023-12-19;C1178;CH4;Completed;CITY12;
O001040;03/12/2024;C1289;CH4;Cancelled;CITY03;
O001041;14/04/2023;C1276;CH2;Pending;CITY04;WELCOME
O001042;28/03/2023;C1313;CH3;Cancelled;CITY07;SUMMER
O001043;31/03/2024;C1323;CH5;Completed;CITY05;
O001044;10/09/2023;C1285;CH4;Returned;CITY01;
O001045;2024-03-04;C1268;CH4;Cancelled;CITY12;
O001046;25/05/2023;C1004;CH2;Cancelled;CITY01;
O001047;18/06/2021;C1250;CH3;Pending;CITY05;
O001048;17/05/2025;C1050;CH3;Cancelled;CITY05;
O001049;2023-11-06;C1252;CH2;Cancelled;CITY12;
O001050;2021-06-04;C1137;CH5;Pending;CITY08;
O001051;12/19/2022;C1037;CH5;Cancelled ;CITY09;
O001052;04/30/2024;C1052;CH3;Returned;CITY06;
O001053;2022-09-12;C1056;CH3;Cancelled;CITY04;
O001054;2024-12-21;C1236;CH4;Cancelled;CITY11;
O001055;2025-03-22;C1157;CH2;Returned;CITY03;
O001056;2024-04-05;C1214;CH1;Completed;CITY10;
O001057;03/09/2021;C1113;CH4;Returned;CITY12;SUMMER
O001058;08/06/2025;C1093;CH4;Pending;CITY06;
O001059;2024-06-04;C1270;CH3;Shipped;CITY09;RAMADAN
O001060;06/03/2023;C1083;CH3;Shipped;CITY01;WELCOME
O001061;2022-09-09;C1074;CH4;Returned;CITY06;
O001062;13/02/2025;C1221;CH4;Pending;CITY04;
O001063;2021-12-24;C1262;CH4;Returned;CITY04;
O001064;05/17/2023;C1158;CH1;Cancelled;CITY05;WELCOME
O001065;19/01/2023;C1182;CH3;Returned;CITY05;
O001066;2025-10-19;C1044;CH2;Pending;CITY08;
O001067;2025-04-10;C1035;CH5;Shipped;CITY06;
O001068;2022-05-19;C1008;CH4;Completed;CITY02;
O001069;19/09/2022;C1097;CH2; Shipped;CITY10;
O001070;2025-08-30;C1262;CH5;Returned;CITY01;SUMMER
O001071;2023-05-12;C1305;CH1;Pending;CITY06;BF
O001072;07/28/2023;C1107;CH3;Shipped;CITY12;WELCOME
O001073;2022-08-05;C1311;CH5;Cancelled;CITY07;
O001074;2025-04-12;C1251;CH1;Completed;CITY06;
O001075;05/07/2022;C1240;CH4;Shipped;CITY02;
O001076;2022-11-22;C1164;CH1;Completed;CITY01;
O001077;2022-05-01;C1266;CH5;Shipped;CITY04;
O001078;2021-08-06;C1224;CH5;Returned;CITY05;BF
O001079;07/16/2023;C1167;CH4; Completed;CITY03;RAMADAN
O001080;24/11/2023;C1322;CH2;Returned;CITY07;
O001081;08/29/2023;C1200;CH5;Pending;CITY05;
O001082;16/05/2022;C1236;CH2;Shipped ;CITY02;WELCOME
O001083;22/05/2024;C1127;CH5; Shipped;CITY08;WELCOME
O001084;08/16/2022;C1032;CH1;Cancelled;CITY02;
O001085;2025-06-11;C1024;CH4;Shipped;CITY08;
O001086;04/15/2025;C1078;CH4;Pending;CITY01;BF
O001087;05/21/2022;C1311;CH1;Cancelled;CITY03;BF
O001088;10/12/2024;C1330;CH5;Completed;CITY11;
O001089;2023-11-08;C1129;CH5;Completed;CITY07;
O001090;2024-05-04;C1101;CH2;Completed;CITY02;
O001091;2023-07-06;C1143;CH2;Cancelled;CITY11;
O001092;30/11/2025;C1028;CH3;Returned;CITY07;BF
O001093;2022-03-20;C1290;CH3;Shipped;CITY08;RAMADAN
O001094;2024-02-08;C1232;CH1;Pending;CITY04;WELCOME
O001095;09/12/2025;C1062;CH4;Cancelled;CITY10;
O001096;2023-01-09;C1248;CH1;Cancelled;CITY03;BF
O001097;05/22/2024;C1332;CH1; Pending;CITY01;
O001098;2022-01-30;C1287;CH3;Pending;CITY09;
O001099;2025-09-01;C1293;CH5;Completed;CITY12;
O001100;2021-05-24;C1310;CH2;Cancelled;CITY09;RAMADAN
O001101;30/07/2024;C1322;CH2;Completed;CITY02;BF
O001102;31/12/2024;C1292;CH2;Cancelled;CITY09;RAMADAN
O001103;2025-04-09;C1131;CH3;Pending;CITY04;BF
O001104;2024-12-01;C1085;CH4;Returned;CITY06;
O001105;2023-03-21;C1011;CH2;Cancelled;CITY09;
O001106;2023-09-29;C1296;CH3;Pending ;CITY05;
O001107;2021-10-31;C1181;CH4;Shipped;CITY06;
O001108;11/14/2023;C1238;CH2;Cancelled;CITY11;
O001109;01/12/2022;C1001;CH4; Cancelled;CITY01;
O001110;07/02/2021;C1186;CH1;Completed;CITY09;SUMMER
O001111;2021-03-20;C1078;CH5; Cancelled;CITY11;RAMADAN
O001112;2022-03-29;C1063;CH4;Shipped;CITY12;
O001113;2022-08-18;C1169;CH5;COMPLETED;CITY08;
O001114;09/08/2021;C1168;CH2;Pending;CITY03;RAMADAN
O001115;11/28/2022;C1346;CH2;Returned;CITY02;SUMMER
O001116;2022-07-20;C1272;CH5;Completed;CITY06;
O001117;04/03/2021;C1166;CH3;Returned;CITY10;
O001118;2025-04-03;C1169;CH4;Shipped;CITY06;
O001119;02/16/2023;C1267;CH5;Shipped ;CITY08;BF
O001120;2022-07-30;C1199;CH1;Completed;CITY10;
O001121;2023-11-16;C1333;CH1;Returned;CITY10;
O001122;2025-05-21;C1141;CH3;Shipped;CITY05;
O001123;2022-08-07;C1334;CH2;Pending;CITY10;WELCOME
O001124;2024-07-07;C1326;CH5;Completed;CITY10;
O001125;04/27/2021;C1226;CH1;Shipped;CITY11;
O001126;01/26/2022;C1101;CH5;Pending;CITY07;
O001127;2022-05-03;C1160;CH3;Completed;CITY10;
O001128;2022-10-05;C1188;CH3;Shipped;CITY03;
O001129;2025-06-25;C1200;CH1;Cancelled;CITY11;
O001130;17/01/2023;C1197;CH3;Pending;CITY11;WELCOME
O001131;2025-06-14;C1110;CH2;Cancelled;CITY10;
O001132;11/03/2021;C1031;CH5;Shipped;CITY07;
O001133;2021-12-02;C1058;CH4;Cancelled;CITY11;RAMADAN
O001134;2022-04-05;C1012;CH4;Completed;CITY01;
O001135;2023-10-03;C1277;CH5;Shipped;CITY03;
O001136;2023-05-02;C1214;CH3;Returned;CITY05;
O001137;2021-01-29;C1226;CH1;Returned;CITY08;WELCOME
O001138;18/06/2025;C1306;CH2;Returned;CITY11;WELCOME
O001139;2025-11-17;C1295;CH3;Completed;CITY02;RAMADAN
O001140;2021-01-06;C1060;CH4;Completed;CITY07;BF
O001141;2021-04-30;C1145;CH2;Cancelled;CITY12;
O001142;02/02/2023;C1024;CH2;Pending;CITY11;RAMADAN
O001143;2022-10-21;C1304;CH4;Pending;CITY03;BF
O001144;05/04/2022;C1234;CH5;Cancelled;CITY07;
O001145;2023-11-24;C1260;CH1;Pending;CITY01;RAMADAN
O001146;2023-02-05;C1124;CH3;Cancelled;CITY02;
O001147;2023-11-14;C1312;CH5;Pending;CITY04;SUMMER
O001148;2024-09-19;C1068;CH1;Pending;CITY03;
O001149;27/08/2022;C1089;CH5;Cancelled;CITY09;SUMMER
O001150;06/26/2024;C1092;CH4;Shipped;CITY09;
O001151;01/18/2025;C1297;CH2;Shipped;CITY10;
O001152;2024-05-22;C1124;CH4;Pending;CITY06;
O001153;15/02/2023;C1017;CH2;Cancelled;CITY01;RAMADAN
O001154;2023-05-07;C1096;CH1;Completed;CITY12;
O001155;2023-11-18;C1205;CH4;Cancelled;CITY05;
O001156;09/19/2024;C1267;CH5;Shipped;CITY06;
O001157;07/27/2025;C1315;CH5;Returned;CITY12;
O001158;2024-01-22;C1199;CH2;Shipped;CITY06;
O001159;08/15/2025;C1113;CH3;Pending;CITY11;
O001160;11/27/2022;C1271;CH3;Returned;CITY08;RAMADAN
O001161;11/10/2022;C1175;CH3;Pending;CITY12;RAMADAN
O001162;2022-04-22;C1270;CH4;Pending;CITY05;
O001163;2022-12-23;C1273;CH4; Shipped;CITY03;RAMADAN
O001164;2022-02-27;C1030;CH1;Cancelled;CITY04;
O001165;12/30/2022;C1217;CH5;Returned ;CITY02;
O001166;10/30/2022;C1206;CH4;Completed;CITY03;
O001167;2022-12-25;C1253;CH3;Returned;CITY06;WELCOME
O001168;2021-06-02;C1286;CH2;Returned;CITY03;
O001169;2021-07-17;C1034;CH5;CANCELLED;CITY08;SUMMER
O001170;09/07/2022;C1029;CH2;Pending;CITY02;RAMADAN
O001171;12/08/2025;C1282;CH1;Pending;CITY08;
O001172;22/02/2022;C1154;CH2;Pending;CITY02;
O001173;10/27/2023;C1042;CH2;COMPLETED;CITY09;
O001174;17/11/2023;C1078;CH1;Cancelled;CITY12;
O001175;11/15/2024;C1280;CH5;Completed;CITY08;
O001176;2024-04-28;C1188;CH4;Completed;CITY09;BF
O001177;07/09/2025;C1100;CH4;Returned;CITY11;
O001178;10/30/2025;C1070;CH2;Cancelled;CITY02;
O001179;05/27/2022;C1093;CH2;Pending;CITY07;SUMMER
O001180;2024-01-15;C1072;CH3;Returned;CITY06;
O001181;05/28/2023;C1253;CH5;Returned;CITY04;BF
O001182;2023-04-27;C1215;CH3;Returned;CITY05;
O001183;2021-01-10;C1262;CH1;Completed;CITY02;
O001184;03/30/2023;C1011;CH3;Pending;CITY06;
O001185;2025-10-02;C1290;CH3;Shipped;CITY01;
O001186;2025-03-04;C1106;CH4;Returned;CITY01;
O001187;2025-10-20;C1009;CH2;Pending;CITY05;RAMADAN
O001188;2022-06-07;C1145;CH5;Shipped;CITY02;BF
O001189;2023-08-03;C1296;CH3;Pending;CITY02;BF
O001190;19/02/2025;C1122;CH1;Pending;CITY10;
O001191;06/01/2025;C1277;CH2;Cancelled;CITY08;SUMMER
O001192;2023-11-27;C1286;CH2;Completed;CITY08;WELCOME
O001193;31/07/2021;C1298;CH5;Cancelled ;CITY05;RAMADAN
O001194;2022-08-22;C1286;CH4; Shipped;CITY02;
O001195;12/06/2024;C1209;CH4;Shipped;CITY06;
O001196;26/08/2025;C1007;CH2; Shipped;CITY01;
O001197;2025-06-28;C1017;CH5;Returned;CITY03;
O001198;2023-08-23;C1202;CH3;PENDING;CITY09;
O001199;09/27/2025;C1199;CH3;Pending;CITY04;
O001200;2021-10-28;C1331;CH2;Pending;CITY02;
O001201;11/03/2021;C1272;CH3;Shipped;CITY08;RAMADAN
O001202;15/01/2021;C1278;CH5;Pending;CITY01;RAMADAN
O001203;12/29/2023;C1143;CH3;Shipped;CITY11;BF
O001204;05/09/2023;C1215;CH5;Shipped;CITY11;
O001205;24/10/2022;C1105;CH2;Shipped;CITY09;SUMMER
O001206;21/11/2024;C1190;CH1;Cancelled;CITY10;BF
O001207;06/04/2023;C1330;CH4;Cancelled;CITY02;SUMMER
O001208;29/10/2022;C1180;CH5;Shipped;CITY04;
O001209;2022-02-11;C1038;CH4;Completed;CITY03;
O001210;2022-02-24;C1095;CH2;Cancelled;CITY10;
O001211;12/03/2025;C1226;CH2;Cancelled;CITY08;
O001212;31/05/2025;C1315;CH1;Returned;CITY05;SUMMER
O001213;05/03/2025;C1166;CH2;Returned;CITY07;
O001214;07/01/2023;C1140;CH2;Pending;CITY09;SUMMER
O001215;09/03/2022;C1118;CH3;Pending;CITY02;RAMADAN
O001216;11/03/2022;C1244;CH4;Pending;CITY10;WELCOME
O001217;01/28/2025;C1294;CH4;Pending;CITY12;
O001218;2025-01-03;C1338;CH4;Completed;CITY06;WELCOME
O001219;21/05/2021;C1094;CH3;Pending;CITY02;
O001220;2023-12-27;C1224;CH1;Returned;CITY08;
O001221;11/04/2025;C1099;CH3;Returned;CITY05;WELCOME
O001222;2022-06-07;C1276;CH1;Shipped;CITY03;BF
O001223;2024-10-11;C1047;CH2;Completed;CITY11;
O001224;10/27/2022;C1182;CH5;Returned;CITY03;
O001225;2024-07-20;C1055;CH5;Shipped;CITY06;
O001226;2025-05-29;C1140;CH1;Returned;CITY07;WELCOME
O001227;2022-06-24;C1143;CH5; Pending;CITY11;SUMMER
O001228;05/30/2024;C1140;CH1;Pending;CITY05;
O001229;2025-10-21;C1146;CH4;Cancelled;CITY08;SUMMER
O001230;2023-06-11;C1004;CH2;Pending;CITY07;
O001231;10/23/2022;C1075;CH3;Cancelled;CITY12;BF
O001232;2022-01-04;C1055;CH3;Completed;CITY06;
O001233;08/14/2022;C1339;CH2;Cancelled;CITY02;WELCOME
O001234;12/07/2025;C1275;CH4;Returned;CITY04;BF
O001235;26/10/2023;C1055;CH1;Completed;CITY05;RAMADAN
O001236;2022-03-13;C1153;CH5;Returned;CITY08;
O001237;2021-04-05;C1127;CH3;Pending;CITY03;
O001238;2022-09-05;C1164;CH5;Shipped ;CITY11;
O001239;03/23/2023;C1065;CH1;Completed;CITY02;SUMMER
O001240;2024-12-20;C1236;CH3;Pending;CITY10;
O001241;2025-09-21;C1315;CH4;COMPLETED;CITY04;
O001242;2023-11-15;C1206;CH1;Cancelled;CITY08;
O001243;07/12/2025;C1224;CH1;Pending;CITY05;
O001244;2023-02-13;C1071;CH2;Returned;CITY03;
O001245;2024-08-11;C1300;CH4;Returned;CITY07;BF
O001246;2025-10-28;C1221;CH3;Completed;CITY01;BF
O001247;2024-04-01;C1179;CH3;Returned;CITY05;
O001248;2021-12-30;C1250;CH4;Shipped;CITY06;
O001249;2025-10-17;C1066;CH2;Cancelled;CITY08;
O001250;23/09/2022;C1144;CH2;Cancelled;CITY03;
O001251;2023-08-04;C1341;CH2;Shipped;CITY07;
O001252;2024-03-08;C1289;CH4;Cancelled;CITY08;WELCOME
O001253;02/04/2025;C1211;CH1;Returned;CITY09;
O001254;2021-04-15;C1086;CH4;Cancelled;CITY11;BF
O001255;16/12/2022;C1181;CH2;Pending;CITY11;WELCOME
O001256;2022-10-07;C1116;CH5;Pending;CITY06;
O001257;23/05/2022;C1208;CH5;Shipped;CITY12;SUMMER
O001258;2022-03-24;C1090;CH3;Completed;CITY03;
O001259;2022-06-30;C1201;CH4;Completed;CITY03;
O001260;28/10/2024;C1305;CH3;Completed;CITY08;
O001261;10/18/2025;C1174;CH1;Pending;CITY03;
O001262;05/05/2022;C1204;CH1;Cancelled;CITY08;
O001263;2025-09-27;C1328;CH3;Completed;CITY01;
O001264;2024-09-13;C1145;CH1;Pending;CITY03;
O001265;2025-07-04;C1131;CH2;Completed;CITY12;
O001266;07/05/2024;C1017;CH4;Pending;CITY06;
O001267;05/19/2022;C1183;CH4;Pending;CITY01;
O001268;2021-09-20;C1102;CH1;Returned;CITY12;BF
O001269;2022-03-22;C1264;CH3;Shipped;CITY04;
O001270;09/23/2023;C1074;CH2;Returned;CITY03;
O001271;21/11/2022;C1173;CH5;Completed;CITY07;
O001272;18/12/2025;C1166;CH1;Returned;CITY07;
O001273;25/10/2025;C1031;CH5;Cancelled;CITY06;
O001274;09/16/2023;C1305;CH4; Returned;CITY05;SUMMER
O001275;2024-04-15;C1113;CH3;Completed;CITY08;SUMMER
O001276;2023-03-25;C1184;CH2;Completed;CITY02;
O001277;09/09/2021;C1217;CH5;Cancelled;CITY11;BF
O001278;29/08/2023;C1045;CH3;Pending;CITY03;WELCOME
O001279;2025-06-07;C1282;CH2;Returned ;CITY04;
O001280;25/09/2024;C1342;CH2;Returned;CITY11;
O001281;16/01/2022;C1150;CH2;Shipped;CITY12;
O001282;2023-04-13;C1122;CH4;Returned;CITY11;
O001283;2022-05-26;C1047;CH3;Pending;CITY03;RAMADAN
O001284;2023-03-11;C1214;CH5;Completed;CITY09;RAMADAN
O001285;2024-10-15;C1032;CH2;Returned;CITY09;
O001286;2025-08-18;C1235;CH5;Shipped;CITY06;
O001287;12/06/2021;C1239;CH1;Pending;CITY06;RAMADAN
O001288;10/30/2022;C1042;CH5;Completed;CITY11;WELCOME
O001289;2023-05-17;C1210;CH2;Cancelled;CITY12;WELCOME
O001290;09/17/2021;C1308;CH1;Returned;CITY11;
O001291;04/02/2021;C1159;CH1;Shipped;CITY06;
O001292;2022-05-05;C1079;CH1;Pending;CITY05;RAMADAN
O001293;2022-11-27;C1261;CH1;Shipped;CITY06;
O001294;23/05/2023;C1296;CH1;Pending;CITY03;WELCOME
O001295;2025-06-26;C1096;CH5;Cancelled;CITY06;
O001296;2023-04-25;C1270;CH3;Pending;CITY12;
O001297;01/25/2022;C1145;CH4;Pending;CITY04;
O001298;03/08/2024;C1331;CH2;Completed;CITY12;
O001299;11/02/2025;C1108;CH5;SHIPPED;CITY09;
O001300;11/12/2024;C1288;CH2;Completed;CITY11;SUMMER
O001301;01/03/2023;C1179;CH3;Pending;CITY04;
O001302;04/22/2023;C1013;CH2;Shipped;CITY02;
O001303;22/04/2024;C1142;CH5;Completed;CITY01;WELCOME
O001304;2021-10-02;C1197;CH5;Cancelled;CITY06;BF
O001305;24/02/2022;C1188;CH4;Cancelled;CITY12;BF
O001306;02/05/2025;C1057;CH4;Shipped;CITY05;
O001307;2025-03-20;C1063;CH2;Pending;CITY10;
O001308;10/21/2024;C1019;CH2;Completed;CITY04;
O001309;2025-05-08;C1281;CH4;Pending;CITY09;
O001310;2024-11-05;C1224;CH3;Completed;CITY08;BF
O001311;2022-12-22;C1016;CH5;Cancelled;CITY10;
O001312;14/04/2023;C1274;CH4;Shipped;CITY06;
O001313;12/16/2022;C1142;CH5;Cancelled;CITY09;
O001314;2025-01-07;C1255;CH1;Cancelled;CITY11;WELCOME
O001315;03/12/2024;C1145;CH1;Shipped;CITY04;
O001316;2021-08-10;C1200;CH2;Pending;CITY12;WELCOME
O001317;2023-11-20;C1021;CH5;Pending;CITY09;
O001318;05/11/2022;C1220;CH3;Returned;CITY11;SUMMER
O001319;2023-10-29;C1057;CH3;Completed;CITY09;SUMMER
O001320;2025-12-28;C1021;CH2;Completed;CITY12;
O001321;2024-05-27;C1052;CH4;Pending;CITY02;
O001322;07/29/2021;C1183;CH4;Returned;CITY05;
O001323;2023-09-04;C1041;CH2; Cancelled;CITY05;
O001324;2024-12-21;C1202;CH4;Pending ;CITY08;BF
O001325;12/02/2024;C1018;CH3; Completed;CITY10;BF
O001326;04/30/2024;C1091;CH4;Shipped;CITY04;
O001327;10/05/2024;C1320;CH2;Shipped;CITY08;
O001328;2024-10-28;C1296;CH5;Cancelled;CITY04;SUMMER
O001329;21/01/2025;C1285;CH5;Pending;CITY10;
O001330;2024-02-06;C1143;CH3;Pending;CITY10;
O001331;23/02/2021;C1305;CH4;Shipped;CITY07;
O001332;05/10/2023;C1249;CH5;Shipped;CITY04;
O001333;25/05/2021;C1082;CH4;Pending;CITY08;
O001334;2024-10-10;C1013;CH1;Cancelled;CITY01;RAMADAN
O001335;2021-04-04;C1068;CH5;Pending;CITY09;
O001336;28/07/2022;C1096;CH3;Shipped;CITY05;
O001337;2024-03-15;C1155;CH2;Completed;CITY03;RAMADAN
O001338;2023-10-03;C1216;CH4;Shipped;CITY09;
O001339;03/27/2021;C1142;CH5;Shipped;CITY10;
O001340;23/05/2022;C1320;CH1;Pending;CITY06;
O001341;2022-04-12;C1264;CH3;Shipped;CITY01;BF
O001342;2023-01-06;C1349;CH3;Pending;CITY05;
O001343;2025-05-16;C1071;CH1; Pending;CITY08;WELCOME
O001344;22/11/2024;C1159;CH5;Shipped;CITY05;
O001345;2025-05-14;C1007;CH2;Cancelled;CITY12;SUMMER
O001346;2024-05-15;C1347;CH1;Cancelled;CITY04;
O001347;04/08/2021;C1348;CH2;COMPLETED;CITY05;
O001348;07/12/2021;C1237;CH3;RETURNED;CITY01;
O001349;2022-06-13;C1055;CH1;Completed;CITY01;
O001350;12/28/2021;C1038;CH3;Pending;CITY08;RAMADAN
O001351;2022-07-08;C1072;CH4;Completed;CITY06;
O001352;06/25/2025;C1098;CH2;Cancelled;CITY06;
O001353;2022-10-10;C1023;CH4;RETURNED;CITY11;BF
O001354;2024-03-04;C1199;CH3;Returned;CITY01;
O001355;05/28/2025;C1287;CH3;Pending;CITY02;
O001356;10/17/2021;C1323;CH3; Shipped;CITY03;SUMMER
O001357;2021-05-01;C1332;CH2;Returned;CITY09;
O001358;2022-11-20;C1156;CH5;Pending;CITY12;
O001359;09/29/2021;C1074;CH3;Completed;CITY07;
O001360;2022-11-20;C1339;CH3;COMPLETED;CITY09;WELCOME
O001361;2024-10-22;C1325;CH3;Returned;CITY09;
O001362;05/30/2024;C1214;CH5;Cancelled ;CITY01;
O001363;10/01/2023;C1182;CH4;Cancelled;CITY01;
O001364;2023-07-10;C1116;CH1;Cancelled;CITY05;WELCOME
O001365;02/26/2021;C1287;CH4;Completed;CITY10;
O001366;2022-12-20;C1058;CH4;Pending;CITY03;
O001367;07/04/2021;C1227;CH5;Returned;CITY12;
O001368;2022-11-26;C1053;CH5;Completed;CITY05;RAMADAN
O001369;2024-05-23;C1103;CH5;Pending;CITY12;
O001370;2022-07-09;C1317;CH1;Completed ;CITY07;BF
O001371;2024-03-23;C1108;CH1;Shipped;CITY10;
O001372;2023-02-04;C1201;CH5;Cancelled;CITY03;WELCOME
O001373;2022-01-14;C1037;CH2; Cancelled;CITY08;
O001374;28/11/2025;C1170;CH4;Returned;CITY12;
O001375;2025-11-09;C1225;CH1;Shipped;CITY08;SUMMER
O001376;03/02/2025;C1338;CH4;Pending;CITY09;
O001377;2023-05-29;C1062;CH5;Cancelled;CITY05;
O001378;10/07/2021;C1104;CH2;Returned;CITY03;
O001379;2025-05-18;C1179;CH4;Shipped;CITY11;
O001380;2023-10-04;C1341;CH4;Shipped;CITY07;
O001381;2022-01-14;C1036;CH4;Pending ;CITY09;
O001382;2025-05-24;C1347;CH2;Returned;CITY01;BF
O001383;07/02/2021;C1278;CH2;Returned;CITY01;
O001384;2022-12-04;C1267;CH4;Pending;CITY03;
O001385;2024-03-17;C1279;CH2;Returned;CITY06;SUMMER
O001386;11/01/2022;C1349;CH4;Completed;CITY10;WELCOME
O001387;2025-09-10;C1059;CH4;Returned;CITY12;
O001388;23/10/2024;C1317;CH3;Cancelled;CITY11;
O001389;2023-05-05;C1093;CH2;COMPLETED;CITY04;RAMADAN
O001390;10/08/2024;C1253;CH3;Pending;CITY05;WELCOME
O001391;06/04/2025;C1307;CH2;Cancelled;CITY10;
O001392;2024-12-09;C1123;CH2;Shipped;CITY07;
O001393;2023-04-13;C1219;CH1;Pending;CITY10;RAMADAN
O001394;07/27/2024;C1127;CH5;Completed;CITY12;
O001395;31/10/2021;C1226;CH3;Returned;CITY06;BF
O001396;12/30/2021;C1017;CH4;Pending;CITY05;
O001397;11/14/2024;C1003;CH1;Shipped;CITY08;BF
O001398;26/04/2021;C1308;CH2;Cancelled;CITY01;
O001399;2023-07-03;C1169;CH3;Shipped;CITY03;
O001400;16/11/2022;C1151;CH4;Cancelled;CITY04;SUMMER
O001401;2023-01-06;C1289;CH3;Returned;CITY01;RAMADAN
O001402;10/30/2022;C1047;CH3;Pending;CITY12;
O001403;06/07/2025;C1249;CH2;Cancelled;CITY10;
O001404;2024-03-08;C1201;CH2;Returned;CITY11;
O001405;14/04/2021;C1224;CH5;Cancelled;CITY07;BF
O001406;2021-12-05;C1292;CH4;Cancelled;CITY03;RAMADAN
O001407;30/01/2025;C1349;CH3;Shipped;CITY04;SUMMER
O001408;2025-04-01;C1266;CH5;Shipped;CITY05;SUMMER
O001409;09/28/2024;C1153;CH3;Completed;CITY11;RAMADAN
O001410;06/07/2021;C1344;CH2;Cancelled;CITY04;
O001411;2024-07-28;C1111;CH1;Pending;CITY02;
O001412;04/10/2025;C1125;CH1;Shipped;CITY10;
O001413;2025-09-23;C1108;CH2;Pending;CITY04;
O001414;2021-10-16;C1272;CH2;Completed;CITY04;
O001415;2022-01-18;C1230;CH4;Cancelled;CITY03;
O001416;2023-10-09;C1347;CH1;Completed;CITY09;
O001417;2023-06-26;C1119;CH1;Cancelled;CITY02;BF
O001418;06/07/2023;C1165;CH3;Completed;CITY09;
O001419;2022-07-13;C1337;CH3;Completed;CITY06;
O001420;01/10/2025;C1280;CH2; Cancelled;CITY03;WELCOME
O001421;2022-10-07;C1032;CH1;Shipped;CITY08;WELCOME
O001422;2025-08-26;C1028;CH4; Returned;CITY11;WELCOME
O001423;2025-02-20;C1014;CH1; Shipped;CITY08;
O001424;31/05/2022;C1179;CH2;Pending;CITY08;
O001425;2025-05-25;C1120;CH3;Returned;CITY10;
O001426;03/24/2024;C1257;CH4;Shipped;CITY05;
O001427;2024-09-16;C1232;CH4;Cancelled;CITY06;RAMADAN
O001428;07/08/2021;C1191;CH4;Cancelled;CITY03;
O001429;2023-01-14;C1060;CH3;Cancelled;CITY02;
O001430;2023-02-15;C1121;CH5;Completed;CITY02;WELCOME
O001431;2023-02-07;C1330;CH5;Completed;CITY08;SUMMER
O001432;2025-07-23;C1285;CH2;Pending;CITY01;
O001433;05/07/2022;C1323;CH4;Completed;CITY07;WELCOME
O001434;20/05/2023;C1039;CH3;SHIPPED;CITY02;
O001435;2021-12-05;C1285;CH5;Returned;CITY04;
O001436;08/10/2025;C1236;CH5;Shipped;CITY11;
O001437;2021-12-14;C1126;CH5;Shipped ;CITY03;
O001438;28/11/2022;C1160;CH4;Shipped;CITY11;
O001439;2025-02-03;C1344;CH5;Completed;CITY04;
O001440;17/10/2025;C1316;CH4;Cancelled;CITY07;WELCOME
O001441;2021-08-01;C1269;CH1;Cancelled;CITY01;
O001442;2025-05-04;C1165;CH4;Cancelled;CITY12;SUMMER
O001443;2025-07-08;C1166;CH2;Cancelled;CITY03;
O001444;2025-04-05;C1045;CH3;Returned;CITY07;
O001445;2021-05-25;C1159;CH2;Shipped;CITY09;
O001446;2024-05-20;C1096;CH2;Returned ;CITY10;
O001447;2021-04-22;C1340;CH2;Completed;CITY08;
O001448;2023-07-21;C1122;CH4;Pending;CITY06;
O001449;08/12/2025;C1025;CH5;Returned;CITY04;RAMADAN
O001450;10/08/2023;C1011;CH2;Shipped;CITY07;
O001451;02/13/2025;C1130;CH2;Shipped;CITY08;
O001452;02/06/2023;C1279;CH2;Returned;CITY02;
O001453;2022-05-30;C1164;CH2;Cancelled;CITY02;
O001454;2025-04-10;C1249;CH5;Pending;CITY05;
O001455;28/04/2021;C1158;CH1;Shipped;CITY11;
O001456;2023-09-13;C1165;CH2;Shipped;CITY09;RAMADAN
O001457;19/11/2024;C1166;CH3;Shipped;CITY07;
O001458;2021-08-27;C1036;CH2;Cancelled;CITY03;
O001459;2025-09-28;C1159;CH5;Shipped;CITY08;
O001460;2025-07-25;C1288;CH1;Shipped;CITY02;
O001461;2024-09-28;C1177;CH2; Shipped;CITY04;
O001462;2025-06-28;C1033;CH1;Pending;CITY01;RAMADAN
O001463;2022-02-28;C1166;CH2;Cancelled;CITY02;
O001464;2021-10-12;C1338;CH1;Returned;CITY02;
O001465;03/15/2023;C1333;CH5;Pending;CITY04;
O001466;02/09/2025;C1115;CH4;Pending;CITY11;WELCOME
O001467;2021-04-08;C1127;CH1;Pending;CITY08;
O001468;01/09/2021;C1037;CH3;Completed;CITY07;
O001469;2021-08-11;C1290;CH3;Pending;CITY01;
O001470;19/12/2024;C1298;CH1;Pending;CITY08;
O001471;2021-03-04;C1212;CH4;Completed;CITY07;WELCOME
O001472;2023-05-28;C1112;CH4;Cancelled;CITY04;SUMMER
O001473;13/10/2022;C1133;CH4;Shipped;CITY05;
O001474;07/10/2025;C1082;CH3;Cancelled;CITY03;BF
O001475;2024-05-30;C1239;CH1; Completed;CITY01;
O001476;22/03/2024;C1271;CH3;Returned;CITY03;
O001477;01/08/2021;C1044;CH5;Completed;CITY12;
O001478;04/07/2025;C1071;CH2;Returned;CITY08;BF
O001479;18/02/2022;C1158;CH1;Cancelled;CITY09;
O001480;2024-12-16;C1004;CH2;Shipped;CITY01;
O001481;2023-04-12;C1231;CH4;Completed;CITY11;
O001482;2023-10-29;C1319;CH2;Cancelled;CITY01;
O001483;2022-10-10;C1117;CH4;Pending;CITY05;SUMMER
O001484;2023-09-03;C1127;CH2;Returned;CITY07;SUMMER
O001485;06/15/2022;C1222;CH3;Completed;CITY07;
O001486;2023-07-15;C1027;CH3;Completed;CITY12;BF
O001487;24/09/2024;C1268;CH4;Cancelled;CITY11;
O001488;04/27/2023;C1269;CH1;Returned;CITY10;
O001489;25/10/2023;C1184;CH3;Pending;CITY10;
O001490;24/09/2022;C1228;CH5;Returned;CITY07;
O001491;09/03/2022;C1224;CH4;Completed;CITY09;
O001492;19/08/2023;C1080;CH4;Cancelled;CITY04;
O001493;06/05/2022;C1333;CH2;Completed;CITY12;
O001494;29/12/2023;C1325;CH3;Shipped;CITY03;RAMADAN
O001495;10/01/2022;C1199;CH1;Pending;CITY08;SUMMER
O001496;2022-10-17;C1240;CH2;Cancelled;CITY03;
O001497;08/08/2024;C1007;CH4;Cancelled;CITY04;WELCOME
O001498;09/07/2024;C1101;CH1;Shipped;CITY06;
O001499;11/06/2023;C1343;CH5;Completed;CITY09;
O001500;2025-04-04;C1029;CH4;Cancelled;CITY10;
O001501;09/14/2023;C1328;CH4;Pending;CITY05;RAMADAN
O001502;13/11/2022;C1029;CH3;Returned;CITY10;WELCOME
O001503;2022-06-03;C1147;CH3;Shipped;CITY12;
O001504;2025-03-25;C1106;CH4;Pending;CITY07;
O001505;06/13/2023;C1264;CH5;Cancelled;CITY03;
O001506;2023-05-08;C1287;CH3;Returned;CITY02;
O001507;03/29/2025;C1313;CH2;Completed;CITY06;
O001508;2024-12-14;C1015;CH1;Completed;CITY12;
O001509;2023-07-29;C1273;CH1;Returned;CITY06;
O001510;24/08/2022;C1056;CH4;Pending;CITY04;
O001511;04/03/2023;C1163;CH5;Shipped;CITY02;
O001512;2025-04-02;C1287;CH5;Returned;CITY10;
O001513;2022-02-21;C1063;CH5;Pending;CITY01;BF
O001514;02/11/2021;C1122;CH1;Completed;CITY01;BF
O001515;2024-03-25;C1306;CH2;Pending;CITY10;BF
O001516;2022-01-20;C1300;CH2;Pending;CITY07;
O001517;07/23/2021;C1209;CH4;Shipped;CITY01;
O001518;2022-01-01;C1234;CH2;Returned;CITY04;
O001519;2022-10-01;C1126;CH1;Shipped;CITY06;
O001520;12/03/2023;C1055;CH3; Pending;CITY02;
O001521;07/23/2022;C1080;CH1;Shipped;CITY04;RAMADAN
O001522;2025-10-22;C1285;CH5;Shipped;CITY03;
O001523;06/29/2024;C1191;CH1;Returned;CITY05;
O001524;11/26/2025;C1204;CH2;Pending;CITY03;SUMMER
O001525;08/31/2023;C1266;CH3;Returned;CITY03;BF
O001526;2023-05-04;C1045;CH4;Pending;CITY12;BF
O001527;05/01/2021;C1054;CH3;Returned;CITY08;WELCOME
O001528;04/12/2023;C1009;CH3;Returned;CITY01;SUMMER
O001529;11/30/2022;C1328;CH5;Shipped;CITY11;RAMADAN
O001530;2023-05-31;C1229;CH4;Pending;CITY11;
O001531;03/08/2023;C1002;CH5; Cancelled;CITY05;
O001532;2025-10-06;C1029;CH3;Cancelled;CITY07;SUMMER
O001533;07/10/2022;C1282;CH4;Shipped;CITY04;
O001534;2025-12-17;C1018;CH5;Cancelled;CITY05;RAMADAN
O001535;2025-07-18;C1072;CH4;Shipped;CITY09;
O001536;2025-09-07;C1287;CH1;Cancelled;CITY03;
O001537;2024-09-27;C1109;CH3;Completed;CITY12;RAMADAN
O001538;2023-08-18;C1293;CH1;Shipped;CITY05;
O001539;2025-09-29;C1285;CH2; Shipped;CITY08;BF
O001540;07/23/2023;C1233;CH3;Pending;CITY02;
O001541;2024-12-28;C1273;CH4;Returned;CITY01;
O001542;09/25/2021;C1330;CH1;Cancelled;CITY02;BF
O001543;2024-06-20;C1148;CH3;Returned;CITY09;SUMMER
O001544;2021-10-09;C1205;CH2;Returned;CITY06;SUMMER
O001545;2024-09-29;C1213;CH5;Completed;CITY08;
O001546;21/09/2024;C1261;CH1;Completed;CITY09;BF
O001547;10/14/2025;C1022;CH3;Completed;CITY12;
O001548;2023-10-17;C1227;CH2;Pending;CITY07;
O001549;11/12/2025;C1261;CH1;SHIPPED;CITY10;
O001550;2023-03-10;C1216;CH5;Cancelled;CITY03;SUMMER
O001551;09/03/2025;C1028;CH4;Cancelled;CITY05;BF
O001552;08/08/2021;C1293;CH4;Cancelled;CITY12;
O001553;08/03/2023;C1132;CH1;Shipped;CITY12;WELCOME
O001554;2023-06-22;C1235;CH4;Completed;CITY10;
O001555;2021-01-20;C1025;CH2;Returned;CITY02;RAMADAN
O001556;20/11/2024;C1069;CH5;Completed;CITY11;
O001557;16/11/2025;C1223;CH2;Completed;CITY09;RAMADAN
O001558;12/20/2022;C1306;CH4;Pending;CITY11;SUMMER
O001559;14/12/2023;C1279;CH1;Returned;CITY06;WELCOME
O001560;2022-06-04;C1255;CH4;Completed;CITY12;
O001561;2024-03-28;C1075;CH2;Shipped;CITY10;
O001562;14/05/2024;C1148;CH1;Pending;CITY03;
O001563;2024-04-04;C1058;CH5;RETURNED;CITY12;
O001564;2023-07-17;C1059;CH2;Completed;CITY05;SUMMER
O001565;11/06/2023;C1140;CH5;Shipped;CITY02;
O001566;17/06/2023;C1117;CH4;Pending;CITY12;
O001567;06/03/2024;C1119;CH2;Completed;CITY04;
O001568;10/29/2023;C1095;CH1;Returned;CITY09;BF
O001569;2023-07-23;C1112;CH5;Returned;CITY07;
O001570;2021-11-18;C1312;CH1; Completed;CITY12;RAMADAN
O001571;2024-10-05;C1040;CH3;Shipped;CITY06;
O001572;2025-04-16;C1102;CH5;Completed;CITY10;
O001573;02/07/2024;C1230;CH1;Cancelled;CITY04;
O001574;2023-12-23;C1110;CH1;Shipped;CITY04;BF
O001575;02/14/2025;C1167;CH3;Completed;CITY11;
O001576;2025-07-09;C1166;CH5;Shipped;CITY05;SUMMER
O001577;2021-01-29;C1267;CH1;Shipped;CITY06;SUMMER
O001578;09/24/2021;C1320;CH4;Completed;CITY11;WELCOME
O001579;04/07/2023;C1149;CH4;Cancelled;CITY09;
O001580;17/06/2022;C1182;CH2;Returned;CITY05;
O001581;2023-12-29;C1287;CH1;Cancelled;CITY09;
O001582;2023-04-18;C1197;CH2;Pending;CITY06;
O001583;2023-09-28;C1143;CH3;Completed;CITY09;
O001584;23/07/2022;C1088;CH4;Completed;CITY02;
O001585;2025-01-31;C1188;CH3;Completed;CITY02;RAMADAN
O001586;2022-10-29;C1084;CH3;Cancelled;CITY12;
O001587;2024-11-21;C1063;CH2;Pending;CITY06;
O001588;24/03/2024;C1341;CH3;Pending;CITY06;RAMADAN
O001589;2021-11-17;C1241;CH1;Cancelled;CITY12;RAMADAN
O001590;2021-09-14;C1229;CH4;Shipped;CITY06;
O001591;03/23/2024;C1148;CH3;Returned;CITY07;
O001592;04/13/2025;C1095;CH1;Cancelled ;CITY12;RAMADAN
O001593;27/03/2023;C1206;CH3;Returned;CITY03;
O001594;14/08/2021;C1181;CH3;Cancelled;CITY06;
O001595;2025-09-29;C1093;CH2;Shipped;CITY03;BF
O001596;11/15/2025;C1218;CH1;Cancelled;CITY01;
O001597;18/03/2021;C1288;CH5;Shipped;CITY07;
O001598;2022-04-08;C1241;CH2;Completed;CITY05;
O001599;15/09/2023;C1003;CH2;Pending;CITY11;BF
O001600;2024-10-05;C1347;CH2;Pending;CITY11;
O001601;28/04/2021;C1243;CH5;Cancelled;CITY04;
O001602;2025-03-12;C1237;CH1;Returned;CITY08;
O001603;04/30/2022;C1056;CH3;Shipped;CITY01;
O001604;2021-12-07;C1089;CH4;Completed;CITY07;
O001605;18/05/2024;C1298;CH3;Pending;CITY06;WELCOME
O001606;2022-05-04;C1185;CH2;Pending;CITY03;RAMADAN
O001607;2024-04-02;C1022;CH3;SHIPPED;CITY03;BF
O001608;07/22/2021;C1244;CH1;Pending;CITY05;RAMADAN
O001609;09/10/2024;C1104;CH4;Completed;CITY12;
O001610;2025-02-25;C1002;CH2; Pending;CITY02;
O001611;07/15/2023;C1109;CH5;Cancelled;CITY11;
O001612;11/05/2021;C1291;CH1;Pending;CITY12;WELCOME
O001613;2022-10-12;C1149;CH4;Shipped;CITY03;RAMADAN
O001614;2023-03-31;C1028;CH2;Returned;CITY02;SUMMER
O001615;2024-04-03;C1161;CH1; Shipped;CITY05;
O001616;14/10/2023;C1278;CH5;Completed;CITY11;
O001617;2022-05-08;C1121;CH3;Cancelled;CITY10;
O001618;08/29/2023;C1009;CH1;Completed;CITY10;
O001619;2023-09-17;C1292;CH2;Returned ;CITY03;
O001620;05/07/2021;C1305;CH3; Pending;CITY11;
O001621;2024-05-19;C1071;CH5;Cancelled;CITY04;
O001622;2025-06-09;C1089;CH4;Shipped;CITY08;RAMADAN
O001623;2021-10-21;C1175;CH1;Pending;CITY06;RAMADAN
O001624;03/21/2023;C1151;CH2;Shipped;CITY03;
O001625;13/09/2024;C1325;CH1;Cancelled;CITY08;
O001626;16/12/2021;C1108;CH2;Cancelled;CITY01;
O001627;2024-02-25;C1225;CH5;Cancelled;CITY02;BF
O001628;01/12/2024;C1001;CH2;Shipped;CITY12;
O001629;2025-10-20;C1249;CH1;Completed;CITY06;
O001630;11/26/2023;C1164;CH1;Cancelled;CITY08;
O001631;20/10/2022;C1120;CH2;Completed;CITY07;
O001632;19/09/2025;C1097;CH3;Completed;CITY08;WELCOME
O001633;2023-01-30;C1264;CH2;Completed;CITY03;
O001634;03/24/2024;C1338;CH5;Completed;CITY08;
O001635;2024-11-25;C1164;CH1;RETURNED;CITY07;
O001636;03/10/2021;C1161;CH3;Completed;CITY02;SUMMER
O001637;27/05/2021;C1114;CH3;Completed;CITY11;
O001638;2022-05-31;C1319;CH4;Shipped;CITY09;
O001639;30/01/2022;C1271;CH1;Shipped;CITY09;
O001640;24/01/2023;C1289;CH3; Returned;CITY01;BF
O001641;05/07/2024;C1020;CH2;Cancelled;CITY07;
O001642;05/30/2022;C1349;CH3;Completed;CITY09;WELCOME
O001643;2025-03-13;C1166;CH5;Completed;CITY05;
O001644;2025-03-20;C1124;CH4;Shipped;CITY07;SUMMER
O001645;2022-09-20;C1226;CH4;Shipped;CITY01;
O001646;08/20/2021;C1229;CH4;Returned;CITY06;BF
O001647;2025-10-19;C1142;CH4;Shipped;CITY05;
O001648;2021-09-28;C1189;CH4;Cancelled;CITY09;
O001649;2022-03-18;C1005;CH4;Cancelled;CITY09;
O001650;02/06/2025;C1325;CH2;Shipped;CITY09;RAMADAN
O001651;2021-08-06;C1215;CH3;Returned;CITY04;
O001652;07/03/2023;C1310;CH1;Pending;CITY08;
O001653;2022-09-06;C1118;CH2;Shipped;CITY05;
O001654;02/08/2024;C1236;CH5;Completed;CITY02;WELCOME
O001655;2023-06-05;C1348;CH4;Returned;CITY05;
O001656;2025-01-13;C1245;CH2;Pending;CITY01;
O001657;2021-04-06;C1168;CH3;Cancelled;CITY03;SUMMER
O001658;2025-10-29;C1304;CH1;Cancelled;CITY09;
O001659;2021-07-25;C1162;CH4;Cancelled ;CITY01;
O001660;2022-05-26;C1127;CH4;Completed;CITY08;
O001661;13/01/2025;C1165;CH5;Pending;CITY02;
O001662;13/07/2023;C1184;CH4;Completed;CITY02;
O001663;2024-03-04;C1087;CH4;Cancelled ;CITY10;RAMADAN
O001664;2025-10-18;C1043;CH3;Cancelled;CITY05;
O001665;09/14/2023;C1207;CH5;Cancelled;CITY08;BF
O001666;2025-03-31;C1029;CH4;Returned;CITY09;BF
O001667;04/06/2021;C1290;CH4;Pending;CITY03;
O001668;13/05/2021;C1168;CH1;Cancelled;CITY03;
O001669;01/04/2021;C1219;CH5;Completed;CITY10;
O001670;23/10/2022;C1019;CH1;Shipped;CITY08;SUMMER
O001671;11/05/2023;C1145;CH3;Pending;CITY07;
O001672;02/08/2024;C1119;CH3;Returned;CITY11;
O001673;05/16/2023;C1237;CH3;Completed;CITY03;
O001674;2021-07-16;C1007;CH5; Returned;CITY11;WELCOME
O001675;2023-06-17;C1193;CH1;Shipped;CITY07;
O001676;2023-01-07;C1023;CH5;Completed;CITY08;
O001677;2023-11-22;C1147;CH2;Returned;CITY05;
O001678;06/08/2022;C1144;CH4;Returned;CITY06;
O001679;2023-05-22;C1134;CH3;Completed;CITY01;SUMMER
O001680;01/16/2024;C1260;CH1;Returned;CITY07;
O001681;29/06/2025;C1224;CH5;Returned;CITY06;WELCOME
O001682;2025-03-14;C1047;CH3;Completed;CITY01;
O001683;05/26/2025;C1195;CH5;Returned;CITY04;
O001684;21/02/2022;C1244;CH2;Returned;CITY11;
O001685;2022-12-18;C1347;CH2;Completed;CITY12;
O001686;30/12/2023;C1229;CH5;Returned;CITY04;RAMADAN
O001687;08/01/2021;C1338;CH5; Shipped;CITY10;
O001688;2021-03-29;C1082;CH4;Pending;CITY07;
O001689;01/03/2024;C1235;CH1;Completed;CITY05;
O001690;06/12/2025;C1216;CH5;Returned;CITY07;
O001691;11/18/2021;C1323;CH3;Completed;CITY10;
O001692;2025-12-18;C1132;CH3;Returned;CITY05;
O001693;15/05/2023;C1216;CH4;Pending ;CITY10;BF
O001694;05/07/2023;C1269;CH5; Shipped;CITY06;
O001695;18/09/2025;C1244;CH3;Shipped;CITY10;SUMMER
O001696;03/07/2021;C1270;CH3;Completed;CITY12;
O001697;2023-11-13;C1339;CH3;Shipped;CITY06;
O001698;22/07/2021;C1160;CH3;Completed;CITY04;
O001699;2021-06-27;C1030;CH2;Pending;CITY09;
O001700;18/04/2021;C1039;CH2;Shipped;CITY11;
O001701;2025-01-15;C1127;CH1;COMPLETED;CITY05;
O001702;11/20/2021;C1055;CH4;Shipped;CITY10;
O001703;14/04/2023;C1138;CH2;Cancelled;CITY05;
O001704;18/11/2021;C1260;CH3;Returned;CITY09;
O001705;09/07/2025;C1050;CH4;Pending;CITY04;RAMADAN
O001706;2024-11-20;C1329;CH3;Completed;CITY08;
O001707;2024-02-19;C1149;CH3;Cancelled;CITY04;
O001708;04/01/2021;C1175;CH3;Shipped;CITY09;
O001709;2024-11-17;C1013;CH5;Completed;CITY12;
O001710;28/07/2024;C1051;CH1;Cancelled;CITY11;
O001711;02/28/2023;C1342;CH2;Cancelled;CITY12;
O001712;2023-10-11;C1339;CH3;Cancelled;CITY10;
O001713;2023-07-16;C1291;CH2;Returned;CITY10;
O001714;2024-08-09;C1169;CH2;Cancelled;CITY08;
O001715;2023-02-17;C1184;CH1;Cancelled;CITY01;
O001716;27/11/2025;C1332;CH4;CANCELLED;CITY04;BF
O001717;2022-10-12;C1099;CH1;Completed;CITY05;
O001718;2022-05-30;C1334;CH5;Pending;CITY12;
O001719;04/20/2025;C1252;CH4;Completed;CITY04;
O001720;07/06/2025;C1015;CH2;Completed;CITY01;
O001721;2024-11-06;C1192;CH1;Completed;CITY04;SUMMER
O001722;2023-01-29;C1214;CH4;Pending;CITY03;
O001723;2025-12-31;C1218;CH2;Completed;CITY07;WELCOME
O001724;2021-11-02;C1296;CH2;Completed;CITY02;SUMMER
O001725;2023-06-27;C1311;CH4;Cancelled;CITY07;
O001726;07/22/2023;C1178;CH5;Shipped;CITY11;BF
O001727;2021-02-02;C1059;CH2;Cancelled;CITY11;
O001728;05/08/2024;C1122;CH4;Completed;CITY05;RAMADAN
O001729;12/12/2025;C1334;CH5;Completed;CITY12;
O001730;06/16/2024;C1130;CH2;Shipped;CITY12;WELCOME
O001731;02/09/2025;C1149;CH3;Completed;CITY12;
O001732;2024-10-21;C1005;CH3;Returned;CITY10;SUMMER
O001733;2024-04-22;C1285;CH5;Shipped;CITY10;SUMMER
O001734;10/30/2025;C1206;CH2;Cancelled;CITY03;BF
O001735;2022-06-09;C1275;CH2;Completed;CITY02;SUMMER
O001736;11/18/2021;C1104;CH4; Pending;CITY08;
O001737;2025-06-10;C1294;CH4;Pending;CITY08;RAMADAN
O001738;11/30/2023;C1194;CH2;Pending;CITY03;
O001739;12/18/2024;C1340;CH1;Shipped;CITY02;
O001740;2025-03-31;C1194;CH5;Returned;CITY08;
O001741;09/02/2024;C1114;CH5;Shipped;CITY12;SUMMER
O001742;2025-08-30;C1131;CH3;Cancelled;CITY02;
O001743;06/16/2024;C1072;CH1;Shipped;CITY12;
O001744;2023-02-11;C1306;CH3;Shipped;CITY11;
O001745;07/07/2021;C1001;CH4;Completed;CITY04;
O001746;06/03/2023;C1253;CH4;Shipped;CITY04;WELCOME
O001747;29/04/2025;C1302;CH4;Returned;CITY07;
O001748;08/03/2021;C1062;CH2;Shipped;CITY07;
O001749;11/15/2025;C1071;CH4;Pending;CITY02;
O001750;08/02/2024;C1290;CH1;Completed;CITY01;WELCOME
O001751;11/16/2021;C1099;CH5;Completed ;CITY01;
O001752;2021-11-17;C1018;CH3;Pending ;CITY09;
O001753;2021-05-20;C1018;CH3;Returned;CITY01;SUMMER
O001754;06/09/2023;C1158;CH1;Cancelled;CITY07;
O001755;2021-07-28;C1200;CH2;Shipped;CITY05;
O001756;2023-03-07;C1147;CH2;COMPLETED;CITY10;
O001757;11/10/2025;C1249;CH3;Completed;CITY12;
O001758;2022-12-10;C1217;CH5;Returned;CITY03;
O001759;2022-04-11;C1145;CH4;Shipped;CITY03;
O001760;10/08/2022;C1217;CH3;Cancelled;CITY05;
O001761;25/06/2022;C1220;CH3;Shipped ;CITY01;
O001762;01/24/2024;C1014;CH5;Pending;CITY05;
O001763;03/09/2022;C1312;CH4;Returned;CITY09;RAMADAN
O001764;2023-02-23;C1086;CH3;Completed;CITY11;WELCOME
O001765;12/03/2023;C1176;CH3;Completed;CITY03;SUMMER
O001766;30/10/2025;C1288;CH5;Completed;CITY04;
O001767;02/26/2024;C1269;CH3;Completed;CITY08;
O001768;2021-03-13;C1308;CH3;Shipped;CITY12;
O001769;2024-05-30;C1161;CH5;Shipped;CITY12;
O001770;09/24/2022;C1097;CH1;Shipped;CITY03;
O001771;2025-03-15;C1123;CH4;Pending;CITY09;
O001772;2025-03-16;C1287;CH2;Shipped;CITY05;
O001773;2025-08-17;C1165;CH3;Shipped;CITY04;WELCOME
O001774;2023-08-29;C1259;CH1;Shipped;CITY09;WELCOME
O001775;2022-02-25;C1134;CH4;Completed;CITY04;BF
O001776;04/12/2025;C1077;CH5;Cancelled;CITY01;
O001777;21/02/2022;C1119;CH4;Cancelled;CITY12;
O001778;06/30/2021;C1102;CH4;Shipped ;CITY04;
O001779;24/05/2022;C1300;CH1;Shipped;CITY09;
O001780;06/01/2025;C1229;CH5;Completed;CITY10;
O001781;04/19/2022;C1026;CH4;Shipped;CITY05;
O001782;22/12/2025;C1081;CH1;Returned;CITY09;
O001783;2023-04-15;C1012;CH4;Cancelled;CITY11;WELCOME
O001784;10/15/2024;C1126;CH4;Pending;CITY09;
O001785;06/20/2023;C1149;CH3;Returned;CITY10;
O001786;2025-07-22;C1264;CH2;Returned;CITY02;BF
O001787;15/09/2022;C1109;CH4;PENDING;CITY09;
O001788;10/21/2024;C1040;CH2;Cancelled;CITY08;
O001789;2022-03-11;C1324;CH2;Returned ;CITY11;BF
O001790;2021-01-14;C1014;CH4;Shipped;CITY11;WELCOME
O001791;12/11/2023;C1043;CH3;Cancelled;CITY07;
O001792;11/19/2025;C1268;CH5;Cancelled;CITY10;
O001793;09/19/2022;C1269;CH4;Pending;CITY07;WELCOME
O001794;2022-08-26;C1110;CH1;CANCELLED;CITY12;
O001795;2022-12-15;C1228;CH5;Cancelled;CITY06;WELCOME
O001796;2025-07-06;C1296;CH2;Cancelled;CITY10;
O001797;01/08/2024;C1319;CH3;Pending;CITY07;
O001798;03/02/2024;C1040;CH3;Completed;CITY01;
O001799;01/12/2023;C1153;CH3;Pending;CITY02;WELCOME
O001800;2023-02-21;C1003;CH2;Shipped;CITY01;
O001801;10/23/2022;C1201;CH4;Returned;CITY05;BF
O001802;06/18/2025;C1115;CH5;Shipped;CITY01;
O001803;2022-04-06;C1201;CH3;Pending;CITY05;
O001804;06/06/2022;C1259;CH2; Returned;CITY10;RAMADAN
O001805;12/01/2025;C1111;CH2;Completed;CITY05;WELCOME
O001806;2025-09-28;C1047;CH2;Shipped;CITY10;RAMADAN
O001807;2023-07-06;C1201;CH4;Completed;CITY03;
O001808;2023-01-25;C1071;CH2;Pending;CITY06;
O001809;2023-07-21;C1345;CH2;Shipped;CITY10;
O001810;2025-07-09;C1331;CH1;Shipped;CITY04;
O001811;10/03/2024;C1133;CH1;Pending;CITY07;
O001812;2025-04-29;C1303;CH4;Cancelled;CITY01;
O001813;2024-11-02;C1096;CH5;Completed;CITY11;RAMADAN
O001814;2024-01-24;C1112;CH2;Returned;CITY04;
O001815;2023-09-15;C1092;CH5;Cancelled;CITY11;
O001816;11/17/2021;C1229;CH1;Returned;CITY09;BF
O001817;04/04/2021;C1129;CH4;Returned;CITY05;
O001818;07/25/2024;C1051;CH5;SHIPPED;CITY12;
O001819;2021-09-14;C1221;CH1;Shipped;CITY02;
O001820;2021-11-21;C1291;CH1;Completed;CITY12;BF
O001821;2023-02-22;C1129;CH3;Shipped;CITY07;
O001822;2023-08-23;C1317;CH5;Completed;CITY01;SUMMER
O001823;03/28/2023;C1321;CH4;Pending;CITY05;BF
O001824;2023-12-20;C1144;CH5;Shipped;CITY09;
O001825;18/02/2021;C1078;CH4;Shipped;CITY04;
O001826;2023-11-05;C1083;CH1;Shipped;CITY04;RAMADAN
O001827;2024-10-27;C1237;CH4;CANCELLED;CITY12;
O001828;01/23/2023;C1065;CH1;Pending;CITY11;
O001829;2021-07-26;C1148;CH4;Cancelled;CITY07;
O001830;10/25/2024;C1293;CH3;Completed;CITY12;RAMADAN
O001831;21/12/2022;C1329;CH1;Returned;CITY11;
O001832;11/01/2023;C1326;CH5;Pending;CITY04;
O001833;20/10/2022;C1209;CH4;Completed;CITY01;
O001834;2023-06-27;C1315;CH2;Pending;CITY05;WELCOME
O001835;02/02/2025;C1154;CH5; Shipped;CITY03;
O001836;02/13/2023;C1071;CH4;Shipped;CITY03;
O001837;2022-06-20;C1239;CH4;Pending;CITY05;BF
O001838;2021-03-01;C1320;CH3;Completed;CITY08;SUMMER
O001839;02/07/2022;C1179;CH5;Pending;CITY03;
O001840;2022-09-30;C1208;CH1;PENDING;CITY11;
O001841;07/07/2025;C1160;CH5;Pending;CITY11;
O001842;26/10/2024;C1230;CH3;Pending;CITY09;WELCOME
O001843;2025-08-23;C1049;CH5;Returned;CITY05;
O001844;2021-03-31;C1006;CH5;Completed;CITY02;
O001845;01/21/2021;C1232;CH1;Completed;CITY07;
O001846;30/03/2024;C1287;CH1; Shipped;CITY03;BF
O001847;2024-06-15;C1165;CH3;RETURNED;CITY12;RAMADAN
O001848;19/09/2024;C1307;CH1;Pending;CITY04;WELCOME
O001849;2024-03-05;C1167;CH2;Completed;CITY09;
O001850;11/18/2023;C1143;CH3;Returned;CITY10;
O001851;19/12/2025;C1252;CH2;Completed;CITY01;
O001852;09/08/2024;C1315;CH2;Pending;CITY06;
O001853;10/01/2021;C1069;CH3;Completed;CITY11;BF
O001854;2023-03-03;C1124;CH1;Returned;CITY09;
O001855;10/10/2022;C1288;CH4;Pending;CITY07;
O001856;2024-02-16;C1165;CH4;Returned;CITY07;SUMMER
O001857;05/04/2022;C1146;CH4;Returned;CITY11;
O001858;2024-08-21;C1054;CH1;Returned;CITY04;
O001859;08/15/2022;C1039;CH5;Returned;CITY02;
O001860;02/16/2023;C1026;CH3;Returned;CITY09;SUMMER
O001861;01/04/2025;C1258;CH4;Completed;CITY09;BF
O001862;04/08/2024;C1014;CH3;Cancelled;CITY01;
O001863;04/08/2024;C1087;CH4;RETURNED;CITY04;BF
O001864;2022-11-03;C1298;CH2;Cancelled;CITY01;
O001865;2024-05-07;C1064;CH5;Shipped;CITY03;
O001866;2022-07-15;C1106;CH2;Pending;CITY12;BF
O001867;11/09/2022;C1077;CH1;Pending;CITY11;RAMADAN
O001868;2024-01-03;C1186;CH2;Shipped ;CITY12;
O001869;2024-09-05;C1271;CH5;Cancelled;CITY04;
O001870;02/14/2024;C1133;CH2;Returned;CITY07;
O001871;04/12/2023;C1322;CH4;Completed;CITY05;BF
O001872;2024-01-01;C1203;CH5;Shipped;CITY03;
O001873;2025-09-13;C1051;CH2;Shipped;CITY11;WELCOME
O001874;07/07/2022;C1001;CH2;Pending;CITY05;
O001875;11/13/2022;C1031;CH5;Shipped;CITY06;RAMADAN
O001876;2022-03-18;C1192;CH1; Pending;CITY08;
O001877;05/30/2023;C1095;CH5;Cancelled;CITY09;
O001878;08/02/2022;C1256;CH3;Cancelled;CITY01;
O001879;2021-06-02;C1087;CH3;Pending;CITY03;SUMMER
O001880;2022-02-07;C1175;CH5;Cancelled;CITY11;
O001881;2021-09-22;C1115;CH2; Cancelled;CITY07;
O001882;2025-11-16;C1185;CH1;Returned;CITY11;
O001883;19/06/2025;C1056;CH1;Pending;CITY05;
O001884;2021-12-16;C1147;CH3;Cancelled;CITY06;SUMMER
O001885;12/27/2025;C1136;CH2;Completed ;CITY07;
O001886;02/19/2025;C1205;CH3;Returned;CITY01;
O001887;2025-09-15;C1148;CH5;Completed;CITY03;
O001888;2024-03-10;C1307;CH2;Completed;CITY05;
O001889;2025-05-29;C1004;CH2;Completed;CITY09;
O001890;29/06/2022;C1067;CH4;Shipped ;CITY04;
O001891;2025-09-29;C1049;CH3;Cancelled;CITY02;
O001892;2021-10-25;C1164;CH1;Returned;CITY12;
O001893;10/13/2022;C1117;CH2; Shipped;CITY10;
O001894;04/12/2021;C1319;CH4;Completed;CITY12;
O001895;2022-06-18;C1330;CH2;Shipped;CITY10;BF
O001896;02/09/2021;C1218;CH4;Shipped;CITY07;
O001897;07/20/2024;C1183;CH1;Cancelled;CITY06;
O001898;18/06/2021;C1228;CH2;Returned;CITY11;
O001899;09/10/2024;C1335;CH4;Shipped;CITY01;
O001900;2022-12-27;C1010;CH5;Completed;CITY01;
O001901;2025-12-31;C1220;CH3;Pending;CITY05;WELCOME
O001902;05/04/2024;C1060;CH5;Completed;CITY09;
O001903;26/07/2022;C1096;CH4;Pending;CITY02;SUMMER
O001904;13/03/2022;C1217;CH4;Pending;CITY07;BF
O001905;10/14/2023;C1000;CH5;Completed;CITY12;
O001906;2023-03-28;C1043;CH5;Completed;CITY05;
O001907;2024-11-13;C1227;CH2;Shipped;CITY11;
O001908;2022-05-28;C1319;CH5;Cancelled;CITY05;
O001909;2025-04-29;C1329;CH1;Returned;CITY08;
O001910;08/08/2024;C1249;CH5;Pending;CITY12;
O001911;2023-05-25;C1162;CH5;Returned;CITY05;RAMADAN
O001912;12/10/2025;C1294;CH5;Shipped;CITY12;
O001913;11/09/2025;C1039;CH3; Cancelled;CITY10;WELCOME
O001914;2025-07-16;C1163;CH1;Cancelled;CITY11;
O001915;2025-03-22;C1157;CH2; Pending;CITY04;
O001916;2023-07-05;C1228;CH3; Pending;CITY12;
O001917;11/03/2021;C1315;CH3;Shipped;CITY09;RAMADAN
O001918;11/04/2025;C1198;CH1;Pending;CITY08;SUMMER
O001919;2023-12-02;C1127;CH5;Shipped;CITY01;
O001920;2022-12-02;C1092;CH5;Cancelled;CITY07;
O001921;2022-11-06;C1121;CH4;Pending;CITY01;
O001922;20/05/2021;C1287;CH4;Shipped;CITY08;
O001923;2025-04-25;C1265;CH2;Pending;CITY04;
O001924;2023-11-22;C1268;CH4;Returned;CITY01;
O001925;2021-09-09;C1206;CH2;Completed;CITY08;
O001926;2024-06-18;C1279;CH5;Returned;CITY07;RAMADAN
O001927;2024-08-28;C1282;CH4;Shipped ;CITY07;
O001928;05/08/2024;C1257;CH1;Completed;CITY02;RAMADAN
O001929;2023-11-27;C1095;CH2;Completed;CITY02;
O001930;01/31/2022;C1204;CH3;Cancelled;CITY06;
O001931;22/08/2022;C1296;CH5;Returned;CITY08;
O001932;03/26/2021;C1034;CH3;Cancelled;CITY04;BF
O001933;2025-10-27;C1229;CH2;Returned;CITY12;
O001934;11/27/2025;C1060;CH1;Cancelled;CITY12;
O001935;2023-05-23;C1040;CH4;Returned;CITY07;
O001936;08/31/2021;C1140;CH2;Cancelled;CITY04;
O001937;2024-05-04;C1055;CH5;Shipped;CITY11;WELCOME
O001938;2024-01-16;C1324;CH2; Shipped;CITY02;BF
O001939;2022-08-21;C1107;CH5;Pending;CITY11;SUMMER
O001940;2023-06-04;C1088;CH3;Returned;CITY12;
O001941;2021-03-06;C1170;CH4;PENDING;CITY06;
O001942;2024-10-17;C1258;CH4;Returned;CITY04;
O001943;15/03/2022;C1231;CH4;Cancelled;CITY09;
O001944;2024-11-16;C1334;CH1; Pending;CITY09;
O001945;18/01/2021;C1298;CH3;Pending;CITY12;
O001946;09/06/2021;C1170;CH2;Returned;CITY02;
O001947;2025-08-02;C1211;CH5;Pending;CITY01;
O001948;2024-08-25;C1237;CH2;Cancelled;CITY04;
O001949;16/03/2025;C1249;CH3;Returned;CITY09;
O001950;12/06/2023;C1278;CH2;Shipped;CITY02;WELCOME
O001951;2021-07-06;C1282;CH3;Returned;CITY10;
O001952;20/09/2024;C1082;CH1;Cancelled;CITY03;
O001953;2023-11-23;C1056;CH2;Completed;CITY03;
O001954;08/11/2023;C1328;CH4;Returned;CITY06;SUMMER
O001955;2023-04-06;C1343;CH5;Shipped;CITY04;
O001956;2021-08-20;C1054;CH5;Pending;CITY06;
O001957;2024-03-13;C1114;CH2;Cancelled;CITY05;
O001958;18/08/2021;C1309;CH5;Returned;CITY02;
O001959;2024-12-27;C1192;CH5;Cancelled;CITY11;
O001960;2023-12-19;C1132;CH3;Pending ;CITY05;
O001961;2025-05-29;C1234;CH1;Completed;CITY09;RAMADAN
O001962;08/08/2024;C1324;CH1;Returned;CITY07;
O001963;03/09/2023;C1226;CH1;Pending;CITY04;WELCOME
O001964;2024-04-18;C1089;CH1;Cancelled;CITY08;
O001965;04/05/2025;C1138;CH2;Shipped;CITY03;
O001966;2022-11-29;C1080;CH1;Completed;CITY01;
O001967;06/05/2025;C1091;CH1;Pending;CITY01;BF
O001968;28/06/2025;C1017;CH2;Completed;CITY12;
O001969;2022-12-26;C1119;CH1;Pending;CITY03;
O001970;2023-11-04;C1290;CH2;Shipped;CITY12;
O001971;11/08/2024;C1297;CH2;Cancelled;CITY03;
O001972;2021-03-12;C1142;CH1;Cancelled;CITY06;SUMMER
O001973;2024-10-04;C1195;CH1;Shipped;CITY05;BF
O001974;01/04/2025;C1135;CH2;Shipped;CITY11;
O001975;03/23/2025;C1140;CH4;Pending;CITY05;
O001976;2023-09-21;C1309;CH1;Completed ;CITY02;
O001977;12/15/2022;C1126;CH5;Pending ;CITY08;
O001978;2021-04-08;C1263;CH2;Cancelled;CITY11;
O001979;09/20/2023;C1186;CH1;Returned;CITY01;
O001980;2023-07-10;C1090;CH4;Returned;CITY11;BF
O001981;22/10/2024;C1241;CH2;RETURNED;CITY10;
O001982;06/16/2023;C1075;CH3;Pending;CITY06;
O001983;05/11/2025;C1095;CH5;Shipped;CITY11;
O001984;02/13/2022;C1297;CH4;Shipped;CITY06;
O001985;10/03/2021;C1337;CH1;Shipped;CITY10;
O001986;07/05/2024;C1194;CH4;Returned;CITY03;
O001987;2021-11-14;C1151;CH5;Completed;CITY02;
O001988;30/09/2024;C1349;CH5;Completed;CITY02;
O001989;04/27/2022;C1086;CH4; Completed;CITY06;WELCOME
O001990;04/05/2025;C1178;CH3;Shipped;CITY05;
O001991;22/12/2021;C1262;CH3;Pending;CITY10;WELCOME
O001992;2021-08-16;C1114;CH4;Shipped;CITY07;
O001993;02/23/2023;C1240;CH1;Cancelled;CITY07;
O001994;2023-07-04;C1072;CH1;PENDING;CITY04;WELCOME
O001995;2024-11-14;C1132;CH4; Pending;CITY10;RAMADAN
O001996;01/14/2024;C1139;CH1;Cancelled;CITY07;
O001997;2024-10-18;C1028;CH2;Returned;CITY09;
O001998;2024-06-18;C1296;CH1;Returned;CITY04;
O001999;2025-07-22;C1059;CH4;Pending;CITY06;SUMMER
O002000;2022-10-29;C1321;CH3;Completed;CITY10;SUMMER
O002001;02/04/2024;C1205;CH4;Shipped;CITY06;
O002002;2023-06-02;C1194;CH2;Completed;CITY08;
O002003;07/29/2022;C1208;CH1;Pending;CITY12;
O002004;15/09/2022;C1225;CH3;Shipped;CITY06;
O002005;2022-10-04;C1192;CH5;Pending;CITY04;RAMADAN
O002006;06/10/2025;C1027;CH5;Cancelled;CITY07;
O002007;02/22/2022;C1145;CH2;Completed;CITY08;
O002008;05/18/2021;C1270;CH4;Shipped;CITY11;WELCOME
O002009;2021-01-13;C1345;CH2;Pending;CITY06;
O002010;2024-11-22;C1094;CH5;Shipped;CITY03;SUMMER
O002011;03/09/2024;C1097;CH5;Pending;CITY07;
O002012;2025-08-07;C1110;CH3;Returned;CITY05;
O002013;2024-02-02;C1158;CH4;Returned;CITY06;WELCOME
O002014;04/03/2022;C1090;CH1;Pending;CITY08;
O002015;2025-12-17;C1058;CH2;Shipped;CITY08;
O002016;08/30/2021;C1084;CH4;Pending;CITY04;
O002017;09/04/2024;C1290;CH3;Pending ;CITY04;
O002018;2023-10-17;C1223;CH4;Returned;CITY08;BF
O002019;23/07/2021;C1191;CH5;Completed;CITY06;
O002020;28/05/2025;C1153;CH4;Shipped;CITY07;
O002021;02/26/2021;C1327;CH5;Cancelled;CITY04;
O002022;2024-07-14;C1046;CH3;Completed;CITY05;SUMMER
O002023;2021-10-21;C1068;CH5;Shipped;CITY01;
O002024;08/09/2021;C1040;CH3;Returned;CITY01;
O002025;20/06/2024;C1335;CH4;Pending ;CITY10;
O002026;2022-10-19;C1138;CH5;Completed;CITY06;
O002027;2025-08-24;C1296;CH4;Completed;CITY11;
O002028;2025-05-10;C1184;CH5;Pending;CITY12;WELCOME
O002029;09/02/2021;C1005;CH2;Cancelled;CITY01;
O002030;2022-02-15;C1104;CH4;Pending;CITY05;
O002031;03/09/2021;C1118;CH2;Shipped;CITY03;
O002032;2025-04-30;C1308;CH4;Cancelled;CITY10;WELCOME
O002033;18/09/2022;C1144;CH5;Pending;CITY06;WELCOME
O002034;11/13/2023;C1150;CH2;Cancelled;CITY12;
O002035;16/09/2025;C1174;CH4;Returned;CITY02;
O002036;2025-10-21;C1079;CH5;Shipped;CITY05;
O002037;14/08/2025;C1067;CH3;Completed;CITY07;SUMMER
O002038;2022-06-09;C1310;CH4;Returned;CITY06;
O002039;15/08/2022;C1250;CH3;Pending;CITY06;
O002040;23/06/2025;C1149;CH3;Cancelled;CITY09;
O002041;04/04/2022;C1223;CH5;Returned;CITY04;
O002042;07/18/2022;C1050;CH2;Pending;CITY08;
O002043;2023-07-23;C1107;CH2;Pending;CITY09;RAMADAN
O002044;2025-04-17;C1259;CH5;Returned;CITY09;WELCOME
O002045;2022-02-05;C1096;CH3;Returned;CITY10;
O002046;08/23/2025;C1320;CH1;Completed;CITY08;
O002047;2023-10-27;C1122;CH5;Completed;CITY02;
O002048;2021-12-28;C1019;CH4;Shipped;CITY06;RAMADAN
O002049;2022-08-31;C1010;CH2;Shipped;CITY03;
O002050;2024-08-09;C1121;CH5;Pending;CITY02;
O002051;2021-10-02;C1169;CH1;Completed;CITY01;RAMADAN
O002052;2024-10-11;C1150;CH5;Cancelled;CITY03;
O002053;2024-05-03;C1027;CH2;Shipped;CITY05;RAMADAN
O002054;2023-03-10;C1037;CH4;Pending;CITY06;SUMMER
O002055;2023-12-27;C1026;CH4;Pending;CITY11;
O002056;2022-04-26;C1289;CH5;Pending;CITY12;
O002057;2025-09-12;C1280;CH1;Returned;CITY12;SUMMER
O002058;06/02/2025;C1155;CH2;Shipped;CITY07;
O002059;18/01/2024;C1206;CH4;Returned;CITY06;
O002060;01/31/2025;C1318;CH3;Returned;CITY09;
O002061;2022-07-15;C1055;CH5;Shipped;CITY11;
O002062;2021-03-23;C1036;CH1;Shipped ;CITY04;
O002063;07/06/2023;C1176;CH5;Cancelled;CITY02;
O002064;20/01/2024;C1004;CH4; Completed;CITY08;
O002065;15/10/2022;C1049;CH1;Completed;CITY09;WELCOME
O002066;2022-04-15;C1091;CH5;Cancelled;CITY07;SUMMER
O002067;18/11/2021;C1141;CH2;Completed;CITY03;SUMMER
O002068;2024-08-25;C1070;CH4;Cancelled;CITY02;BF
O002069;2023-07-10;C1217;CH4;Pending;CITY09;
O002070;2021-12-24;C1290;CH4;Completed;CITY07;SUMMER
O002071;2023-08-17;C1236;CH1;Cancelled;CITY06;
O002072;2021-09-20;C1255;CH3;Returned;CITY12;
O002073;2025-03-30;C1288;CH3;Pending;CITY09;RAMADAN
O002074;2025-07-30;C1186;CH4;Pending;CITY01;RAMADAN
O002075;11/06/2021;C1182;CH5;Completed;CITY02;
O002076;2025-12-09;C1326;CH3;Completed;CITY10;
O002077;2023-09-27;C1115;CH2;Completed;CITY05;
O002078;06/12/2021;C1031;CH4;Pending;CITY08;
O002079;2022-02-12;C1259;CH2;Returned;CITY05;RAMADAN
O002080;08/27/2024;C1156;CH3;Returned;CITY10;
O002081;2023-02-01;C1106;CH5;Completed;CITY09;
O002082;09/02/2024;C1177;CH3;Cancelled;CITY11;
O002083;29/03/2022;C1048;CH1;Completed;CITY11;
O002084;2022-03-28;C1283;CH4;Returned;CITY04;SUMMER
O002085;2022-02-12;C1344;CH2;Completed;CITY11;
O002086;2025-10-30;C1181;CH1;Shipped;CITY11;RAMADAN
O002087;2022-10-02;C1014;CH2;Shipped;CITY01;BF
O002088;10/24/2021;C1304;CH1;Shipped;CITY12;WELCOME
O002089;2022-09-23;C1101;CH1;Completed;CITY11;BF
O002090;2022-03-31;C1124;CH4; Cancelled;CITY08;
O002091;2024-12-28;C1075;CH4;Completed;CITY07;
O002092;13/10/2024;C1133;CH2;Returned;CITY04;
O002093;09/04/2023;C1041;CH5;Completed;CITY09;WELCOME
O002094;2024-12-30;C1225;CH3;Cancelled;CITY02;
O002095;2021-10-09;C1250;CH4;Cancelled;CITY04;
O002096;2021-07-15;C1168;CH3;Returned;CITY02;
O002097;2025-09-28;C1324;CH5;Shipped;CITY05;BF
O002098;2022-10-30;C1261;CH5;Shipped;CITY06;
O002099;2022-10-24;C1214;CH5;Returned;CITY09;BF
O002100;22/02/2021;C1217;CH3;Shipped;CITY12;
O002101;2023-07-20;C1131;CH3; Completed;CITY11;
O002102;13/12/2025;C1248;CH2;Cancelled;CITY11;
O002103;2024-06-22;C1182;CH4;Returned;CITY10;
O002104;2024-10-05;C1264;CH4;Shipped;CITY11;
O002105;13/07/2022;C1086;CH1;Shipped;CITY04;
O002106;2021-04-21;C1154;CH3;Cancelled;CITY07;
O002107;11/01/2024;C1155;CH5;Returned;CITY04;
O002108;12/11/2025;C1089;CH3;Completed;CITY07;
O002109;2021-09-11;C1262;CH5;Shipped;CITY02;BF
O002110;2021-06-27;C1245;CH3;Completed;CITY07;
O002111;2021-07-08;C1312;CH4;Shipped;CITY08;WELCOME
O002112;2023-08-06;C1049;CH4;Completed;CITY04;
O002113;06/26/2023;C1258;CH3; Cancelled;CITY09;
O002114;10/09/2024;C1276;CH4;Returned;CITY10;
O002115;20/08/2024;C1105;CH4;Pending;CITY09;SUMMER
O002116;01/04/2022;C1066;CH2;Cancelled;CITY05;
O002117;2023-05-15;C1090;CH2;Pending;CITY09;RAMADAN
O002118;2024-06-08;C1244;CH5;Cancelled;CITY11;RAMADAN
O002119;06/07/2023;C1107;CH5;Shipped;CITY07;
O002120;2022-04-22;C1323;CH3;Cancelled;CITY07;
O002121;2022-01-15;C1273;CH1;Completed;CITY08;
O002122;03/21/2022;C1016;CH3;Cancelled;CITY07;RAMADAN
O002123;2021-08-11;C1270;CH5;Pending;CITY07;
O002124;05/12/2024;C1281;CH3;Shipped;CITY12;
O002125;2023-12-11;C1004;CH1;Returned;CITY07;BF
O002126;2023-02-07;C1139;CH2;Pending;CITY07;SUMMER
O002127;2025-02-04;C1345;CH1;Pending;CITY01;
O002128;10/20/2025;C1275;CH1;Pending;CITY09;BF
O002129;22/04/2021;C1012;CH4;Returned;CITY06;
O002130;09/18/2021;C1049;CH3;Returned;CITY02;RAMADAN
O002131;2025-02-20;C1337;CH4;Returned;CITY07;
O002132;11/05/2021;C1232;CH2;Completed;CITY04;
O002133;02/06/2024;C1146;CH1;Pending;CITY06;BF
O002134;2022-07-12;C1007;CH5;Cancelled;CITY05;
O002135;2023-02-19;C1078;CH2;Completed;CITY06;BF
O002136;30/09/2025;C1184;CH1;Pending;CITY06;SUMMER
O002137;2021-11-08;C1290;CH5;Completed;CITY02;
O002138;24/07/2025;C1323;CH5;Completed;CITY11;
O002139;01/03/2022;C1158;CH4;Cancelled;CITY09;
O002140;2024-02-09;C1020;CH1;Completed;CITY06;
O002141;12/09/2023;C1232;CH5;Pending;CITY05;
O002142;2022-06-02;C1056;CH4; Completed;CITY06;BF
O002143;2024-06-20;C1306;CH1;Cancelled;CITY03;RAMADAN
O002144;04/08/2023;C1111;CH3;Returned;CITY04;
O002145;2023-08-31;C1096;CH3;Pending;CITY04;
O002146;2023-12-06;C1279;CH3;Returned;CITY04;
O002147;03/22/2024;C1321;CH4;Completed;CITY08;
O002148;26/06/2021;C1259;CH1;Returned;CITY10;
O002149;16/09/2022;C1156;CH3;Cancelled;CITY06;
O002150;2023-11-27;C1138;CH1;RETURNED;CITY08;
O002151;01/17/2024;C1249;CH2;Shipped;CITY10;
O002152;2023-12-21;C1071;CH4;Cancelled;CITY10;
O002153;13/02/2023;C1343;CH1;Pending;CITY10;
O002154;2022-05-05;C1071;CH4;Cancelled;CITY07;
O002155;2023-08-09;C1119;CH3;Cancelled;CITY11;
O002156;2025-07-16;C1314;CH5;Shipped;CITY07;WELCOME
O002157;2023-01-22;C1214;CH3;Completed;CITY06;SUMMER
O002158;2022-02-22;C1184;CH4;Returned;CITY10;SUMMER
O002159;2023-07-28;C1181;CH4;Pending;CITY09;
O002160;04/05/2022;C1329;CH5;Shipped;CITY11;
O002161;02/25/2024;C1065;CH3;Cancelled;CITY10;RAMADAN
O002162;03/14/2025;C1130;CH4;Completed;CITY07;
O002163;05/01/2025;C1071;CH2;Returned;CITY02;
O002164;04/25/2023;C1065;CH1;Pending;CITY02;SUMMER
O002165;2025-04-09;C1310;CH1;Cancelled;CITY04;RAMADAN
O002166;2023-06-30;C1042;CH5;Shipped;CITY02;
O002167;2023-11-09;C1310;CH1;Returned;CITY09;
O002168;04/26/2022;C1337;CH1;Returned;CITY05;
O002169;12/06/2021;C1242;CH1;Cancelled;CITY07;BF
O002170;2025-09-22;C1236;CH2;Returned;CITY05;
O002171;2021-03-26;C1285;CH5;Returned;CITY08;
O002172;12/09/2022;C1280;CH4;Completed;CITY01;
O002173;2025-06-01;C1030;CH5; Pending;CITY11;
O002174;08/08/2022;C1174;CH2;Returned;CITY05;
O002175;02/09/2021;C1291;CH1;Returned;CITY05;
O002176;01/04/2023;C1051;CH3;Returned ;CITY04;
O002177;2021-04-16;C1157;CH2;Shipped;CITY03;
O002178;13/02/2022;C1095;CH3;Shipped;CITY08;SUMMER
O002179;2024-01-10;C1154;CH2;Cancelled;CITY06;SUMMER
O002180;2025-08-09;C1195;CH3;Cancelled;CITY08;
O002181;2024-11-07;C1110;CH3;Returned;CITY12;
O002182;2022-08-26;C1003;CH4;PENDING;CITY12;
O002183;2025-12-28;C1171;CH1;Completed;CITY01;RAMADAN
O002184;2022-06-20;C1160;CH3;Cancelled;CITY08;
O002185;2021-01-03;C1087;CH4;Shipped;CITY05;
O002186;02/05/2023;C1021;CH2;Returned;CITY03;
O002187;2024-06-13;C1086;CH5;Cancelled;CITY08;
O002188;2024-07-31;C1293;CH3;Completed;CITY03;
O002189;09/05/2022;C1320;CH5;Returned;CITY04;
O002190;2025-07-17;C1208;CH3;Completed;CITY09;
O002191;18/04/2024;C1258;CH4;Cancelled ;CITY02;
O002192;01/04/2024;C1281;CH1;Completed;CITY07;RAMADAN
O002193;2022-08-03;C1122;CH2;SHIPPED;CITY10;
O002194;2021-06-27;C1345;CH4;Returned;CITY03;SUMMER
O002195;2023-04-22;C1081;CH2;Shipped;CITY02;
O002196;12/16/2021;C1317;CH1;Completed;CITY10;WELCOME
O002197;19/07/2021;C1138;CH1;Returned;CITY06;
O002198;08/07/2023;C1270;CH5;Returned;CITY11;BF
O002199;08/07/2024;C1284;CH1;Cancelled;CITY04;WELCOME
O002200;2023-12-27;C1320;CH5;Pending;CITY04;
O002201;2021-01-15;C1031;CH3;Completed;CITY04;
O002202;06/19/2025;C1328;CH1;Returned;CITY09;
O002203;05/18/2025;C1292;CH4;Cancelled;CITY12;
O002204;11/05/2025;C1099;CH1; Returned;CITY07;BF
O002205;2024-11-21;C1233;CH1;Cancelled;CITY06;BF
O002206;03/21/2021;C1253;CH1;Completed;CITY06;
O002207;2021-10-09;C1176;CH4;Shipped ;CITY04;
O002208;11/26/2021;C1303;CH5;Shipped;CITY02;
O002209;2022-12-07;C1283;CH3;Returned;CITY05;WELCOME
O002210;03/20/2023;C1309;CH1;Returned;CITY04;
O002211;2025-12-19;C1034;CH4;Shipped;CITY11;
O002212;07/10/2024;C1325;CH3;Completed;CITY03;BF
O002213;2023-06-25;C1264;CH5;Pending;CITY10;WELCOME
O002214;2022-03-10;C1282;CH2;Returned;CITY05;
O002215;09/14/2023;C1116;CH2;Completed;CITY05;SUMMER
O002216;2024-02-26;C1214;CH1;Shipped;CITY01;
O002217;2021-05-20;C1238;CH1;Returned;CITY01;RAMADAN
O002218;11/12/2022;C1232;CH5;Pending;CITY05;
O002219;2022-10-16;C1276;CH5;Cancelled;CITY12;
O002220;2023-11-30;C1311;CH2;Cancelled;CITY08;
O002221;2023-01-06;C1243;CH3;Shipped;CITY12;
O002222;2021-10-23;C1093;CH5;Shipped;CITY02;
O002223;31/01/2022;C1034;CH5;Returned;CITY03;
O002224;2023-04-07;C1089;CH2;Completed;CITY06;
O002225;2024-09-15;C1260;CH4;Pending;CITY07;WELCOME
O002226;2023-01-27;C1084;CH2;Shipped;CITY07;
O002227;22/10/2023;C1025;CH1;CANCELLED;CITY01;WELCOME
O002228;31/01/2024;C1324;CH2;Shipped;CITY05;
O002229;2023-05-25;C1072;CH4;Completed;CITY11;
O002230;2023-12-11;C1101;CH1;Shipped;CITY07;
O002231;07/29/2023;C1156;CH5;Cancelled;CITY09;WELCOME
O002232;2023-11-10;C1142;CH1;Pending;CITY11;
O002233;12/27/2021;C1081;CH4;Completed;CITY08;
O002234;10/15/2021;C1111;CH2;Returned;CITY05;
O002235;2024-01-23;C1076;CH2;Pending;CITY02;
O002236;05/08/2025;C1168;CH4;Completed;CITY08;BF
O002237;2021-05-23;C1052;CH2;Completed;CITY07;
O002238;2023-05-26;C1270;CH3;Pending;CITY01;
O002239;10/03/2023;C1324;CH1;Returned;CITY12;
O002240;28/02/2024;C1207;CH3;Cancelled;CITY07;
O002241;03/16/2025;C1085;CH1;Returned;CITY07;
O002242;2022-01-28;C1290;CH1;Shipped;CITY09;
O002243;09/17/2021;C1237;CH1;Pending;CITY11;BF
O002244;24/07/2022;C1084;CH5; Pending;CITY01;
O002245;04/03/2022;C1246;CH4;Cancelled;CITY04;
O002246;2025-07-27;C1223;CH1;Completed;CITY06;
O002247;09/10/2022;C1260;CH5;Completed;CITY10;BF
O002248;08/13/2021;C1260;CH2;Returned;CITY11;
O002249;2021-12-29;C1315;CH2;Cancelled;CITY06;
O002250;12/04/2025;C1198;CH2;Shipped;CITY12;
O002251;02/02/2024;C1295;CH2;Completed;CITY07;
O002252;2021-09-03;C1337;CH4;Pending;CITY05;SUMMER
O002253;2024-01-01;C1030;CH5;Shipped;CITY04;SUMMER
O002254;2023-11-03;C1107;CH3;Completed;CITY04;RAMADAN
O002255;2021-08-05;C1242;CH5;Completed;CITY01;
O002256;07/06/2022;C1004;CH1;Completed;CITY11;
O002257;2024-12-26;C1215;CH3;Pending;CITY12;
O002258;2025-02-28;C1060;CH5;Cancelled;CITY09;
O002259;02/01/2025;C1234;CH4;Completed;CITY07;
O002260;22/03/2021;C1236;CH3;Completed;CITY04;RAMADAN
O002261;2025-07-30;C1172;CH4;Completed;CITY06;SUMMER
O002262;01/07/2021;C1326;CH3;Returned;CITY03;
O002263;2023-03-27;C1316;CH2;Completed;CITY11;
O002264;2022-09-28;C1232;CH1;Returned;CITY07;
O002265;07/16/2024;C1200;CH4;Cancelled;CITY03;
O002266;10/05/2021;C1346;CH5;Completed;CITY01;SUMMER
O002267;2021-03-08;C1160;CH1;Cancelled;CITY11;
O002268;2023-01-16;C1300;CH1;Shipped;CITY10;
O002269;2022-06-21;C1106;CH3;Cancelled;CITY01;WELCOME
O002270;2025-09-25;C1320;CH4;Shipped;CITY04;
O002271;01/10/2024;C1135;CH2;Pending;CITY05;WELCOME
O002272;08/11/2025;C1088;CH4;Pending;CITY05;BF
O002273;10/02/2021;C1282;CH4;Pending;CITY12;
O002274;07/04/2022;C1186;CH1;Shipped;CITY07;WELCOME
O002275;2022-05-22;C1180;CH4;Cancelled;CITY12;RAMADAN
O002276;2024-02-02;C1084;CH5;Returned;CITY03;
O002277;03/22/2022;C1071;CH2;Pending;CITY09;
O002278;2023-09-04;C1177;CH5;Completed;CITY02;
O002279;03/28/2025;C1179;CH2;Cancelled;CITY05;SUMMER
O002280;2023-10-09;C1069;CH5;Completed;CITY07;
O002281;2023-06-28;C1063;CH3;Returned;CITY03;
O002282;2024-08-06;C1257;CH1;Returned;CITY01;
O002283;04/12/2021;C1080;CH4;Returned;CITY01;
O002284;2024-03-17;C1292;CH5;Returned;CITY12;SUMMER
O002285;2021-04-11;C1194;CH5;Pending;CITY09;
O002286;2023-02-24;C1023;CH1;Returned;CITY12;
O002287;2022-05-24;C1241;CH2;Pending;CITY01;
O002288;07/16/2025;C1290;CH3;Returned;CITY06;
O002289;05/07/2024;C1240;CH2;Cancelled;CITY02;
O002290;2024-06-07;C1131;CH5;Completed;CITY06;
O002291;04/12/2024;C1047;CH5;Returned ;CITY01;
O002292;07/08/2024;C1296;CH4;Returned;CITY02;
O002293;2024-06-17;C1139;CH1;Returned ;CITY01;
O002294;12/20/2024;C1024;CH4; Pending;CITY10;WELCOME
O002295;2024-05-24;C1083;CH1;Returned;CITY05;
O002296;06/08/2022;C1236;CH5;Completed;CITY09;
O002297;2021-03-23;C1321;CH2;Completed;CITY08;
O002298;2023-08-07;C1214;CH1;Pending;CITY09;
O002299;2023-10-15;C1047;CH2;Pending;CITY05;
O002300;17/11/2022;C1155;CH3;Pending;CITY12;
O002301;06/15/2025;C1298;CH1;Shipped;CITY08;SUMMER
O002302;2025-05-24;C1285;CH1;Completed;CITY01;
O002303;07/31/2023;C1061;CH4;Shipped;CITY11;
O002304;2024-09-04;C1133;CH2;Shipped;CITY11;
O002305;2023-08-23;C1158;CH1;SHIPPED;CITY06;
O002306;2022-11-27;C1098;CH1;Returned;CITY07;
O002307;2023-02-26;C1099;CH5;Cancelled;CITY03;
O002308;2021-07-25;C1091;CH1;Returned;CITY05;WELCOME
O002309;2023-06-14;C1198;CH5;Shipped;CITY02;
O002310;03/03/2022;C1002;CH1;Cancelled;CITY08;
O002311;2021-10-01;C1314;CH2;Shipped;CITY10;
O002312;19/10/2023;C1125;CH1;Completed ;CITY01;
O002313;2024-01-01;C1205;CH3; Completed;CITY06;
O002314;09/22/2022;C1137;CH5;Returned;CITY07;
O002315;07/12/2021;C1335;CH3;Pending;CITY10;WELCOME
O002316;2022-07-25;C1232;CH3;Returned;CITY07;
O002317;2025-01-10;C1028;CH4;Completed;CITY05;RAMADAN
O002318;2025-02-24;C1326;CH2;Pending;CITY04;
O002319;2024-02-25;C1013;CH2;Returned;CITY09;
O002320;12/15/2025;C1164;CH1;Shipped;CITY11;
O002321;2021-11-26;C1036;CH4;Shipped;CITY12;
O002322;05/15/2022;C1278;CH3;Pending;CITY02;RAMADAN
O002323;2025-11-30;C1310;CH2;Completed;CITY04;WELCOME
O002324;2021-04-04;C1348;CH4;Returned;CITY03;BF
O002325;2024-04-25;C1009;CH1;CANCELLED;CITY04;
O002326;2022-09-04;C1148;CH1;Cancelled;CITY03;
O002327;2022-10-12;C1000;CH2;Shipped;CITY06;
O002328;20/07/2021;C1015;CH4;Pending;CITY03;
O002329;08/29/2024;C1227;CH1;Shipped;CITY12;RAMADAN
O002330;2023-08-29;C1287;CH5;Completed ;CITY10;WELCOME
O002331;2021-01-13;C1348;CH5;Returned;CITY06;
O002332;04/16/2022;C1005;CH5;Returned;CITY02;
O002333;2022-05-11;C1227;CH3;Shipped;CITY09;SUMMER
O002334;2024-04-18;C1190;CH2;Pending ;CITY09;
O002335;23/06/2021;C1045;CH2;Completed;CITY05;
O002336;2025-03-16;C1004;CH5;Completed;CITY08;
O002337;2024-07-03;C1055;CH3;Pending;CITY03;
O002338;2024-11-18;C1123;CH2;Pending;CITY10;BF
O002339;11/10/2021;C1285;CH3; Pending;CITY04;BF
O002340;10/09/2025;C1220;CH1;Returned;CITY11;
O002341;07/05/2024;C1137;CH4;Pending;CITY03;
O002342;01/08/2025;C1076;CH2;Cancelled;CITY03;
O002343;03/16/2022;C1098;CH2;Cancelled;CITY07;WELCOME
O002344;2022-12-08;C1338;CH3;Pending;CITY01;WELCOME
O002345;2025-09-16;C1137;CH2;Cancelled;CITY01;BF
O002346;04/09/2022;C1119;CH3;Cancelled;CITY10;
O002347;03/08/2023;C1310;CH4;Cancelled;CITY10;
O002348;11/05/2021;C1057;CH4;Pending;CITY08;BF
O002349;2021-09-12;C1204;CH4;Shipped;CITY09;
O002350;29/12/2023;C1245;CH1;Pending;CITY04;
O002351;21/08/2025;C1127;CH4;Cancelled;CITY12;WELCOME
O002352;08/08/2024;C1298;CH2;Shipped;CITY09;RAMADAN
O002353;2024-03-31;C1034;CH5;Pending;CITY11;BF
O002354;2022-04-14;C1007;CH1;Returned;CITY06;
O002355;2021-11-21;C1058;CH3;Cancelled;CITY11;
O002356;01/16/2024;C1081;CH4;Shipped;CITY08;
O002357;10/06/2024;C1195;CH5;Cancelled;CITY07;
O002358;2023-09-11;C1098;CH4;Completed;CITY01;
O002359;09/04/2023;C1327;CH3;Completed;CITY01;RAMADAN
O002360;2024-08-21;C1149;CH3;Pending;CITY05;SUMMER
O002361;23/07/2023;C1159;CH1;Shipped;CITY10;
O002362;11/08/2025;C1287;CH2;Pending;CITY04;
O002363;2021-06-03;C1017;CH2;Shipped;CITY12;WELCOME
O002364;2021-02-27;C1050;CH2;Pending;CITY05;
O002365;01/10/2023;C1086;CH5;Pending ;CITY08;
O002366;01/07/2024;C1078;CH1;Returned;CITY12;
O002367;2025-11-06;C1089;CH5;Shipped;CITY03;RAMADAN
O002368;08/31/2023;C1086;CH3;Pending;CITY06;SUMMER
O002369;05/02/2022;C1316;CH4;Shipped;CITY01;
O002370;2025-01-15;C1069;CH2;Returned;CITY05;
O002371;2024-02-22;C1153;CH1;Pending;CITY04;SUMMER
O002372;2025-05-03;C1153;CH5;Shipped;CITY09;
O002373;2025-11-16;C1033;CH1;Returned;CITY04;WELCOME
O002374;2023-11-02;C1163;CH2;Shipped;CITY09;
O002375;2024-12-15;C1243;CH2;CANCELLED;CITY09;
O002376;2025-11-01;C1212;CH3;Cancelled;CITY06;
O002377;2025-07-31;C1196;CH2;Shipped;CITY09;
O002378;2024-12-31;C1209;CH1;Shipped;CITY10;RAMADAN
O002379;2024-04-05;C1127;CH2;Pending;CITY10;
O002380;13/03/2021;C1290;CH1;Completed;CITY01;
O002381;2024-11-22;C1319;CH5;Completed;CITY12;BF
O002382;01/25/2023;C1103;CH4;Pending;CITY08;WELCOME
O002383;25/08/2021;C1224;CH4;Pending;CITY05;
O002384;2025-10-15;C1349;CH2;Pending;CITY08;
O002385;2024-11-23;C1196;CH5;Returned;CITY08;RAMADAN
O002386;2022-12-30;C1335;CH1;Completed;CITY10;
O002387;2022-06-09;C1184;CH5;Returned;CITY02;
O002388;06/07/2025;C1003;CH1;Pending;CITY06;
O002389;2024-12-20;C1221;CH5;Shipped;CITY01;SUMMER
O002390;2025-03-25;C1293;CH1;Shipped;CITY11;
O002391;2024-07-25;C1071;CH1;Pending;CITY09;RAMADAN
O002392;2025-04-11;C1082;CH2;Pending ;CITY05;
O002393;2025-02-23;C1151;CH1;Returned;CITY10;
O002394;10/04/2024;C1276;CH1;Returned;CITY05;WELCOME
O002395;2022-01-15;C1237;CH4;Shipped;CITY12;BF
O002396;2022-10-02;C1312;CH3;Cancelled;CITY02;
O002397;2023-07-10;C1318;CH2;Completed;CITY04;
O002398;2023-09-17;C1239;CH4;Cancelled ;CITY07;SUMMER
O002399;2022-03-25;C1325;CH1;Cancelled;CITY06;
O002400;2022-10-04;C1012;CH3;Shipped ;CITY06;SUMMER
O002401;2025-12-19;C1053;CH1;Pending;CITY08;WELCOME
O002402;2021-04-10;C1191;CH1;Completed;CITY07;
O002403;19/11/2024;C1067;CH2;Cancelled;CITY12;BF
O002404;27/10/2022;C1209;CH3;Cancelled;CITY03;WELCOME
O002405;2023-12-31;C1107;CH3;Completed;CITY06;
O002406;2024-11-19;C1003;CH4;Shipped;CITY11;
O002407;14/05/2025;C1239;CH2;Completed;CITY05;SUMMER
O002408;11/19/2022;C1090;CH4;Returned;CITY05;SUMMER
O002409;2022-08-28;C1102;CH4; Completed;CITY03;
O002410;2023-12-02;C1316;CH5;Cancelled;CITY04;
O002411;2025-12-07;C1251;CH3;Cancelled;CITY11;RAMADAN
O002412;2024-08-04;C1107;CH5;Pending;CITY06;WELCOME
O002413;04/14/2023;C1173;CH5;Shipped;CITY10;
O002414;10/04/2023;C1161;CH5;Pending;CITY02;
O002415;2024-05-25;C1237;CH4;Completed;CITY11;
O002416;2024-05-07;C1008;CH4;Pending;CITY09;
O002417;11/14/2021;C1109;CH1;Returned;CITY01;
O002418;2025-06-24;C1296;CH4;Returned;CITY10;
O002419;06/09/2024;C1024;CH5;CANCELLED;CITY07;
O002420;2024-06-17;C1129;CH3;Completed;CITY10;BF
O002421;2022-07-04;C1010;CH3;Pending ;CITY10;
O002422;09/06/2025;C1085;CH5;Pending;CITY10;RAMADAN
O002423;14/02/2024;C1290;CH1; Completed;CITY03;
O002424;2025-05-06;C1116;CH1;Pending ;CITY07;
O002425;2022-07-25;C1343;CH1;Shipped;CITY03;RAMADAN
O002426;06/14/2021;C1076;CH2;Pending;CITY11;RAMADAN
O002427;02/21/2023;C1045;CH1;Cancelled;CITY09;
O002428;10/03/2024;C1220;CH3;Shipped;CITY05;
O002429;09/21/2022;C1316;CH4;Pending;CITY04;BF
O002430;2025-02-17;C1268;CH1;Cancelled;CITY07;
O002431;03/12/2023;C1099;CH5;Completed;CITY11;RAMADAN
O002432;2024-02-27;C1110;CH4;Completed;CITY04;SUMMER
O002433;20/05/2021;C1119;CH2; Shipped;CITY08;SUMMER
O002434;01/24/2024;C1075;CH4;Returned;CITY12;WELCOME
O002435;05/08/2022;C1255;CH4;Completed;CITY07;WELCOME
O002436;05/11/2021;C1317;CH4;Returned;CITY11;
O002437;2021-11-21;C1117;CH2;Cancelled;CITY08;SUMMER
O002438;2022-08-21;C1070;CH3;Returned;CITY09;
O002439;05/07/2022;C1158;CH1;Completed;CITY05;
O002440;2025-06-13;C1239;CH4;Returned;CITY07;
O002441;29/04/2021;C1047;CH3;Completed ;CITY03;SUMMER
O002442;2025-12-23;C1077;CH5; Returned;CITY07;WELCOME
O002443;15/06/2022;C1064;CH1;Pending;CITY09;
O002444;31/10/2025;C1089;CH1;Completed;CITY01;
O002445;2023-08-28;C1027;CH5;Returned;CITY01;
O002446;09/18/2025;C1157;CH3;Pending;CITY11;SUMMER
O002447;2024-09-19;C1262;CH3;Cancelled;CITY03;
O002448;2025-02-26;C1180;CH3;Shipped;CITY01;RAMADAN
O002449;07/11/2023;C1304;CH3;Completed;CITY12;
O002450;04/02/2021;C1058;CH3;Completed;CITY04;
O002451;2025-07-07;C1123;CH3;Returned;CITY02;
O002452;09/15/2024;C1081;CH3;Completed;CITY01;
O002453;2025-03-09;C1136;CH1;Returned;CITY08;
O002454;26/07/2024;C1154;CH5;Cancelled;CITY02;BF
O002455;01/12/2021;C1177;CH3;Completed;CITY11;
O002456;11/15/2024;C1199;CH5;Shipped;CITY08;
O002457;26/08/2021;C1329;CH3;Completed;CITY08;
O002458;2022-06-19;C1324;CH4;Pending;CITY03;
O002459;2022-04-03;C1178;CH3;Pending;CITY09;
O002460;2021-02-28;C1081;CH4;Pending;CITY05;
O002461;02/08/2025;C1166;CH1;Pending;CITY03;
O002462;08/30/2022;C1019;CH4;Cancelled;CITY07;
O002463;2022-01-27;C1148;CH5;Completed;CITY11;
O002464;2024-12-10;C1053;CH3;Completed;CITY03;
O002465;02/05/2023;C1118;CH4;Completed;CITY01;
O002466;2022-03-21;C1076;CH2;Completed ;CITY06;
O002467;2021-04-05;C1085;CH5;Returned;CITY10;RAMADAN
O002468;2021-10-01;C1211;CH4;Completed;CITY11;RAMADAN
O002469;2025-07-20;C1034;CH3;Pending;CITY05;
O002470;2022-05-17;C1294;CH4;Completed;CITY08;
O002471;2025-11-04;C1214;CH2;Returned;CITY08;
O002472;2025-02-24;C1344;CH1;Completed;CITY11;
O002473;2025-05-08;C1333;CH1;Shipped;CITY12;
O002474;04/06/2023;C1005;CH1;Shipped;CITY11;
O002475;2024-05-08;C1006;CH4;Shipped;CITY12;
O002476;23/12/2025;C1087;CH5;Completed;CITY03;RAMADAN
O002477;10/06/2025;C1206;CH3;Shipped;CITY09;
O002478;2021-12-10;C1227;CH2;Pending;CITY11;
O002479;2023-08-24;C1056;CH5;Returned;CITY07;
O002480;2024-10-01;C1023;CH1;Cancelled;CITY04;
O002481;2022-11-20;C1335;CH4;Cancelled;CITY01;
O002482;30/06/2023;C1199;CH3;Shipped;CITY05;
O002483;2021-11-09;C1030;CH2;Completed;CITY07;
O002484;05/02/2024;C1289;CH2;Cancelled;CITY05;
O002485;23/01/2022;C1306;CH1;Cancelled;CITY08;
O002486;2022-01-05;C1295;CH4;Completed;CITY12;
O002487;2025-04-18;C1068;CH2;Cancelled;CITY12;
O002488;07/10/2021;C1032;CH3;Shipped;CITY08;
O002489;2024-03-18;C1078;CH3;Shipped;CITY02;
O002490;2021-11-16;C1250;CH2;Pending ;CITY08;
O002491;09/27/2021;C1314;CH5;Cancelled ;CITY04;RAMADAN
O002492;2021-12-03;C1317;CH3; Cancelled;CITY04;
O002493;09/02/2021;C1194;CH1;Cancelled;CITY12;
O002494;14/03/2021;C1305;CH3;Cancelled ;CITY07;
O002495;02/03/2024;C1322;CH3;Cancelled;CITY12;
O002496;2022-05-08;C1296;CH5;Shipped;CITY10;
O002497;19/01/2022;C1000;CH4;Shipped;CITY09;
O002498;03/01/2024;C1252;CH5;Cancelled;CITY12;RAMADAN
O002499;15/09/2022;C1040;CH4;Cancelled;CITY03;
O002500;08/03/2023;C1273;CH1;Completed;CITY08;
