PaymentID;OrderID;PaymentDate_US;PaymentMethodID;PaidAmount;PaymentStatus
PAY000001;O000001;05/19/2025;PM1;2955.03; Failed
PAY000002;O000002;09/05/2022;PM4;3462.84;Paid
PAY000003;O000003;09/05/2025;PM4;2320.04; Paid
PAY000004;O000004;07/19/2021;PM4;6086.38;Failed
PAY000005;O000005;01/28/2023;PM5;3012.1;Failed
PAY000006;O000006;05/03/2023;PM4;2770.08;Failed
PAY000007;O000007;08/09/2023;PM2;6223.21;Pending 
PAY000008;O000008;03/01/2021;PM4;7116.79;Paid 
PAY000009;O000009;09/20/2023;PM1;2287.51;Refunded
PAY000010;O000010;08/16/2021;PM4;3333.85;Refunded
PAY000011;O000011;08/06/2023;PM3;2382.26;Paid
PAY000012;O000012;08/10/2025;PM1;899.3;Refunded
PAY000013;O000013;11/26/2025;PM4;8345.37;Failed
PAY000014;O000014;10/13/2024;PM3;4286.37;Paid
PAY000015;O000015;03/21/2025;PM5;2006.53;Failed
PAY000016;O000016;01/13/2026;PM2;5773.29;Pending
PAY000017;O000017;08/29/2023;PM3;345.15;Refunded
PAY000018;O000018;03/07/2024;PM2;5772.42;Pending
PAY000019;O000019;06/18/2022;PM3;6577.22;Failed
PAY000020;O000020;10/18/2022;PM2;2979.48;Paid
PAY000021;O000021;09/19/2025;PM2;8232.37;Refunded
PAY000022;O000022;01/06/2025;PM4;7348.31;Pending
PAY000023;O000023;03/02/2022;PM3;6413.02;Refunded
PAY000024;O000024;04/05/2022;PM1;4284.67;Paid
PAY000025;O000025;04/05/2024;PM4;1048.22;Refunded
PAY000026;O000026;12/31/2022;PM1;1955.98;Pending
PAY000027;O000027;09/21/2023;PM4;5870.19;Pending
PAY000028;O000028;10/12/2021;PM4;3837.76;Pending
PAY000029;O000029;08/09/2021;PM1;748.86;Paid
PAY000030;O000030;07/23/2022;PM5;2665.03;Pending
PAY000031;O000031;10/30/2023;PM4;2466.54;Pending
PAY000032;O000032;03/25/2021;PM1;3236.93;Pending
PAY000033;O000033;09/10/2024;PM1;5373.25;Paid
PAY000034;O000034;09/20/2023;PM5;5707.04;Pending
PAY000035;O000035;02/23/2023;PM5;2636.04;Pending
PAY000036;O000036;06/02/2023;PM2;6449.89;Pending
PAY000037;O000037;06/17/2024;PM3;2364.52;Pending
PAY000038;O000038;08/23/2021;PM3;2654.16; Failed
PAY000039;O000039;02/26/2022;PM3;5403.58;Refunded
PAY000040;O000040;11/21/2022;PM3;2016.86;Paid
PAY000041;O000041;02/08/2021;PM5;5833.29;Failed
PAY000042;O000042;05/08/2022;PM2;737.69;Pending
PAY000043;O000043;02/21/2024;PM4;1709.97;Refunded
PAY000044;O000044;04/24/2021;PM1;3186.81;Pending
PAY000045;O000045;02/18/2025;PM4;7474.7;Failed
PAY000046;O000046;10/24/2021;PM3;1047.82;Refunded
PAY000047;O000047;06/08/2022;PM3;5605.4;Paid
PAY000048;O000048;08/07/2025;PM1;4582.06;Failed
PAY000049;O000049;08/15/2021;PM2;1806.4;Failed
PAY000050;O000050;12/17/2025;PM5;5648.6; Failed
PAY000051;O000051;01/01/2025;PM2;9692.84;Failed
PAY000052;O000052;08/19/2023;PM2;4924.23;Pending
PAY000053;O000053;07/17/2025;PM1;5144.3;Paid
PAY000054;O000054;09/19/2021;PM4;1641.77;Pending
PAY000055;O000055;08/15/2023;PM4;3304.53;Paid
PAY000056;O000056;03/16/2025;PM5;549.09;Pending
PAY000057;O000057;04/24/2024;PM1;1580.94;Pending
PAY000058;O000058;05/18/2024;PM4;8330.91;Paid
PAY000059;O000059;05/20/2024;PM2;3041.64;Pending
PAY000060;O000060;01/01/2025;PM2;4516.33;Refunded
PAY000061;O000061;03/10/2024;PM3;7906.82;Pending
PAY000062;O000062;11/20/2025;PM2;8480.96;Failed
PAY000063;O000063;06/29/2021;PM2;8766.75; Failed
PAY000064;O000064;08/24/2023;PM1;5794.73;Refunded
PAY000065;O000065;10/21/2024;PM4;5656.11;Failed
PAY000066;O000066;04/21/2022;PM5;3126.81;Failed
PAY000067;O000067;09/22/2021;PM2;3133.75;Failed
PAY000068;O000068;06/18/2024;PM2;3690.72;Paid
PAY000069;O000069;09/20/2025;PM1;519.39;Paid
PAY000070;O000070;10/10/2021;PM1;5780.88;Failed
PAY000071;O000071;01/14/2026;PM4;9957.94;Pending
PAY000072;O000072;04/29/2021;PM5;164.88;Pending
PAY000073;O000073;12/23/2025;PM4;6033.33;Failed
PAY000074;O000074;03/31/2025;PM2;2481.07; Paid
PAY000075;O000075;03/18/2024;PM1;4177.86;Refunded
PAY000076;O000076;08/24/2025;PM4;2970.34;PAID
PAY000077;O000077;09/18/2021;PM4;5223.77;Refunded
PAY000078;O000078;09/23/2023;PM1;4671.5;Failed
PAY000079;O000079;07/16/2023;PM3;2272.93;Refunded
PAY000080;O000080;12/19/2024;PM1;8363.2;Pending
PAY000081;O000081;09/15/2025;PM5;4283.49;REFUNDED
PAY000082;O000082;04/15/2023;PM2;4145.43;Paid
PAY000083;O000083;04/15/2024;PM2;569.72;Refunded
PAY000084;O000084;05/20/2022;PM5;1798.12;Failed
PAY000085;O000085;02/18/2023;PM3;3769.3;Failed
PAY000086;O000086;03/22/2025;PM4;5049.69;Pending
PAY000087;O000087;11/27/2024;PM4;1063.62;Refunded
PAY000088;O000088;06/30/2023;PM1;1744.28;Failed
PAY000089;O000089;07/23/2022;PM5;6452.95;Refunded
PAY000090;O000090;01/05/2021;PM4;5023.57;Paid
PAY000091;O000091;02/21/2021;PM2;3460.51;Refunded
PAY000092;O000092;05/30/2021;PM5;9284.18;Refunded
PAY000093;O000093;07/06/2024;PM4;1040.44;Paid
PAY000094;O000094;08/10/2021;PM1;8681.7;Paid
PAY000095;O000095;08/27/2024;PM3;1342.74;Pending
PAY000096;O000096;02/05/2022;PM2;1356.15;Failed
PAY000097;O000097;05/05/2022;PM4;2782.47;Pending
PAY000098;O000098;06/21/2022;PM2;3657.41;Pending
PAY000099;O000099;01/28/2023;PM3;820.21;Failed
PAY000100;O000100;01/02/2024;PM3;5962.47;Failed
PAY000101;O000101;01/05/2025;PM4;4343.73;Refunded
PAY000102;O000102;12/22/2022;PM2;2973.39;Paid
PAY000103;O000103;04/12/2022;PM1;3489.91;Paid 
PAY000104;O000104;01/25/2021;PM4;5923.42;Failed
PAY000105;O000105;11/30/2024;PM4;753.59;Failed
PAY000106;O000106;11/11/2021;PM3;6873.86;Refunded
PAY000107;O000107;05/23/2021;PM4;676.5;Pending
PAY000108;O000108;05/21/2021;PM4;1952.5;Failed
PAY000109;O000109;05/23/2024;PM2;2290.96;Pending
PAY000110;O000110;09/11/2024;PM2;5702.68;Paid
PAY000111;O000111;04/02/2021;PM4;3124.7;Paid 
PAY000112;O000112;02/06/2021;PM5;6437.15;Paid
PAY000113;O000113;07/20/2025;PM5;1044.9;Paid
PAY000114;O000114;10/24/2024;PM1;996.84;Failed
PAY000115;O000115;08/05/2021;PM3;3000.3;Pending
PAY000116;O000116;05/11/2024;PM4;470.88;Paid
PAY000117;O000117;08/04/2024;PM2;8336.04;Paid
PAY000118;O000118;04/07/2025;PM1;4835.77;Refunded
PAY000119;O000119;05/13/2021;PM4;2664.41;Paid
PAY000120;O000120;07/08/2023;PM2;6239.51;Pending
PAY000121;O000121;08/08/2023;PM3;8741.33;Refunded
PAY000122;O000122;03/04/2024;PM2;3145.12;Failed
PAY000123;O000123;08/14/2024;PM2;4473.29;Pending
PAY000124;O000124;10/23/2023;PM5;4221.62;Refunded
PAY000125;O000125;12/16/2021;PM2;5421.53;Pending
PAY000126;O000126;07/02/2024;PM1;2795.78;Failed 
PAY000127;O000127;12/02/2023;PM3;4165.22;Refunded
PAY000128;O000128;11/15/2025;PM5;2696.94;Pending
PAY000129;O000129;06/15/2025;PM1;3146.55;Pending
PAY000130;O000130;01/13/2024;PM2;5499.91;Failed
PAY000131;O000131;03/25/2024;PM5;6084.18;Paid
PAY000132;O000132;03/27/2024;PM1;4332.35;Pending 
PAY000133;O000133;10/26/2021;PM1;3838.47;Pending
PAY000134;O000134;05/09/2025;PM2;5238.54;Refunded
PAY000135;O000135;04/03/2024;PM1;9637.92;Pending
PAY000136;O000136;05/28/2025;PM2;1930.18;Refunded
PAY000137;O000137;09/28/2023;PM3;5454.84;Failed
PAY000138;O000138;10/01/2024;PM5;519.25; Failed
PAY000139;O000139;12/22/2023;PM4;2094.49;Paid
PAY000140;O000140;11/27/2021;PM1;449.65;Pending
PAY000141;O000141;07/01/2023;PM2;87.97;Refunded
PAY000142;O000142;06/28/2024;PM4;4077.54;Paid
PAY000143;O000143;11/28/2024;PM2;4284.29;Pending
PAY000144;O000144;04/01/2022;PM4;2679.13;Paid
PAY000145;O000145;09/19/2021;PM3;7888.48;Paid
PAY000146;O000146;12/26/2022;PM4;2948.35;Pending
PAY000147;O000147;02/09/2024;PM4;834.56;Paid
PAY000148;O000148;12/12/2021;PM5;10915.95;Failed
PAY000149;O000149;03/13/2022;PM1;6474.69;Refunded
PAY000150;O000150;10/05/2023;PM2;3200.37;Paid
PAY000151;O000151;12/26/2022;PM4;3715.95;Paid
PAY000152;O000152;02/28/2025;PM4;8049.34;Failed
PAY000153;O000153;05/23/2022;PM5;8615.08;Failed
PAY000154;O000154;01/22/2022;PM5;1121.62;Failed
PAY000155;O000155;04/16/2021;PM3;4023.36;Paid
PAY000156;O000156;01/28/2021;PM5;7413.43;Failed
PAY000157;O000157;04/16/2024;PM2;2082.67;Failed
PAY000158;O000158;06/02/2022;PM5;583.92;Pending
PAY000159;O000159;03/26/2023;PM4;6096.8;Paid
PAY000160;O000160;01/15/2025;PM5;2768.76;Pending
PAY000161;O000161;08/21/2024;PM3;1004.1;Pending
PAY000162;O000162;06/12/2022;PM5;6398.95;Failed
PAY000163;O000163;01/05/2022;PM3;4876.39;Paid
PAY000164;O000164;07/08/2024;PM5;4576.39;Paid
PAY000165;O000165;07/02/2022;PM5;1783.31; Paid
PAY000166;O000166;08/14/2021;PM2;9521.77;Paid
PAY000167;O000167;09/17/2024;PM3;8994.86;Pending
PAY000168;O000168;11/21/2024;PM4;3113.18;Pending
PAY000169;O000169;10/01/2021;PM1;1768.18;Paid
PAY000170;O000170;02/23/2021;PM4;6283.68;Pending 
PAY000171;O000171;08/21/2023;PM2;1319.88;Pending
PAY000172;O000172;11/18/2021;PM3;8252.87;Paid
PAY000173;O000173;08/29/2024;PM4;417.91;Refunded
PAY000174;O000174;09/26/2022;PM2;3911.82;Failed
PAY000175;O000175;03/20/2025;PM3;1149.72;Refunded
PAY000176;O000176;11/07/2021;PM4;3641.63;Paid
PAY000177;O000177;06/04/2024;PM5;7359.31;Paid
PAY000178;O000178;06/09/2022;PM4;2556.48;Failed
PAY000179;O000179;05/17/2022;PM5;8709.71;Paid
PAY000180;O000180;05/13/2021;PM3;4152.36;Pending
PAY000181;O000181;03/14/2022;PM1;1991.29;Failed
PAY000182;O000182;01/02/2024;PM2;4388.32;Refunded
PAY000183;O000183;10/12/2024;PM4;2256.02;Pending
PAY000184;O000184;03/27/2024;PM1;2272.54;Pending
PAY000185;O000185;09/12/2024;PM4;6803.66;Pending
PAY000186;O000186;03/08/2021;PM3;193.28;Refunded
PAY000187;O000187;02/06/2023;PM5;5964.55;Pending
PAY000188;O000188;07/17/2024;PM5;6424.08;Refunded
PAY000189;O000189;01/02/2024;PM2;7767.44;Refunded
PAY000190;O000190;01/05/2022;PM1;1115.87;Paid
PAY000191;O000191;08/29/2021;PM3;4687.6;Pending
PAY000192;O000192;03/27/2022;PM1;3225.36;Failed
PAY000193;O000193;02/26/2022;PM4;3311.46;Refunded
PAY000194;O000194;06/03/2022;PM5;566.7;Refunded
PAY000195;O000195;03/08/2024;PM3;1927.55;Failed
PAY000196;O000196;09/12/2021;PM4;3095.01;Failed
PAY000197;O000197;03/24/2025;PM3;6411.27;Refunded 
PAY000198;O000198;01/06/2024;PM1;6305.12;Paid
PAY000199;O000199;12/24/2025;PM4;260.77;Refunded
PAY000200;O000200;02/14/2025;PM2;507.35;Paid 
PAY000201;O000201;03/01/2023;PM4;8267.54;Failed
PAY000202;O000202;12/24/2023;PM4;217.42;Pending
PAY000203;O000203;05/16/2023;PM2;540.11;Pending
PAY000204;O000204;01/06/2025;PM4;1461.25;Refunded
PAY000205;O000205;06/28/2024;PM4;16.85;Pending
PAY000206;O000206;04/07/2025;PM1;1134.54;Pending
PAY000207;O000207;02/13/2025;PM3;2339.54;Pending
PAY000208;O000208;05/16/2022;PM5;6162.95;Refunded
PAY000209;O000209;12/08/2024;PM3;4241.82;Paid
PAY000210;O000210;04/29/2024;PM1;7841.09;Paid
PAY000211;O000211;02/07/2022;PM4;1380.96;Paid
PAY000212;O000212;03/06/2024;PM4;9699.17;Failed
PAY000213;O000213;05/31/2025;PM2;4717.5;Pending
PAY000214;O000214;07/19/2021;PM3;1673.43;Refunded
PAY000215;O000215;02/16/2022;PM1;2618.77; Paid
PAY000216;O000216;08/07/2025;PM2;2253.85;Pending
PAY000217;O000217;07/25/2025;PM4;5921.77; Failed
PAY000218;O000218;10/19/2025;PM5;1864.32;Failed
PAY000219;O000219;03/25/2024;PM5;6757.24;Pending
PAY000220;O000220;04/20/2022;PM2;2372.44;Paid
PAY000221;O000221;07/29/2024;PM5;8450.76;Failed
PAY000222;O000222;07/17/2025;PM2;4509.78;Paid
PAY000223;O000223;10/14/2025;PM2;1688.97;Paid
PAY000224;O000224;11/27/2023;PM5;8132.87;Pending
PAY000225;O000225;09/20/2024;PM1;1480.73;Failed
PAY000226;O000226;08/24/2024;PM3;711.58;Refunded
PAY000227;O000227;05/25/2023;PM5;1522.96;Failed
PAY000228;O000228;03/31/2021;PM3;2109.66;Pending
PAY000229;O000229;01/22/2023;PM5;3683.95;Pending
PAY000230;O000230;02/28/2025;PM5;292.85;Failed
PAY000231;O000231;02/16/2023;PM2;3656.38;Refunded
PAY000232;O000232;05/26/2023;PM1;2614.22;Paid
PAY000233;O000233;03/15/2024;PM4;2212.15;Paid
PAY000234;O000234;04/01/2024;PM1;2737.8;Pending
PAY000235;O000235;11/04/2023;PM4;2760.84;Pending 
PAY000236;O000236;01/31/2023;PM4;993.29;Paid
PAY000237;O000237;05/19/2025;PM5;586.22;Pending
PAY000238;O000238;09/09/2025;PM5;9294.59;Pending
PAY000239;O000239;04/16/2022;PM5;1414.1;Failed
PAY000240;O000240;04/17/2025;PM5;4905.96;Refunded
PAY000241;O000241;06/16/2024;PM1;2827.79;Paid 
PAY000242;O000242;05/03/2025;PM1;6008.35;Failed
PAY000243;O000243;07/24/2022;PM5;2351.9;PENDING
PAY000244;O000244;02/28/2022;PM5;372.1; Failed
PAY000245;O000245;02/07/2025;PM1;4852.32;Pending
PAY000246;O000246;03/20/2021;PM4;3289.47;Paid
PAY000247;O000247;07/01/2021;PM5;1840.17; Failed
PAY000248;O000248;01/18/2024;PM4;6246.72;PENDING
PAY000249;O000249;05/04/2025;PM4;857.84;Refunded
PAY000250;O000250;01/31/2025;PM2;2521.53;Pending
PAY000251;O000251;04/20/2025;PM5;11405.47;Paid
PAY000252;O000252;03/27/2025;PM5;4907.92;Paid
PAY000253;O000253;02/25/2025;PM3;1326.28;Paid 
PAY000254;O000254;06/26/2022;PM5;3690.16;Refunded
PAY000255;O000255;04/12/2025;PM5;3859.7;Paid
PAY000256;O000256;10/01/2023;PM5;52.65;FAILED
PAY000257;O000257;03/05/2022;PM5;2463.81;Refunded
PAY000258;O000258;08/21/2021;PM1;2556.56;Refunded
PAY000259;O000259;03/08/2022;PM3;5734.35;Failed
PAY000260;O000260;02/20/2024;PM2;1866.14;Pending
PAY000261;O000261;06/23/2022;PM5;1794.98;Paid
PAY000262;O000262;07/04/2025;PM5;699.5;Failed
PAY000263;O000263;09/14/2025;PM5;4416.52;Pending
PAY000264;O000264;01/02/2022;PM1;10432.11;Failed
PAY000265;O000265;11/25/2024;PM3;1143.23;Pending
PAY000266;O000266;11/10/2021;PM2;81.25;FAILED
PAY000267;O000267;09/22/2024;PM4;8634.45;Refunded
PAY000268;O000268;07/05/2021;PM2;6110.33;Paid
PAY000269;O000269;12/31/2021;PM3;1695.23;Failed
PAY000270;O000270;03/08/2022;PM4;5339.88;Pending
PAY000271;O000271;09/10/2024;PM5;1878.38;Paid
PAY000272;O000272;11/23/2024;PM4;4821.6;Refunded
PAY000273;O000273;12/10/2023;PM2;6098.25;Failed
PAY000274;O000274;09/10/2022;PM3;1003.96;Paid
PAY000275;O000275;08/26/2023;PM4;2967.66;Refunded
PAY000276;O000276;06/04/2024;PM5;6451.28;Refunded
PAY000277;O000277;09/05/2025;PM1;3659.77;Refunded
PAY000278;O000278;01/18/2023;PM1;5222.15;Failed
PAY000279;O000279;06/01/2022;PM4;2479.77;Pending
PAY000280;O000280;01/28/2025;PM2;2062.03;Refunded
PAY000281;O000281;01/22/2025;PM1;1500.96;Refunded
PAY000282;O000282;08/27/2023;PM2;4858.81;Refunded
PAY000283;O000283;08/06/2023;PM5;477.92;PENDING
PAY000284;O000284;11/29/2024;PM2;3620.46;Refunded
PAY000285;O000285;12/22/2022;PM5;3834.05;Refunded
PAY000286;O000286;08/15/2021;PM5;2987.4;Pending
PAY000287;O000287;08/09/2023;PM3;2256.02;Refunded
PAY000288;O000288;05/12/2024;PM5;6378.16;Refunded
PAY000289;O000289;08/24/2022;PM1;3485.64;Paid
PAY000290;O000290;05/25/2021;PM4;10056.17;Pending
PAY000291;O000291;06/21/2023;PM4;256.99;Paid
PAY000292;O000292;12/23/2024;PM4;2018.1;Failed
PAY000293;O000293;09/17/2022;PM4;3993.34;Refunded
PAY000294;O000294;04/17/2024;PM5;7072.92;Pending
PAY000295;O000295;03/12/2024;PM1;5792.39;Failed
PAY000296;O000296;01/09/2025;PM4;7879.09;Failed 
PAY000297;O000297;01/05/2024;PM1;1741.95;Pending
PAY000298;O000298;07/24/2024;PM5;3885.44;Refunded
PAY000299;O000299;03/30/2025;PM2;6048.48; Refunded
PAY000300;O000300;03/07/2022;PM5;3294.99;Failed
PAY000301;O000301;08/26/2025;PM3;5907.13;Refunded
PAY000302;O000302;01/07/2025;PM3;870.0;Pending
PAY000303;O000303;04/05/2021;PM4;6520.66;Refunded
PAY000304;O000304;11/25/2025;PM2;2552.04;Pending
PAY000305;O000305;03/16/2022;PM2;778.34;Pending
PAY000306;O000306;10/30/2023;PM3;8280.16;Refunded
PAY000307;O000307;01/26/2022;PM1;1181.63;Refunded
PAY000308;O000308;04/11/2024;PM3;5774.08;Refunded
PAY000309;O000309;04/23/2022;PM2;4222.71; Pending
PAY000310;O000310;03/30/2025;PM2;3525.59;Paid
PAY000311;O000311;12/28/2022;PM3;1532.96;Pending
PAY000312;O000312;11/15/2021;PM2;3301.46;Refunded
PAY000313;O000313;09/20/2025;PM3;4867.83; Pending
PAY000314;O000314;10/20/2025;PM5;5169.56;Refunded
PAY000315;O000315;05/29/2022;PM2;6477.69;Pending
PAY000316;O000316;01/09/2022;PM1;4316.44;Failed
PAY000317;O000317;09/04/2024;PM5;2049.79;Pending
PAY000318;O000318;09/04/2021;PM5;6268.98;Pending
PAY000319;O000319;12/24/2023;PM2;7544.76;Pending
PAY000320;O000320;01/05/2026;PM4;2962.38;Refunded
PAY000321;O000321;08/12/2025;PM2;1221.28;Failed
PAY000322;O000322;07/11/2024;PM5;9385.56;Refunded
PAY000323;O000323;05/23/2023;PM5;1186.86;Failed
PAY000324;O000324;09/27/2024;PM3;5804.86;PENDING
PAY000325;O000325;06/14/2025;PM1;8182.92;Paid
PAY000326;O000326;04/25/2023;PM1;4683.57;Refunded
PAY000327;O000327;12/19/2021;PM4;6790.35;Paid
PAY000328;O000328;03/26/2025;PM2;5646.1;Failed
PAY000329;O000329;09/30/2021;PM4;2304.12;Paid
PAY000330;O000330;03/19/2022;PM2;5254.08;Paid
PAY000331;O000331;06/07/2021;PM2;8531.17;Pending
PAY000332;O000332;01/09/2025;PM5;1786.25;Failed
PAY000333;O000333;10/03/2023;PM4;5598.53;Failed
PAY000334;O000334;05/26/2021;PM5;2598.89;Paid
PAY000335;O000335;10/11/2021;PM3;3020.62;FAILED
PAY000336;O000336;02/11/2021;PM5;1726.76;Paid
PAY000337;O000337;11/13/2021;PM5;10736.13;Pending
PAY000338;O000338;10/30/2024;PM2;1018.16;Failed
PAY000339;O000339;01/19/2023;PM2;1907.1;Failed
PAY000340;O000340;07/07/2023;PM2;6367.3;Pending
PAY000341;O000341;03/12/2025;PM5;2342.98;Failed
PAY000342;O000342;10/12/2023;PM2;3103.79;Paid 
PAY000343;O000343;10/01/2024;PM3;3899.41;Refunded
PAY000344;O000344;05/25/2021;PM1;793.11;Paid
PAY000345;O000345;10/17/2023;PM2;2116.0;Failed
PAY000346;O000346;12/01/2022;PM3;6470.62;Failed
PAY000347;O000347;02/15/2024;PM2;3401.36;Failed
PAY000348;O000348;07/25/2025;PM4;1958.3;Paid
PAY000349;O000349;07/28/2024;PM2;6225.56;Refunded
PAY000350;O000350;08/02/2023;PM4;5170.6;Refunded
PAY000351;O000351;09/02/2025;PM5;7488.57;Refunded 
PAY000352;O000352;08/18/2023;PM2;4191.14;Failed
PAY000353;O000353;10/04/2022;PM3;749.81;Failed
PAY000354;O000354;11/08/2021;PM2;2244.56;Refunded
PAY000355;O000355;08/27/2023;PM4;1426.68;Refunded
PAY000356;O000356;08/16/2021;PM2;6095.11;Pending
PAY000357;O000357;12/08/2021;PM1;820.33;Failed
PAY000358;O000358;02/09/2021;PM3;2169.45;Refunded
PAY000359;O000359;10/07/2024;PM1;3058.01;Pending
PAY000360;O000360;11/30/2022;PM5;986.88;Paid
PAY000361;O000361;01/08/2025;PM1;307.64;Refunded
PAY000362;O000362;03/24/2024;PM2;1189.79;Paid
PAY000363;O000363;11/27/2021;PM1;2296.67;Paid 
PAY000364;O000364;05/25/2024;PM1;1832.69;Pending
PAY000365;O000365;06/19/2025;PM4;3259.45;Refunded
PAY000366;O000366;01/12/2022;PM2;5630.22; Paid
PAY000367;O000367;12/16/2024;PM4;7465.07;Pending
PAY000368;O000368;08/28/2023;PM1;7632.61;Paid
PAY000369;O000369;08/21/2023;PM1;5032.37;Pending
PAY000370;O000370;08/17/2025;PM5;2668.71;Refunded
PAY000371;O000371;10/23/2021;PM3;4427.09; Paid
PAY000372;O000372;12/17/2024;PM5;933.04;Refunded
PAY000373;O000373;03/30/2025;PM5;3269.25;Paid
PAY000374;O000374;05/23/2021;PM4;1826.86;Refunded
PAY000375;O000375;03/28/2021;PM2;3021.96;Failed
PAY000376;O000376;04/06/2024;PM3;6417.1;Failed
PAY000377;O000377;07/02/2023;PM5;6135.83;Refunded
PAY000378;O000378;09/27/2022;PM1;5443.87;Failed
PAY000379;O000379;02/21/2023;PM5;3832.81;FAILED
PAY000380;O000380;07/25/2023;PM2;671.75;Paid
PAY000381;O000381;02/12/2023;PM1;200.61;Paid
PAY000382;O000382;07/07/2023;PM1;2893.83;Paid
PAY000383;O000383;04/03/2024;PM4;5437.53;Pending
PAY000384;O000384;12/05/2022;PM5;2483.76;Failed
PAY000385;O000385;06/21/2025;PM3;5251.3;Refunded
PAY000386;O000386;05/28/2021;PM3;353.94;Failed
PAY000387;O000387;05/15/2023;PM3;3500.3; Refunded
PAY000388;O000388;04/17/2024;PM5;6357.28;Pending
PAY000389;O000389;08/20/2023;PM1;1589.65;Pending
PAY000390;O000390;10/03/2023;PM2;7057.13;Refunded
PAY000391;O000391;04/03/2022;PM3;2476.36;Refunded
PAY000392;O000392;03/10/2021;PM3;13025.25;Refunded
PAY000393;O000393;07/03/2023;PM5;4033.38;Pending
PAY000394;O000394;07/20/2025;PM2;7954.82;Pending
PAY000395;O000395;01/11/2023;PM2;3715.12;Pending
PAY000396;O000396;03/28/2025;PM2;844.16;Failed
PAY000397;O000397;08/24/2024;PM3;274.21;Pending
PAY000398;O000398;07/04/2022;PM3;6089.57;Pending
PAY000399;O000399;11/10/2024;PM3;7386.69;Failed
PAY000400;O000400;03/14/2023;PM4;6216.95;Pending
PAY000401;O000401;07/21/2023;PM5;834.19;Pending
PAY000402;O000402;06/30/2025;PM1;1158.8;Paid
PAY000403;O000403;12/26/2022;PM2;6103.47; Failed
PAY000404;O000404;01/07/2021;PM2;4095.69;Pending
PAY000405;O000405;10/20/2023;PM5;12059.64;Refunded
PAY000406;O000406;11/06/2024;PM5;4041.18;Failed
PAY000407;O000407;01/21/2023;PM3;1387.04;Refunded
PAY000408;O000408;08/24/2022;PM2;3679.7;Refunded
PAY000409;O000409;07/13/2025;PM2;5715.92;Paid 
PAY000410;O000410;02/12/2021;PM5;1258.4;Paid
PAY000411;O000411;03/20/2023;PM5;3253.69;Refunded
PAY000412;O000412;02/23/2023;PM4;1393.92;Pending
PAY000413;O000413;06/19/2023;PM3;2314.0;Refunded
PAY000414;O000414;11/22/2025;PM4;1857.06;Paid
PAY000415;O000415;02/20/2021;PM5;5416.77;Failed
PAY000416;O000416;02/13/2023;PM3;6998.38;Refunded
PAY000417;O000417;03/09/2024;PM3;1054.94; Failed
PAY000418;O000418;10/31/2022;PM5;6928.63;Failed
PAY000419;O000419;11/10/2021;PM1;4128.38;Pending
PAY000420;O000420;08/28/2023;PM1;1752.05;Pending
PAY000421;O000421;07/26/2021;PM1;5447.5;Paid
PAY000422;O000422;09/24/2025;PM3;1318.96;Pending
PAY000423;O000423;08/20/2022;PM5;896.25;Paid
PAY000424;O000424;12/16/2024;PM4;12487.14;Refunded
PAY000425;O000425;01/20/2025;PM1;488.3;Pending
PAY000426;O000426;05/16/2021;PM1;3238.82;Paid
PAY000427;O000427;09/25/2023;PM3;3565.26;Failed 
PAY000428;O000428;10/30/2021;PM3;4888.22;Pending
PAY000429;O000429;12/04/2025;PM4;475.65;Refunded
PAY000430;O000430;07/15/2022;PM5;4451.24; Refunded
PAY000431;O000431;02/15/2022;PM1;1372.04;Refunded 
PAY000432;O000432;06/06/2021;PM2;6103.96;Paid
PAY000433;O000433;06/20/2021;PM3;784.9;Paid
PAY000434;O000434;06/05/2023;PM1;4250.3;Refunded
PAY000435;O000435;02/05/2021;PM3;4231.16;Pending
PAY000436;O000436;08/24/2022;PM1;8407.74;Paid 
PAY000437;O000437;12/28/2024;PM1;4138.42;Failed
PAY000438;O000438;04/07/2025;PM5;208.54;Paid
PAY000439;O000439;09/04/2023;PM1;6464.36;Refunded
PAY000440;O000440;12/21/2024;PM2;4368.72;Failed
PAY000441;O000441;01/30/2022;PM5;1025.71;Pending
PAY000442;O000442;03/24/2021;PM2;9884.53;Failed
PAY000443;O000443;10/23/2021;PM2;502.97;Paid
PAY000444;O000444;06/01/2022;PM1;2329.26;Refunded
PAY000445;O000445;12/14/2022;PM3;3386.69;Failed
PAY000446;O000446;09/10/2024;PM5;6499.93;Pending
PAY000447;O000447;04/15/2025;PM4;5687.33;Pending
PAY000448;O000448;10/07/2023;PM2;1342.09;Refunded
PAY000449;O000449;04/18/2024;PM4;1928.0;Paid
PAY000450;O000450;09/30/2023;PM2;829.09;Refunded
PAY000451;O000451;11/18/2021;PM2;11522.42;Paid
PAY000452;O000452;03/30/2025;PM3;1490.7;Refunded
PAY000453;O000453;07/23/2025;PM2;1453.33;Pending
PAY000454;O000454;11/27/2025;PM5;5292.39;Paid
PAY000455;O000455;01/19/2024;PM1;927.48;Failed
PAY000456;O000456;05/15/2023;PM5;1529.74;Paid
PAY000457;O000457;07/13/2025;PM5;919.17;PAID
PAY000458;O000458;03/22/2025;PM3;746.69;Pending
PAY000459;O000459;04/01/2021;PM5;5150.71; Paid
PAY000460;O000460;01/20/2023;PM3;7480.28;Failed
PAY000461;O000461;11/08/2025;PM4;6355.96;Pending
PAY000462;O000462;05/15/2021;PM2;3827.56;Refunded
PAY000463;O000463;08/02/2021;PM3;2887.6;PENDING
PAY000464;O000464;11/08/2025;PM1;5315.97;Paid
PAY000465;O000465;08/31/2025;PM1;5009.6; Pending
PAY000466;O000466;12/27/2024;PM5;4766.93;Refunded
PAY000467;O000467;11/02/2022;PM4;4034.55;Paid
PAY000468;O000468;11/15/2022;PM4;3848.6;Refunded
PAY000469;O000469;03/23/2024;PM3;2019.71;Paid
PAY000470;O000470;07/08/2021;PM3;3729.81;Paid
PAY000471;O000471;09/21/2021;PM4;5993.66;Paid
PAY000472;O000472;06/13/2023;PM5;5055.72;Paid
PAY000473;O000473;09/04/2023;PM5;4426.51;Failed
PAY000474;O000474;03/02/2024;PM5;483.38;Paid
PAY000475;O000475;12/06/2023;PM3;10605.93;Failed
PAY000476;O000476;04/23/2021;PM4;5479.47;Paid
PAY000477;O000477;08/24/2024;PM2;7413.02;Failed
PAY000478;O000478;06/29/2022;PM1;6462.01;Refunded
PAY000479;O000479;07/11/2022;PM1;6972.68;Paid
PAY000480;O000480;06/16/2021;PM2;1661.6;Pending
PAY000481;O000481;07/08/2024;PM2;2513.8;Paid
PAY000482;O000482;10/05/2023;PM4;5450.41;Refunded
PAY000483;O000483;12/17/2021;PM2;1743.14;Pending
PAY000484;O000484;10/03/2024;PM3;4058.64;Failed
PAY000485;O000485;10/16/2021;PM4;397.52;Pending
PAY000486;O000486;10/21/2023;PM5;318.35;Failed
PAY000487;O000487;04/02/2025;PM4;4685.5;Failed
PAY000488;O000488;12/04/2024;PM1;9241.0;Refunded
PAY000489;O000489;12/17/2022;PM3;1003.96;FAILED
PAY000490;O000490;10/12/2021;PM3;1493.11;Refunded
PAY000491;O000491;04/16/2022;PM5;551.37;Refunded
PAY000492;O000492;07/06/2024;PM5;402.25;Refunded
PAY000493;O000493;09/21/2024;PM4;9254.55;Refunded
PAY000494;O000494;12/26/2023;PM3;1692.8;Paid
PAY000495;O000495;01/15/2024;PM2;6521.02;Pending
PAY000496;O000496;08/28/2025;PM2;2170.2;Failed
PAY000497;O000497;05/30/2024;PM3;9389.6;Paid
PAY000498;O000498;01/05/2026;PM5;5293.71;Paid
PAY000499;O000499;06/30/2021;PM3;2037.78;Pending
PAY000500;O000500;12/30/2021;PM4;5001.42;Refunded
PAY000501;O000501;02/16/2024;PM4;1947.04;Refunded 
PAY000502;O000502;11/27/2022;PM5;3629.85;Refunded
PAY000503;O000503;12/04/2025;PM2;5328.34;Paid
PAY000504;O000504;06/23/2024;PM4;6101.72;Failed
PAY000505;O000505;07/25/2025;PM2;1123.79;Paid
PAY000506;O000506;12/01/2023;PM2;4062.24;Refunded
PAY000507;O000507;02/16/2023;PM2;10339.48;Paid
PAY000508;O000508;01/31/2025;PM2;3071.12;Failed
PAY000509;O000509;04/13/2024;PM1;2516.78;Pending
PAY000510;O000510;07/14/2025;PM4;3923.98;Pending
PAY000511;O000511;01/20/2026;PM5;3381.92;Refunded
PAY000512;O000512;07/19/2025;PM4;8500.71;Refunded
PAY000513;O000513;05/17/2021;PM3;3653.36;Failed
PAY000514;O000514;11/13/2025;PM5;872.82;Failed 
PAY000515;O000515;08/30/2021;PM4;948.72;Refunded
PAY000516;O000516;01/04/2024;PM1;4609.3;Failed
PAY000517;O000517;12/18/2022;PM4;8931.76;Paid
PAY000518;O000518;01/06/2023;PM5;387.26;Pending
PAY000519;O000519;06/24/2021;PM4;6864.07;Refunded
PAY000520;O000520;04/11/2023;PM4;5669.65;Refunded
PAY000521;O000521;05/30/2022;PM4;760.64; Refunded
PAY000522;O000522;07/04/2021;PM4;1076.73;Failed
PAY000523;O000523;02/05/2022;PM5;262.92;Paid
PAY000524;O000524;12/18/2023;PM3;3926.83;Refunded
PAY000525;O000525;11/01/2021;PM1;2591.95;Pending
PAY000526;O000526;08/16/2023;PM1;4028.53; Pending
PAY000527;O000527;07/13/2025;PM5;3847.5;Pending
PAY000528;O000528;03/16/2025;PM3;1326.28;Paid
PAY000529;O000529;05/03/2024;PM3;2390.72;Paid
PAY000530;O000530;09/14/2024;PM3;3651.06;Paid
PAY000531;O000531;01/06/2024;PM5;1225.56;Pending
PAY000532;O000532;05/07/2021;PM1;4693.18;Pending
PAY000533;O000533;11/05/2021;PM4;5779.49;Refunded
PAY000534;O000534;05/25/2023;PM1;713.12;Refunded
PAY000535;O000535;02/10/2023;PM4;5442.9;Failed
PAY000536;O000536;06/05/2025;PM2;4163.23;Pending
PAY000537;O000537;07/02/2021;PM3;99.85;Paid
PAY000538;O000538;05/25/2022;PM1;614.56;Pending
PAY000539;O000539;09/19/2023;PM1;8803.54;Failed
PAY000540;O000540;09/20/2024;PM5;2586.75;Failed
PAY000541;O000541;05/20/2022;PM4;7084.97;Paid
PAY000542;O000542;02/16/2023;PM4;4631.5;Paid 
PAY000543;O000543;06/12/2023;PM3;5806.85; Failed
PAY000544;O000544;05/22/2025;PM3;4280.45;Pending
PAY000545;O000545;08/26/2022;PM2;4159.02;Refunded
PAY000546;O000546;10/11/2025;PM5;1134.54;Pending
PAY000547;O000547;10/13/2025;PM2;2259.18;Refunded 
PAY000548;O000548;07/25/2024;PM2;5456.42;Pending
PAY000549;O000549;10/26/2021;PM2;3195.09;Paid
PAY000550;O000550;05/13/2022;PM3;1020.06;Failed
PAY000551;O000551;04/16/2022;PM3;5554.24;Failed
PAY000552;O000552;10/04/2024;PM3;5634.02;Pending
PAY000553;O000553;07/05/2025;PM5;2339.04;Refunded
PAY000554;O000554;04/22/2022;PM1;2821.24;Paid
PAY000555;O000555;08/16/2024;PM5;285.57; Refunded
PAY000556;O000556;12/26/2021;PM1;1713.89;Paid 
PAY000557;O000557;01/23/2025;PM2;8492.79;Pending
PAY000558;O000558;06/07/2025;PM1;4433.16; Paid
PAY000559;O000559;01/11/2026;PM4;715.35;Refunded
PAY000560;O000560;03/28/2023;PM5;1143.2;Pending
PAY000561;O000561;05/27/2024;PM4;3927.47;Paid
PAY000562;O000562;05/29/2023;PM2;76.29;Pending
PAY000563;O000563;02/08/2024;PM1;5664.17;Pending
PAY000564;O000564;10/10/2024;PM5;1427.9;Failed
PAY000565;O000565;02/03/2023;PM4;7501.25;Paid
PAY000566;O000566;12/13/2024;PM3;406.67;Refunded
PAY000567;O000567;05/10/2023;PM1;6371.4;Refunded
PAY000568;O000568;05/26/2023;PM1;6200.73;Paid
PAY000569;O000569;08/27/2025;PM1;843.75;Pending
PAY000570;O000570;06/13/2025;PM5;6990.77;Failed
PAY000571;O000571;04/06/2023;PM2;630.6;Failed 
PAY000572;O000572;03/07/2025;PM4;1787.69;Refunded
PAY000573;O000573;12/14/2024;PM1;9360.49;Refunded
PAY000574;O000574;04/24/2022;PM1;2456.72;Paid
PAY000575;O000575;04/24/2022;PM3;11365.54;Pending
PAY000576;O000576;12/03/2024;PM1;899.91;Paid
PAY000577;O000577;12/13/2024;PM2;852.0;Failed
PAY000578;O000578;03/06/2021;PM2;4589.71;Refunded 
PAY000579;O000579;08/12/2024;PM1;4440.27;Refunded
PAY000580;O000580;02/07/2023;PM2;1224.29; Paid
PAY000581;O000581;07/30/2023;PM5;2172.18;Pending
PAY000582;O000582;04/06/2021;PM3;406.53; Failed
PAY000583;O000583;07/24/2023;PM3;1936.91;Refunded
PAY000584;O000584;12/26/2022;PM5;2051.35;Failed 
PAY000585;O000585;12/06/2023;PM5;10651.12;Refunded
PAY000586;O000586;04/17/2025;PM5;11923.66;Failed 
PAY000587;O000587;09/19/2021;PM2;3876.68;Failed
PAY000588;O000588;07/22/2024;PM2;7757.75;Paid
PAY000589;O000589;04/14/2023;PM3;2352.15;Refunded
PAY000590;O000590;10/30/2024;PM1;941.14;Refunded
PAY000591;O000591;03/08/2024;PM1;1968.73;Failed
PAY000592;O000592;06/22/2021;PM5;35.57;Refunded
PAY000593;O000593;07/19/2023;PM2;1682.15;Failed
PAY000594;O000594;10/08/2025;PM5;3082.75;Paid
PAY000595;O000595;06/24/2022;PM2;616.4;Failed
PAY000596;O000596;05/09/2022;PM1;1629.69;Paid
PAY000597;O000597;07/25/2024;PM3;7346.66;Failed
PAY000598;O000598;01/17/2021;PM5;4582.64;Pending
PAY000599;O000599;05/11/2025;PM5;4257.83;Paid
PAY000600;O000600;04/27/2025;PM4;5901.28;Failed
PAY000601;O000601;02/15/2024;PM3;426.48;Pending
PAY000602;O000602;11/28/2025;PM2;6257.27;Failed
PAY000603;O000603;05/09/2021;PM1;2524.6;Pending
PAY000604;O000604;12/20/2023;PM1;1688.07;Refunded
PAY000605;O000605;07/16/2024;PM4;3326.88;Failed
PAY000606;O000606;10/13/2025;PM4;3727.22;Failed
PAY000607;O000607;03/08/2023;PM5;1209.88;Refunded
PAY000608;O000608;10/07/2023;PM4;4346.03;Pending
PAY000609;O000609;12/10/2022;PM5;1639.92;Failed
PAY000610;O000610;07/25/2024;PM4;2828.4;Failed 
PAY000611;O000611;05/27/2021;PM2;1629.4;Refunded
PAY000612;O000612;09/13/2024;PM1;1948.17;PENDING
PAY000613;O000613;02/07/2021;PM3;6105.71;Failed
PAY000614;O000614;01/07/2025;PM4;159.04;Refunded
PAY000615;O000615;08/21/2024;PM5;4266.37;Refunded
PAY000616;O000616;01/08/2022;PM2;282.88;Paid
PAY000617;O000617;04/11/2025;PM4;5455.71;Refunded
PAY000618;O000618;02/12/2022;PM1;2013.87;Refunded
PAY000619;O000619;12/20/2023;PM2;6328.2;Refunded
PAY000620;O000620;09/22/2022;PM3;7329.4;Paid
PAY000621;O000621;12/13/2023;PM5;2585.98;Failed
PAY000622;O000622;08/24/2021;PM4;5114.75;Paid
PAY000623;O000623;04/03/2022;PM5;4150.34;Paid
PAY000624;O000624;02/12/2024;PM4;1288.8;Paid
PAY000625;O000625;12/18/2025;PM2;2975.16;Pending
PAY000626;O000626;01/12/2024;PM1;9773.84;Paid
PAY000627;O000627;01/04/2024;PM3;4081.02;Paid
PAY000628;O000628;02/12/2025;PM1;3155.15;Refunded
PAY000629;O000629;06/10/2021;PM2;616.11;Failed
PAY000630;O000630;09/17/2024;PM2;5927.78;Pending 
PAY000631;O000631;04/11/2022;PM5;3621.06;Refunded
PAY000632;O000632;01/20/2022;PM4;6569.42;Paid
PAY000633;O000633;12/23/2022;PM1;11762.47;Pending
PAY000634;O000634;08/16/2022;PM2;3948.99;Failed
PAY000635;O000635;08/17/2022;PM3;3333.85;Pending
PAY000636;O000636;05/27/2021;PM5;2495.69;Pending
PAY000637;O000637;05/07/2023;PM1;3456.95;Refunded
PAY000638;O000638;11/07/2021;PM5;1769.09;Pending
PAY000639;O000639;02/25/2021;PM5;7310.36;PENDING
PAY000640;O000640;11/07/2021;PM1;1046.04;Failed
PAY000641;O000641;09/18/2022;PM2;8700.42;Paid 
PAY000642;O000642;09/10/2024;PM2;3085.89;Paid
PAY000643;O000643;08/18/2025;PM4;8729.53;Pending
PAY000644;O000644;05/08/2021;PM1;1134.66;Pending
PAY000645;O000645;12/29/2022;PM5;1934.91;Failed
PAY000646;O000646;09/18/2023;PM4;4933.82;Paid
PAY000647;O000647;11/02/2023;PM2;481.57;Failed
PAY000648;O000648;04/15/2025;PM1;688.22;Refunded
PAY000649;O000649;04/30/2024;PM4;5370.16;Failed
PAY000650;O000650;02/23/2022;PM3;2837.37;Failed
PAY000651;O000651;06/18/2024;PM4;182.47;Refunded
PAY000652;O000652;07/01/2025;PM5;8097.61;Pending
PAY000653;O000653;11/29/2025;PM1;11289.58;Pending
PAY000654;O000654;09/04/2025;PM3;2922.5;Pending
PAY000655;O000655;07/05/2023;PM3;10932.83;Paid 
PAY000656;O000656;02/17/2024;PM3;270.86;Failed
PAY000657;O000657;12/25/2025;PM1;4812.82;Paid
PAY000658;O000658;10/08/2021;PM3;8023.62;Refunded
PAY000659;O000659;03/08/2023;PM3;1280.79;Pending
PAY000660;O000660;02/01/2025;PM3;130.39;Failed
PAY000661;O000661;01/23/2024;PM2;2577.58;Pending
PAY000662;O000662;04/23/2021;PM3;3673.88;Paid
PAY000663;O000663;06/05/2025;PM4;1123.91;Paid
PAY000664;O000664;08/12/2024;PM5;5243.11;Failed
PAY000665;O000665;07/01/2023;PM3;3652.71;Refunded
PAY000666;O000666;04/28/2024;PM4;9650.42;Paid
PAY000667;O000667;02/04/2021;PM5;3793.21;Failed
PAY000668;O000668;12/16/2021;PM5;8607.89;Pending
PAY000669;O000669;04/10/2024;PM4;752.08;Paid
PAY000670;O000670;01/09/2022;PM2;3320.77;Paid
PAY000671;O000671;03/27/2024;PM1;2961.83;Pending
PAY000672;O000672;05/09/2022;PM5;8120.85; Paid
PAY000673;O000673;01/01/2024;PM1;295.41;Paid 
PAY000674;O000674;05/18/2022;PM2;6790.85;Pending
PAY000675;O000675;09/26/2023;PM5;6459.21;Failed
PAY000676;O000676;05/14/2023;PM4;2800.0; Refunded
PAY000677;O000677;10/25/2022;PM2;4134.83;Pending
PAY000678;O000678;06/15/2022;PM3;7377.28;Refunded
PAY000679;O000679;12/20/2022;PM1;9225.48;Failed
PAY000680;O000680;01/29/2024;PM4;4570.54;Refunded
PAY000681;O000681;12/16/2022;PM2;395.47;Refunded
PAY000682;O000682;10/02/2021;PM1;2075.24;Pending
PAY000683;O000683;09/26/2022;PM1;5505.86;Failed
PAY000684;O000684;07/24/2021;PM1;8506.83; Paid
PAY000685;O000685;04/29/2023;PM2;6623.48;Paid
PAY000686;O000686;05/14/2025;PM1;7024.98;Refunded
PAY000687;O000687;06/11/2025;PM1;3910.14;Refunded
PAY000688;O000688;01/06/2022;PM2;3243.16;Pending
PAY000689;O000689;07/05/2024;PM3;3929.22;PENDING
PAY000690;O000690;08/06/2021;PM5;7314.5;Paid
PAY000691;O000691;05/01/2021;PM1;5576.49;Pending
PAY000692;O000692;04/23/2025;PM2;5920.21;Refunded
PAY000693;O000693;12/17/2023;PM4;271.58;Pending
PAY000694;O000694;01/02/2025;PM4;862.23;Refunded
PAY000695;O000695;02/17/2022;PM4;2778.25;Refunded
PAY000696;O000696;03/25/2022;PM2;3748.14;Refunded
PAY000697;O000697;04/22/2023;PM1;7293.98;Refunded
PAY000698;O000698;10/10/2021;PM2;2230.58;Refunded
PAY000699;O000699;04/01/2022;PM3;3101.4; Refunded
PAY000700;O000700;05/30/2025;PM3;2431.16;Pending
PAY000701;O000701;12/06/2023;PM2;540.97;REFUNDED
PAY000702;O000702;04/30/2025;PM3;3976.96;Pending
PAY000703;O000703;01/15/2021;PM3;2936.5;Refunded
PAY000704;O000704;01/08/2021;PM5;4348.94;Refunded
PAY000705;O000705;08/01/2024;PM2;2634.95; Pending
PAY000706;O000706;08/15/2021;PM2;4029.17;Paid
PAY000707;O000707;02/05/2022;PM5;4537.9;Paid
PAY000708;O000708;07/31/2025;PM1;4980.27;Paid
PAY000709;O000709;05/06/2022;PM4;2643.14;Failed
PAY000710;O000710;04/22/2024;PM4;5310.66;Refunded 
PAY000711;O000711;01/20/2021;PM1;8871.21;Paid
PAY000712;O000712;02/26/2021;PM5;4249.63;Paid
PAY000713;O000713;01/17/2026;PM1;2807.44;Failed
PAY000714;O000714;06/05/2025;PM4;1146.48;Refunded
PAY000715;O000715;12/03/2025;PM2;760.43;Paid
PAY000716;O000716;01/03/2026;PM2;477.12;Pending
PAY000717;O000717;07/16/2025;PM1;300.16;Paid
PAY000718;O000718;07/05/2021;PM1;7143.82;Paid
PAY000719;O000719;10/20/2022;PM1;1543.32;Failed
PAY000720;O000720;04/11/2022;PM4;6387.52;Paid
PAY000721;O000721;08/08/2023;PM1;1329.42;Pending
PAY000722;O000722;10/27/2022;PM4;5674.21;Failed
PAY000723;O000723;10/06/2021;PM1;3269.63;Refunded
PAY000724;O000724;04/13/2023;PM1;9359.05;Pending
PAY000725;O000725;08/30/2023;PM2;2431.16;Refunded
PAY000726;O000726;08/07/2023;PM4;605.15;Pending
PAY000727;O000727;08/06/2021;PM1;5333.25;Refunded
PAY000728;O000728;01/17/2021;PM2;7728.81;Failed
PAY000729;O000729;02/09/2021;PM2;1002.62;Paid
PAY000730;O000730;06/07/2023;PM2;5679.56;Paid
PAY000731;O000731;03/18/2024;PM1;6596.97;Refunded
PAY000732;O000732;04/19/2024;PM4;2138.3;Pending
PAY000733;O000733;09/22/2025;PM2;5913.03;Paid
PAY000734;O000734;05/17/2022;PM3;1654.0;Paid 
PAY000735;O000735;02/10/2024;PM5;776.54;Pending
PAY000736;O000736;04/18/2022;PM1;2598.14;Failed
PAY000737;O000737;07/24/2022;PM2;5534.32;Paid
PAY000738;O000738;11/06/2021;PM5;4859.22;Refunded
PAY000739;O000739;07/08/2022;PM1;2669.77;Failed
PAY000740;O000740;06/24/2023;PM4;1252.14;Refunded
PAY000741;O000741;02/16/2025;PM1;2635.36;Pending
PAY000742;O000742;07/18/2022;PM1;6333.41;Pending
PAY000743;O000743;01/13/2023;PM3;7063.33;Failed
PAY000744;O000744;09/21/2024;PM4;322.73;Failed
PAY000745;O000745;03/20/2024;PM2;3300.78;Paid
PAY000746;O000746;06/12/2024;PM1;3373.95;Paid
PAY000747;O000747;09/23/2023;PM1;3453.32;Pending
PAY000748;O000748;06/30/2023;PM4;1661.38;Failed
PAY000749;O000749;02/07/2022;PM4;4023.18;Failed
PAY000750;O000750;06/27/2021;PM4;7102.83;Failed
PAY000751;O000751;03/08/2023;PM5;3478.55;Pending
PAY000752;O000752;11/23/2023;PM4;2081.27;Pending 
PAY000753;O000753;12/29/2023;PM1;1155.89;Pending
PAY000754;O000754;10/05/2025;PM4;7874.05;Failed
PAY000755;O000755;03/15/2024;PM1;556.42;Paid
PAY000756;O000756;05/21/2023;PM5;4106.15;Failed
PAY000757;O000757;05/09/2025;PM1;2253.48;Paid
PAY000758;O000758;02/23/2022;PM3;1522.96;Failed
PAY000759;O000759;10/21/2025;PM5;1751.48;Refunded
PAY000760;O000760;04/20/2025;PM5;4722.99;Paid
PAY000761;O000761;04/26/2022;PM1;4143.68;Failed
PAY000762;O000762;07/11/2022;PM2;2294.78;Pending
PAY000763;O000763;07/10/2022;PM2;2885.38;Paid
PAY000764;O000764;04/22/2021;PM5;3181.32;Failed
PAY000765;O000765;03/03/2021;PM1;4895.65;Refunded
PAY000766;O000766;07/24/2023;PM1;3661.13;Failed
PAY000767;O000767;09/09/2024;PM2;3160.94;Pending
PAY000768;O000768;02/11/2023;PM4;3281.93;Paid
PAY000769;O000769;08/21/2025;PM3;3154.51;Failed
PAY000770;O000770;12/20/2023;PM4;2697.37;Pending
PAY000771;O000771;01/23/2021;PM4;2319.18;Refunded
PAY000772;O000772;10/19/2022;PM5;3310.32;Refunded
PAY000773;O000773;07/24/2025;PM2;1984.24;Paid
PAY000774;O000774;10/28/2021;PM5;1120.07;Paid
PAY000775;O000775;11/08/2021;PM5;732.12;Refunded
PAY000776;O000776;03/13/2024;PM4;1681.75;Refunded
PAY000777;O000777;01/06/2021;PM4;3885.7;Refunded
PAY000778;O000778;09/04/2021;PM2;1469.69;Pending
PAY000779;O000779;06/26/2021;PM5;3030.98;Failed
PAY000780;O000780;01/01/2021;PM3;2070.91;Refunded
PAY000781;O000781;07/13/2024;PM1;2644.9;PENDING
PAY000782;O000782;07/13/2025;PM1;1584.89;Pending
PAY000783;O000783;08/29/2021;PM5;4681.42;Pending
PAY000784;O000784;01/20/2024;PM5;4446.06;Refunded
PAY000785;O000785;12/23/2024;PM5;1632.94;Failed
PAY000786;O000786;09/18/2025;PM4;1487.25;Refunded 
PAY000787;O000787;11/18/2022;PM5;4467.52;Pending
PAY000788;O000788;07/13/2022;PM3;5419.38;Pending
PAY000789;O000789;03/26/2024;PM4;6135.59;Paid
PAY000790;O000790;01/30/2023;PM1;2001.05;Failed
PAY000791;O000791;02/14/2022;PM4;3797.29;Pending
PAY000792;O000792;06/12/2022;PM3;4101.68;Failed 
PAY000793;O000793;11/18/2021;PM2;11172.38;Pending
PAY000794;O000794;11/04/2025;PM2;4222.36;Refunded
PAY000795;O000795;07/15/2025;PM1;268.67;Pending
PAY000796;O000796;10/24/2024;PM3;2859.95;Refunded
PAY000797;O000797;02/03/2022;PM3;7834.2;Refunded
PAY000798;O000798;07/09/2025;PM1;347.31;Failed
PAY000799;O000799;03/23/2021;PM2;5621.56;Failed
PAY000800;O000800;08/27/2024;PM2;5940.91;Paid
PAY000801;O000801;05/25/2021;PM5;1115.29;Failed
PAY000802;O000802;03/14/2022;PM2;4445.77;Failed
PAY000803;O000803;11/18/2022;PM5;7766.4;Pending
PAY000804;O000804;04/03/2025;PM3;5046.34;Failed
PAY000805;O000805;05/03/2024;PM4;5816.49;Failed
PAY000806;O000806;05/04/2023;PM4;5335.11;Pending
PAY000807;O000807;01/09/2022;PM4;3061.35;Refunded
PAY000808;O000808;09/21/2021;PM2;2709.96;Refunded
PAY000809;O000809;08/16/2023;PM5;5056.47;Pending
PAY000810;O000810;03/20/2023;PM1;1748.25;Paid
PAY000811;O000811;10/23/2022;PM3;4499.34;Pending
PAY000812;O000812;12/25/2021;PM3;5621.58;Pending
PAY000813;O000813;05/18/2022;PM4;2139.17;Failed 
PAY000814;O000814;08/14/2025;PM5;7505.81;Refunded
PAY000815;O000815;12/26/2022;PM4;1662.57;Refunded
PAY000816;O000816;05/14/2024;PM2;2649.42;Pending
PAY000817;O000817;02/17/2022;PM1;6885.48;Failed
PAY000818;O000818;01/09/2023;PM5;2565.72;Refunded
PAY000819;O000819;11/03/2021;PM3;3487.94;Failed
PAY000820;O000820;07/03/2024;PM5;4301.13;Paid
PAY000821;O000821;10/05/2022;PM3;11333.02;Failed
PAY000822;O000822;05/31/2024;PM4;5031.8;Failed
PAY000823;O000823;01/26/2024;PM5;8779.55;Paid
PAY000824;O000824;10/22/2021;PM4;6681.13;Failed
PAY000825;O000825;12/16/2021;PM2;6781.94;Paid
PAY000826;O000826;09/24/2022;PM4;4491.76;Paid
PAY000827;O000827;04/20/2021;PM2;5371.45;Failed
PAY000828;O000828;05/26/2023;PM3;105.43;Paid 
PAY000829;O000829;05/05/2025;PM2;9986.96;Paid
PAY000830;O000830;03/08/2023;PM1;5009.08;Refunded
PAY000831;O000831;11/21/2022;PM1;3251.51;Failed
PAY000832;O000832;02/21/2022;PM4;7888.64;Refunded
PAY000833;O000833;12/30/2025;PM2;4317.63;Refunded
PAY000834;O000834;04/20/2024;PM5;1435.28;Paid 
PAY000835;O000835;03/09/2022;PM2;5877.41;Pending 
PAY000836;O000836;07/21/2024;PM3;5908.62;Pending
PAY000837;O000837;03/03/2022;PM3;803.51;Pending
PAY000838;O000838;08/26/2025;PM2;4587.62;Failed
PAY000839;O000839;05/15/2022;PM4;134.86;Refunded
PAY000840;O000840;12/16/2021;PM1;5418.96;Paid
PAY000841;O000841;08/11/2025;PM5;1795.61;Failed
PAY000842;O000842;06/09/2022;PM3;7815.88; Failed
PAY000843;O000843;02/26/2021;PM1;4706.14;Paid
PAY000844;O000844;09/01/2025;PM4;3005.03;Pending
PAY000845;O000845;03/07/2025;PM1;5714.88;Pending
PAY000846;O000846;02/27/2024;PM1;2527.34;Pending
PAY000847;O000847;07/09/2022;PM4;4451.84;Refunded
PAY000848;O000848;11/25/2022;PM4;2514.7;Paid
PAY000849;O000849;08/30/2022;PM5;6456.99;Refunded
PAY000850;O000850;05/01/2021;PM4;7099.05;Failed
PAY000851;O000851;09/08/2021;PM3;3784.2;Refunded
PAY000852;O000852;01/27/2022;PM5;3129.22;Paid
PAY000853;O000853;02/02/2024;PM2;2984.39;Failed
PAY000854;O000854;06/16/2021;PM2;2002.6;Failed
PAY000855;O000855;11/07/2025;PM4;6905.58;Refunded
PAY000856;O000856;09/05/2024;PM2;397.05;Paid
PAY000857;O000857;03/02/2025;PM3;1267.69;Pending
PAY000858;O000858;10/04/2021;PM1;6236.05;Pending
PAY000859;O000859;09/05/2022;PM3;767.38;Failed
PAY000860;O000860;10/20/2023;PM3;818.86;Paid
PAY000861;O000861;06/07/2023;PM2;1562.99;Refunded 
PAY000862;O000862;01/15/2025;PM1;3302.58;Refunded
PAY000863;O000863;12/06/2024;PM3;81.25;Refunded
PAY000864;O000864;04/07/2025;PM3;291.74;Refunded
PAY000865;O000865;06/01/2025;PM5;2404.21;Refunded
PAY000866;O000866;01/06/2022;PM2;5734.27;Failed
PAY000867;O000867;05/24/2024;PM1;1763.66;Failed
PAY000868;O000868;12/05/2024;PM3;5999.3;Refunded
PAY000869;O000869;06/08/2021;PM5;1126.09;Pending
PAY000870;O000870;06/03/2024;PM2;4168.3;Paid
PAY000871;O000871;04/28/2024;PM5;4128.89;Pending
PAY000872;O000872;12/01/2023;PM5;1131.93; Refunded
PAY000873;O000873;04/29/2023;PM1;1164.28;Failed
PAY000874;O000874;11/30/2025;PM1;7534.46;Pending
PAY000875;O000875;11/02/2022;PM5;907.02;Pending
PAY000876;O000876;06/24/2024;PM3;878.98;Pending
PAY000877;O000877;06/26/2023;PM2;3361.08;Paid
PAY000878;O000878;09/05/2025;PM1;2502.37;Refunded
PAY000879;O000879;05/06/2022;PM2;5329.92;Failed
PAY000880;O000880;05/12/2021;PM5;4864.62;Pending
PAY000881;O000881;05/21/2025;PM5;4065.26;Paid
PAY000882;O000882;05/12/2023;PM4;2633.67;Pending 
PAY000883;O000883;09/07/2023;PM5;5689.68; Refunded
PAY000884;O000884;09/29/2025;PM2;6565.93;Pending
PAY000885;O000885;05/12/2024;PM5;2091.59;Refunded
PAY000886;O000886;05/27/2023;PM4;7885.94;Pending
PAY000887;O000887;03/19/2025;PM4;2182.85;Refunded
PAY000888;O000888;10/07/2022;PM1;1431.92;Refunded
PAY000889;O000889;06/12/2022;PM3;3755.89;Failed 
PAY000890;O000890;08/08/2023;PM2;895.48;Pending
PAY000891;O000891;07/07/2022;PM3;3723.0;Paid
PAY000892;O000892;08/01/2025;PM3;5014.95;Failed
PAY000893;O000893;05/12/2024;PM2;4826.79;Paid
PAY000894;O000894;08/17/2025;PM1;1566.1;Paid
PAY000895;O000895;04/01/2025;PM1;676.64;Pending
PAY000896;O000896;08/15/2024;PM2;3347.76;Refunded
PAY000897;O000897;08/06/2023;PM1;5590.31;Refunded
PAY000898;O000898;08/31/2025;PM4;2812.32;Refunded
PAY000899;O000899;01/17/2023;PM2;7239.55;Failed
PAY000900;O000900;07/03/2022;PM4;2502.59;Refunded
PAY000901;O000901;09/15/2021;PM5;7837.29;Pending
PAY000902;O000902;03/10/2025;PM1;5083.44;Paid
PAY000903;O000903;01/07/2025;PM3;688.89;Failed
PAY000904;O000904;10/20/2024;PM5;3133.39;Refunded
PAY000905;O000905;10/13/2024;PM4;7298.59;Pending
PAY000906;O000906;09/07/2023;PM2;480.02;Refunded 
PAY000907;O000907;10/02/2024;PM3;2022.34;Refunded
PAY000908;O000908;04/06/2023;PM4;1108.96;Paid
PAY000909;O000909;04/15/2023;PM4;3148.4;Pending
PAY000910;O000910;06/26/2021;PM3;3649.12;Refunded
PAY000911;O000911;12/30/2024;PM2;4392.61;PAID
PAY000912;O000912;12/25/2023;PM1;626.36;Failed
PAY000913;O000913;05/12/2022;PM4;517.5;Refunded
PAY000914;O000914;10/26/2024;PM5;6185.07;Failed
PAY000915;O000915;10/14/2021;PM4;3301.85;Failed
PAY000916;O000916;11/27/2021;PM4;2582.94;Refunded
PAY000917;O000917;02/02/2024;PM5;4138.02;Paid
PAY000918;O000918;08/19/2022;PM1;3051.83;Refunded
PAY000919;O000919;09/20/2025;PM3;2954.67; Refunded
PAY000920;O000920;09/10/2021;PM1;4820.21;Failed
PAY000921;O000921;01/07/2022;PM2;1394.69;Failed
PAY000922;O000922;02/28/2023;PM4;188.86;Failed
PAY000923;O000923;10/07/2023;PM2;2416.79;Pending
PAY000924;O000924;12/25/2022;PM5;9504.32;Refunded
PAY000925;O000925;06/03/2024;PM5;4084.03;Failed
PAY000926;O000926;12/05/2021;PM1;1058.19;Paid
PAY000927;O000927;03/20/2021;PM2;9262.21;Paid
PAY000928;O000928;03/25/2024;PM1;12255.36;Pending
PAY000929;O000929;10/18/2024;PM3;8110.3;Pending
PAY000930;O000930;01/03/2023;PM3;2640.89;Failed
PAY000931;O000931;01/12/2025;PM2;1804.26;Refunded
PAY000932;O000932;04/25/2022;PM1;1006.1;Refunded
PAY000933;O000933;10/17/2024;PM1;2833.56;Failed
PAY000934;O000934;04/05/2021;PM2;2160.03;Failed
PAY000935;O000935;05/25/2022;PM4;7899.47;Pending
PAY000936;O000936;03/10/2023;PM3;5483.94;Paid
PAY000937;O000937;10/23/2024;PM4;2989.99;Refunded
PAY000938;O000938;10/13/2022;PM1;6201.42;Paid
PAY000939;O000939;04/07/2021;PM2;4125.79;Paid
PAY000940;O000940;02/08/2023;PM1;2436.55;Paid
PAY000941;O000941;10/25/2024;PM1;6663.59;Refunded
PAY000942;O000942;12/02/2024;PM1;1591.02;Paid
PAY000943;O000943;04/11/2024;PM1;2702.18;Pending
PAY000944;O000944;06/10/2021;PM2;998.06;Refunded
PAY000945;O000945;02/21/2023;PM4;1920.29;Failed
PAY000946;O000946;09/04/2024;PM3;3507.0;Refunded
PAY000947;O000947;11/02/2024;PM3;2358.79;Failed
PAY000948;O000948;09/17/2023;PM1;7208.35;Failed
PAY000949;O000949;12/18/2024;PM5;1781.57;Paid
PAY000950;O000950;11/18/2021;PM3;1939.72;Refunded
PAY000951;O000951;07/02/2024;PM5;5387.52;Paid
PAY000952;O000952;12/31/2025;PM1;1298.08;Refunded 
PAY000953;O000953;04/21/2023;PM2;1423.14;Refunded
PAY000954;O000954;03/31/2022;PM2;4914.68;Refunded
PAY000955;O000955;03/16/2025;PM3;2105.48;Pending
PAY000956;O000956;05/17/2021;PM3;8033.92;Refunded
PAY000957;O000957;03/09/2023;PM2;1666.81;Paid
PAY000958;O000958;03/15/2025;PM5;5689.58;Failed
PAY000959;O000959;08/22/2023;PM2;511.36;Refunded
PAY000960;O000960;06/10/2025;PM2;732.78;Paid
PAY000961;O000961;07/27/2022;PM2;8030.14; Pending
PAY000962;O000962;12/18/2024;PM1;3351.56;Failed
PAY000963;O000963;10/17/2022;PM5;4928.61;Pending
PAY000964;O000964;05/28/2022;PM1;1492.59;Paid
PAY000965;O000965;01/20/2022;PM3;845.93;Refunded
PAY000966;O000966;06/24/2024;PM2;6107.85;Pending
PAY000967;O000967;05/24/2024;PM4;7942.87;Pending
PAY000968;O000968;10/07/2021;PM5;1704.68;Refunded
PAY000969;O000969;11/10/2025;PM4;1758.19;PAID
PAY000970;O000970;07/16/2021;PM4;9464.83;Refunded
PAY000971;O000971;03/26/2024;PM2;4602.85;Refunded
PAY000972;O000972;11/20/2025;PM4;2732.5;Refunded
PAY000973;O000973;05/16/2024;PM3;5169.83;Paid
PAY000974;O000974;09/15/2022;PM3;4908.68;Failed
PAY000975;O000975;01/02/2025;PM1;679.85;Refunded
PAY000976;O000976;11/10/2023;PM5;1006.34;Refunded
PAY000977;O000977;12/04/2025;PM1;2123.55;Failed
PAY000978;O000978;09/03/2022;PM1;820.75;Paid
PAY000979;O000979;08/18/2022;PM3;4358.52;Pending
PAY000980;O000980;01/11/2023;PM4;3996.69;Paid 
PAY000981;O000981;04/14/2025;PM4;3835.07;Refunded
PAY000982;O000982;01/08/2021;PM2;5641.82;Failed
PAY000983;O000983;12/26/2023;PM4;1448.12; Refunded
PAY000984;O000984;07/31/2021;PM1;1963.32;Failed
PAY000985;O000985;05/07/2023;PM3;3954.45;Paid
PAY000986;O000986;12/31/2021;PM2;7014.81;Failed
PAY000987;O000987;09/18/2021;PM5;1795.75;Failed
PAY000988;O000988;08/26/2023;PM2;172.94;PENDING
PAY000989;O000989;01/24/2022;PM1;502.07;Pending
PAY000990;O000990;02/28/2025;PM2;13030.79;Paid
PAY000991;O000991;02/19/2023;PM5;1986.39; Paid
PAY000992;O000992;04/04/2023;PM2;4621.64;Refunded
PAY000993;O000993;06/26/2025;PM3;1198.75;Refunded
PAY000994;O000994;09/08/2021;PM2;2912.58;PENDING
PAY000995;O000995;06/24/2022;PM4;3343.73;Refunded
PAY000996;O000996;03/28/2022;PM5;4193.04;Refunded
PAY000997;O000997;10/10/2021;PM5;4261.74;Paid
PAY000998;O000998;12/04/2023;PM5;1535.43;Pending
PAY000999;O000999;09/20/2021;PM5;445.71;Failed
PAY001000;O001000;09/15/2024;PM2;6001.29;Failed
PAY001001;O001001;01/02/2024;PM3;2599.94;Refunded
PAY001002;O001002;07/26/2024;PM2;4938.92;Paid
PAY001003;O001003;11/17/2021;PM4;9298.77;Refunded
PAY001004;O001004;12/21/2023;PM5;3777.58;Refunded
PAY001005;O001005;08/28/2024;PM2;2897.82;Failed
PAY001006;O001006;07/06/2025;PM5;4773.58;Paid
PAY001007;O001007;05/04/2023;PM1;7358.04;Pending
PAY001008;O001008;11/27/2024;PM3;2254.89;Paid
PAY001009;O001009;01/19/2025;PM2;487.73;Failed
PAY001010;O001010;06/18/2021;PM5;6416.5;Paid
PAY001011;O001011;12/01/2023;PM2;7304.78;Pending
PAY001012;O001012;06/04/2023;PM5;7051.5;Refunded
PAY001013;O001013;08/19/2021;PM3;651.44;Failed
PAY001014;O001014;12/23/2022;PM3;2297.71;Refunded
PAY001015;O001015;02/03/2023;PM3;4058.44;Paid
PAY001016;O001016;06/30/2023;PM1;8536.87;Pending
PAY001017;O001017;08/04/2022;PM3;1391.04; Refunded
PAY001018;O001018;02/24/2023;PM4;344.02;Pending
PAY001019;O001019;04/13/2024;PM4;3957.5;Refunded
PAY001020;O001020;12/30/2023;PM5;117.35;Failed
PAY001021;O001021;12/29/2024;PM5;7669.57;Refunded
PAY001022;O001022;11/18/2023;PM2;7349.46;Pending
PAY001023;O001023;08/10/2021;PM5;7664.56;Refunded
PAY001024;O001024;07/19/2021;PM5;4784.89;PENDING
PAY001025;O001025;06/02/2021;PM3;5916.66;Failed
PAY001026;O001026;08/11/2023;PM4;6230.96;Failed
PAY001027;O001027;03/20/2023;PM5;2703.4;Paid
PAY001028;O001028;04/02/2023;PM1;1816.18;Pending
PAY001029;O001029;09/10/2021;PM5;6219.44;Paid
PAY001030;O001030;11/30/2022;PM2;4626.98;Refunded
PAY001031;O001031;10/29/2023;PM3;2449.24;Failed
PAY001032;O001032;09/16/2022;PM1;6127.59;Paid
PAY001033;O001033;09/23/2023;PM1;4126.47; Failed
PAY001034;O001034;04/20/2022;PM5;2242.57;Pending
PAY001035;O001035;09/30/2024;PM2;4049.55;Paid
PAY001036;O001036;11/24/2025;PM4;2070.27;Failed
PAY001037;O001037;12/10/2025;PM4;3664.38;Pending
PAY001038;O001038;04/02/2024;PM1;6349.03;Pending
PAY001039;O001039;06/19/2023;PM5;3184.76;Pending
PAY001040;O001040;09/10/2021;PM2;2231.24;Refunded
PAY001041;O001041;02/13/2023;PM5;4473.72;Pending
PAY001042;O001042;12/25/2023;PM4;6631.65;Pending
PAY001043;O001043;09/12/2022;PM2;334.04;Pending
PAY001044;O001044;04/30/2023;PM2;4019.34;Failed
PAY001045;O001045;08/20/2021;PM4;2098.37;Refunded
PAY001046;O001046;02/13/2021;PM2;6688.98;Failed
PAY001047;O001047;11/26/2025;PM4;4517.97;Pending
PAY001048;O001048;07/07/2025;PM2;1069.31; Failed
PAY001049;O001049;05/02/2024;PM2;873.35;Failed
PAY001050;O001050;06/01/2024;PM4;363.9; Failed
PAY001051;O001051;10/09/2025;PM2;410.01;Refunded
PAY001052;O001052;02/09/2021;PM4;2300.3;Pending
PAY001053;O001053;06/10/2025;PM4;8040.87;Refunded
PAY001054;O001054;02/10/2023;PM3;2965.95;Refunded
PAY001055;O001055;08/18/2024;PM1;809.72;Pending
PAY001056;O001056;05/15/2025;PM2;3545.99;Failed
PAY001057;O001057;05/11/2022;PM1;726.89;Paid
PAY001058;O001058;09/15/2021;PM5;255.68;Failed
PAY001059;O001059;05/26/2022;PM5;5190.25;Paid
PAY001060;O001060;09/22/2025;PM4;2923.02;Refunded 
PAY001061;O001061;09/13/2021;PM4;1380.96;Refunded
PAY001062;O001062;03/11/2022;PM5;3298.74;Failed
PAY001063;O001063;01/14/2026;PM2;552.44;Paid
PAY001064;O001064;10/31/2022;PM1;3178.75;Paid
PAY001065;O001065;06/11/2021;PM5;1504.7;Failed
PAY001066;O001066;12/17/2022;PM2;954.48;Pending
PAY001067;O001067;12/22/2021;PM5;1943.96;Failed
PAY001068;O001068;01/05/2023;PM4;3083.4;Refunded
PAY001069;O001069;10/06/2025;PM1;993.2;Failed
PAY001070;O001070;02/11/2025;PM3;4150.17;Paid
PAY001071;O001071;10/01/2024;PM3;4060.89;Refunded
PAY001072;O001072;03/12/2024;PM3;590.38;Paid
PAY001073;O001073;01/21/2025;PM4;1379.66;Refunded
PAY001074;O001074;12/10/2022;PM4;7759.98;Pending
PAY001075;O001075;04/28/2021;PM2;4478.11;Pending
PAY001076;O001076;09/23/2025;PM2;2522.88;Refunded
PAY001077;O001077;04/08/2022;PM1;4225.39;Refunded
PAY001078;O001078;05/25/2024;PM4;2650.88;Failed
PAY001079;O001079;09/12/2024;PM3;1512.6;Paid
PAY001080;O001080;02/21/2023;PM2;5908.13;REFUNDED
PAY001081;O001081;11/02/2021;PM3;1308.89;Refunded
PAY001082;O001082;07/16/2024;PM5;899.26;Paid
PAY001083;O001083;09/15/2022;PM4;7384.77;Refunded
PAY001084;O001084;07/12/2023;PM1;5366.67;Pending
PAY001085;O001085;12/26/2022;PM4;75.33;Pending
PAY001086;O001086;06/20/2024;PM5;1059.41; Refunded
PAY001087;O001087;05/24/2023;PM4;888.16;Pending
PAY001088;O001088;05/12/2024;PM3;7305.73;Refunded
PAY001089;O001089;10/31/2025;PM2;2841.37;Refunded
PAY001090;O001090;07/18/2025;PM3;4612.06;Pending
PAY001091;O001091;01/28/2025;PM2;4646.41;Pending
PAY001092;O001092;08/30/2025;PM4;3903.18;Failed
PAY001093;O001093;11/06/2022;PM2;2711.06;Failed
PAY001094;O001094;04/14/2022;PM3;3314.92;Refunded
PAY001095;O001095;07/07/2023;PM1;2625.17;Paid
PAY001096;O001096;03/11/2025;PM5;1456.65;Failed
PAY001097;O001097;11/01/2022;PM4;349.75;Paid
PAY001098;O001098;01/31/2022;PM5;1164.54;Pending
PAY001099;O001099;05/17/2022;PM4;4470.72;Pending
PAY001100;O001100;03/26/2023;PM3;703.84;Paid
PAY001101;O001101;09/10/2025;PM2;4999.57;Failed
PAY001102;O001102;09/28/2025;PM2;2991.12;Failed
PAY001103;O001103;10/12/2022;PM3;8114.46;Paid
PAY001104;O001104;08/27/2021;PM4;2109.27;Failed
PAY001105;O001105;06/20/2025;PM5;2953.59;Failed
PAY001106;O001106;03/13/2023;PM4;621.21;Paid
PAY001107;O001107;12/03/2024;PM2;1852.25;Failed
PAY001108;O001108;05/25/2023;PM3;2772.36;Pending
PAY001109;O001109;02/05/2025;PM3;6669.18;Pending
PAY001110;O001110;01/22/2021;PM4;1703.33;Failed
PAY001111;O001111;02/22/2024;PM1;1216.27;Paid
PAY001112;O001112;04/03/2024;PM4;1609.83; Paid
PAY001113;O001113;04/16/2023;PM5;3329.94;REFUNDED
PAY001114;O001114;10/09/2025;PM3;6777.83;Refunded
PAY001115;O001115;12/29/2021;PM4;3205.97;Paid
PAY001116;O001116;11/04/2022;PM3;5414.15;Pending
PAY001117;O001117;04/28/2024;PM5;3523.8; Failed
PAY001118;O001118;12/10/2021;PM2;5470.63;Paid
PAY001119;O001119;12/24/2025;PM5;2082.67; Failed
PAY001120;O001120;12/13/2025;PM2;5734.3;Pending
PAY001121;O001121;10/14/2023;PM5;2354.21;Pending
PAY001122;O001122;12/15/2021;PM4;2044.8;Failed
PAY001123;O001123;04/02/2024;PM5;1969.75;Failed
PAY001124;O001124;09/20/2022;PM1;6676.13;Refunded
PAY001125;O001125;12/31/2023;PM2;2660.1;Refunded
PAY001126;O001126;10/31/2024;PM4;3209.71;Pending
PAY001127;O001127;06/08/2024;PM3;586.96;Paid
PAY001128;O001128;09/26/2022;PM3;1894.92;Pending
PAY001129;O001129;11/16/2025;PM2;5604.91;Failed
PAY001130;O001130;05/28/2023;PM1;1479.78;Refunded
PAY001131;O001131;05/19/2023;PM5;7667.0;Paid
PAY001132;O001132;06/06/2024;PM1;7412.12;Refunded
PAY001133;O001133;02/13/2023;PM5;5196.92;Failed
PAY001134;O001134;05/16/2025;PM1;1325.4;Pending
PAY001135;O001135;12/09/2021;PM4;2523.32;Paid
PAY001136;O001136;08/12/2023;PM3;8796.99;Refunded
PAY001137;O001137;07/19/2023;PM2;413.04;Pending
PAY001138;O001138;02/17/2022;PM1;3065.22;Refunded
PAY001139;O001139;05/21/2024;PM1;4490.36;Pending
PAY001140;O001140;08/21/2024;PM1;1163.26;Paid
PAY001141;O001141;02/18/2025;PM3;5159.88;Paid
PAY001142;O001142;09/01/2024;PM3;5894.66;Failed
PAY001143;O001143;03/22/2021;PM3;8789.59;Paid
PAY001144;O001144;09/08/2024;PM1;3397.43;Pending
PAY001145;O001145;11/09/2022;PM1;3136.05;Refunded
PAY001146;O001146;11/20/2024;PM1;481.54;Pending
PAY001147;O001147;10/25/2025;PM4;7083.71;Pending
PAY001148;O001148;01/11/2024;PM3;10112.72;Refunded
PAY001149;O001149;01/02/2024;PM1;4431.09;Pending
PAY001150;O001150;05/22/2021;PM2;2094.43; Pending
PAY001151;O001151;09/17/2025;PM3;5588.21;Pending
PAY001152;O001152;11/28/2023;PM1;5143.28;Pending
PAY001153;O001153;11/28/2021;PM3;3904.88;Pending
PAY001154;O001154;10/16/2022;PM3;2457.2;Pending
PAY001155;O001155;12/27/2021;PM3;2805.6;Failed 
PAY001156;O001156;05/12/2022;PM1;9986.87;Failed
PAY001157;O001157;08/24/2022;PM2;1079.71;Refunded
PAY001158;O001158;06/13/2021;PM1;9463.88;Refunded
PAY001159;O001159;04/21/2025;PM1;4796.79;Paid
PAY001160;O001160;12/01/2021;PM3;5345.29;Paid
PAY001161;O001161;05/13/2023;PM3;4913.83;Refunded
PAY001162;O001162;05/25/2021;PM2;4844.93;Pending
PAY001163;O001163;09/27/2023;PM4;2850.21;Paid
PAY001164;O001164;11/11/2025;PM4;332.4;Failed
PAY001165;O001165;02/28/2022;PM4;17.59;Pending
PAY001166;O001166;09/13/2024;PM5;1466.15;Pending
PAY001167;O001167;09/08/2022;PM5;5391.11;Pending
PAY001168;O001168;10/23/2023;PM2;2518.72;Paid
PAY001169;O001169;12/11/2025;PM3;3790.82;Refunded
PAY001170;O001170;08/11/2024;PM1;1933.52;PENDING
PAY001171;O001171;01/17/2021;PM1;9473.86;Paid
PAY001172;O001172;11/05/2021;PM1;7298.4;Failed
PAY001173;O001173;08/16/2025;PM5;6465.1;Paid
PAY001174;O001174;12/28/2024;PM1;296.81;REFUNDED
PAY001175;O001175;02/16/2021;PM2;993.4;Pending
PAY001176;O001176;06/04/2021;PM4;3925.51;Failed
PAY001177;O001177;05/08/2024;PM4;2705.44;Refunded
PAY001178;O001178;05/15/2021;PM3;95.58;Paid
PAY001179;O001179;01/11/2021;PM5;4260.55;Refunded
PAY001180;O001180;03/16/2022;PM3;2429.95;Failed
PAY001181;O001181;04/23/2023;PM3;1406.62;Refunded
PAY001182;O001182;03/30/2023;PM1;4618.82;Paid
PAY001183;O001183;03/05/2021;PM2;7403.8;Refunded 
PAY001184;O001184;06/25/2025;PM3;3742.67;Pending
PAY001185;O001185;11/07/2024;PM2;5215.37;Paid
PAY001186;O001186;05/23/2021;PM2;5009.64;Refunded
PAY001187;O001187;12/24/2024;PM1;6896.39;Pending
PAY001188;O001188;03/01/2025;PM1;2541.65;Refunded
PAY001189;O001189;08/05/2022;PM3;10103.49;Refunded
PAY001190;O001190;12/30/2025;PM2;1307.34;Pending
PAY001191;O001191;07/24/2023;PM4;4024.78;Paid
PAY001192;O001192;06/12/2022;PM3;6854.44;Refunded
PAY001193;O001193;01/14/2022;PM2;4790.05;Refunded
PAY001194;O001194;02/02/2024;PM2;3871.79;Failed
PAY001195;O001195;04/02/2025;PM5;3956.06;Failed
PAY001196;O001196;05/04/2023;PM4;1683.63;Failed
PAY001197;O001197;11/28/2022;PM4;6199.03;Pending
PAY001198;O001198;01/03/2022;PM4;5786.92;Failed 
PAY001199;O001199;04/11/2022;PM3;119.79;Paid
PAY001200;O001200;06/09/2023;PM2;9273.68;Failed
PAY001201;O001201;03/14/2021;PM2;4577.62;Failed
PAY001202;O001202;04/09/2025;PM2;1099.34;Paid
PAY001203;O001203;04/28/2024;PM5;1798.12;Pending
PAY001204;O001204;08/08/2023;PM5;5591.12;Failed
PAY001205;O001205;05/28/2024;PM4;1643.95;Failed
PAY001206;O001206;02/17/2025;PM5;2917.75;Refunded
PAY001207;O001207;10/28/2021;PM4;4409.02;Refunded
PAY001208;O001208;10/19/2022;PM3;7507.54;Refunded
PAY001209;O001209;03/02/2025;PM2;3332.48;Pending
PAY001210;O001210;09/12/2022;PM5;2969.35;Refunded
PAY001211;O001211;07/27/2022;PM1;3078.88;Refunded
PAY001212;O001212;04/24/2022;PM5;8174.0;Refunded
PAY001213;O001213;01/05/2026;PM3;584.14;Refunded
PAY001214;O001214;07/01/2025;PM5;8295.66;Failed
PAY001215;O001215;05/25/2023;PM1;1702.73;Pending
PAY001216;O001216;07/22/2025;PM3;549.88;Paid
PAY001217;O001217;03/30/2022;PM2;1027.2;Failed
PAY001218;O001218;09/14/2023;PM2;3697.02;Paid
PAY001219;O001219;07/23/2025;PM5;4051.83;Failed
PAY001220;O001220;04/25/2024;PM2;3642.96;Failed
PAY001221;O001221;02/13/2024;PM3;3850.15;Refunded
PAY001222;O001222;08/28/2025;PM3;785.95;Paid
PAY001223;O001223;12/26/2024;PM2;4058.4;Failed
PAY001224;O001224;02/11/2024;PM5;4701.09;Paid
PAY001225;O001225;06/12/2025;PM4;476.1;Paid
PAY001226;O001226;06/10/2022;PM1;3000.47;Failed
PAY001227;O001227;12/15/2022;PM5;13926.55;Paid
PAY001228;O001228;05/14/2024;PM3;6296.06;Failed 
PAY001229;O001229;06/23/2021;PM1;4240.5;Refunded
PAY001230;O001230;09/28/2021;PM2;7032.92;Paid
PAY001231;O001231;09/25/2022;PM5;248.35;Refunded
PAY001232;O001232;01/31/2023;PM4;1824.42;Paid
PAY001233;O001233;06/12/2025;PM3;4852.58;Paid
PAY001234;O001234;10/29/2021;PM2;3864.55;Paid
PAY001235;O001235;07/14/2023;PM3;3483.46;Pending
PAY001236;O001236;12/15/2023;PM5;931.05;Failed
PAY001237;O001237;02/15/2023;PM1;2129.2;Failed
PAY001238;O001238;05/22/2024;PM2;1143.47;Paid
PAY001239;O001239;06/03/2025;PM5;3084.32;Refunded
PAY001240;O001240;05/13/2022;PM3;1214.82;Refunded
PAY001241;O001241;07/07/2024;PM1;3441.46;Paid
PAY001242;O001242;04/15/2022;PM5;2222.86;Pending
PAY001243;O001243;10/27/2025;PM3;5280.75; Refunded
PAY001244;O001244;02/09/2022;PM1;9118.3;Pending
PAY001245;O001245;12/04/2023;PM3;3437.75;Paid
PAY001246;O001246;12/20/2023;PM1;7389.64;Paid
PAY001247;O001247;04/20/2023;PM2;2985.97;Refunded
PAY001248;O001248;08/29/2024;PM5;7738.34;Pending
PAY001249;O001249;06/02/2024;PM1;474.99;Pending
PAY001250;O001250;09/13/2023;PM2;4727.31;Paid
PAY001251;O001251;12/22/2021;PM1;2515.83;Pending
PAY001252;O001252;09/04/2025;PM4;4782.47;Refunded
PAY001253;O001253;03/12/2022;PM2;10515.67;Refunded
PAY001254;O001254;06/16/2022;PM5;4864.12;Pending
PAY001255;O001255;08/18/2024;PM1;930.4;Pending
PAY001256;O001256;02/01/2023;PM4;1270.56;Failed
PAY001257;O001257;07/03/2025;PM3;33.86;Paid
PAY001258;O001258;12/30/2025;PM3;2254.45;Refunded
PAY001259;O001259;09/29/2023;PM4;4223.4;Paid
PAY001260;O001260;01/31/2023;PM3;4079.84;Refunded
PAY001261;O001261;12/03/2024;PM5;10260.73;Paid
PAY001262;O001262;01/24/2021;PM4;4195.46;Paid
PAY001263;O001263;11/26/2023;PM3;1686.53;Refunded
PAY001264;O001264;08/05/2025;PM5;273.66;Failed
PAY001265;O001265;03/01/2025;PM5;5567.31; Failed
PAY001266;O001266;02/06/2022;PM2;9219.6;Paid
PAY001267;O001267;07/11/2021;PM5;4393.7; Pending
PAY001268;O001268;04/25/2021;PM3;520.5;Pending
PAY001269;O001269;08/27/2025;PM1;4033.66;Pending
PAY001270;O001270;01/18/2023;PM4;407.37;Refunded
PAY001271;O001271;04/10/2025;PM3;5365.35;Pending
PAY001272;O001272;05/04/2025;PM2;5723.02;Pending
PAY001273;O001273;11/20/2023;PM4;5407.83;Failed
PAY001274;O001274;05/14/2023;PM4;4607.28;Paid
PAY001275;O001275;05/08/2025;PM2;1567.77;Refunded
PAY001276;O001276;06/28/2024;PM3;5051.52;Pending
PAY001277;O001277;10/27/2023;PM4;6783.95;Paid
PAY001278;O001278;08/16/2024;PM1;6075.88; Paid
PAY001279;O001279;10/21/2023;PM5;8852.69;Paid
PAY001280;O001280;01/19/2024;PM2;10678.95;Pending
PAY001281;O001281;11/02/2024;PM2;2148.13;Refunded
PAY001282;O001282;06/11/2022;PM4;3582.53;Failed
PAY001283;O001283;04/09/2024;PM1;1416.78;Refunded
PAY001284;O001284;04/17/2022;PM4;7134.88;Pending 
PAY001285;O001285;12/27/2025;PM3;3063.29;Refunded
PAY001286;O001286;05/17/2024;PM3;3154.45;Failed
PAY001287;O001287;07/23/2023;PM1;4370.17;Pending
PAY001288;O001288;01/20/2022;PM2;5969.78;Failed
PAY001289;O001289;08/14/2025;PM4;1719.96; Paid
PAY001290;O001290;08/20/2021;PM3;5906.47;Failed
PAY001291;O001291;02/16/2022;PM4;4451.29;Paid
PAY001292;O001292;02/17/2022;PM4;3969.38;Paid
PAY001293;O001293;01/16/2021;PM3;5625.27;Refunded
PAY001294;O001294;05/11/2024;PM2;2301.91;Failed
PAY001295;O001295;10/30/2021;PM3;3637.44;Failed
PAY001296;O001296;03/09/2021;PM3;1057.81;Paid 
PAY001297;O001297;06/24/2022;PM2;4482.03;Refunded
PAY001298;O001298;11/25/2025;PM5;275.5;Failed
PAY001299;O001299;03/17/2021;PM3;1338.66;Paid
PAY001300;O001300;02/27/2021;PM5;6308.17;Pending
PAY001301;O001301;08/29/2024;PM2;5497.8;Refunded
PAY001302;O001302;12/20/2025;PM2;436.54;Refunded
PAY001303;O001303;10/10/2025;PM4;3454.68;PAID
PAY001304;O001304;04/29/2024;PM2;5130.27; Failed
PAY001305;O001305;08/27/2023;PM2;5590.9;Pending
PAY001306;O001306;09/21/2022;PM2;5161.92;Failed
PAY001307;O001307;04/13/2024;PM5;5322.57;Failed
PAY001308;O001308;12/18/2021;PM1;5998.22;Failed
PAY001309;O001309;11/19/2022;PM1;6850.61;Failed
PAY001310;O001310;11/25/2024;PM1;8268.25;Paid
PAY001311;O001311;01/17/2022;PM5;2342.8;Pending
PAY001312;O001312;05/16/2025;PM5;7309.8;Refunded
PAY001313;O001313;06/20/2025;PM5;5699.07;Paid
PAY001314;O001314;05/29/2022;PM4;4048.75;Failed
PAY001315;O001315;06/19/2025;PM2;7206.02;Paid 
PAY001316;O001316;08/07/2021;PM4;1530.3;Pending
PAY001317;O001317;01/26/2021;PM2;3406.42;Pending
PAY001318;O001318;07/30/2021;PM3;5879.05;Failed
PAY001319;O001319;08/25/2025;PM2;4802.71;Paid
PAY001320;O001320;09/17/2024;PM4;8465.77;Refunded
PAY001321;O001321;05/07/2021;PM5;837.26;Pending
PAY001322;O001322;12/01/2025;PM3;1318.66;Refunded
PAY001323;O001323;07/23/2024;PM5;3378.71;Refunded
PAY001324;O001324;08/22/2022;PM1;1067.91;Paid
PAY001325;O001325;08/16/2022;PM1;1773.21;Refunded
PAY001326;O001326;11/14/2023;PM5;3686.05;Failed
PAY001327;O001327;03/31/2024;PM2;3185.76;Paid
PAY001328;O001328;09/04/2024;PM1;142.97;Refunded
PAY001329;O001329;01/24/2021;PM3;4417.57;Pending 
PAY001330;O001330;11/11/2024;PM3;459.41;Paid
PAY001331;O001331;12/14/2025;PM2;5889.33;Failed
PAY001332;O001332;09/22/2022;PM4;7596.48;Pending
PAY001333;O001333;04/21/2021;PM4;3030.77;Pending
PAY001334;O001334;06/05/2021;PM3;2632.47;Paid
PAY001335;O001335;10/16/2025;PM1;627.44;Failed
PAY001336;O001336;09/07/2021;PM2;4243.58;Pending
PAY001337;O001337;02/20/2024;PM5;6411.88;Refunded
PAY001338;O001338;12/28/2023;PM5;519.04;Failed
PAY001339;O001339;03/31/2024;PM4;11336.11;Pending
PAY001340;O001340;07/07/2023;PM1;8053.36;Pending
PAY001341;O001341;09/06/2024;PM3;932.25;Failed 
PAY001342;O001342;06/25/2025;PM1;9770.85;Paid
PAY001343;O001343;01/06/2024;PM1;3517.71;PENDING
PAY001344;O001344;07/08/2025;PM1;3879.63;Paid
PAY001345;O001345;09/12/2024;PM4;824.69;Refunded
PAY001346;O001346;11/26/2021;PM3;6217.18; Refunded
PAY001347;O001347;07/29/2025;PM3;1049.97;Paid
PAY001348;O001348;11/28/2025;PM2;4118.66;Failed
PAY001349;O001349;02/22/2022;PM1;2493.18;Paid
PAY001350;O001350;04/19/2023;PM1;8207.8;Pending
PAY001351;O001351;10/10/2025;PM5;1962.41;Pending
PAY001352;O001352;03/03/2021;PM3;4340.52;Paid
PAY001353;O001353;09/16/2023;PM3;1676.59;Pending
PAY001354;O001354;01/18/2023;PM2;3502.9;Refunded
PAY001355;O001355;03/31/2021;PM1;4217.15;Refunded 
PAY001356;O001356;11/05/2024;PM4;2192.98;Paid
PAY001357;O001357;05/30/2025;PM4;8344.92;Pending
PAY001358;O001358;08/13/2022;PM2;1852.85;Refunded
PAY001359;O001359;04/19/2025;PM3;151.73;Paid
PAY001360;O001360;07/06/2025;PM2;515.85; Failed
PAY001361;O001361;06/01/2025;PM2;5227.21;Refunded
PAY001362;O001362;08/30/2025;PM3;4244.89;Failed
PAY001363;O001363;04/16/2021;PM4;1542.07;Failed
PAY001364;O001364;02/07/2021;PM1;5340.4;Paid
PAY001365;O001365;03/06/2022;PM1;1730.06;Pending
PAY001366;O001366;02/12/2025;PM3;5184.59;Paid
PAY001367;O001367;08/20/2022;PM4;8098.87;Failed
PAY001368;O001368;12/01/2025;PM4;4819.46;Pending
PAY001369;O001369;11/24/2024;PM4;2974.48;Pending
PAY001370;O001370;08/27/2023;PM1;4497.14;Paid
PAY001371;O001371;04/21/2024;PM2;2356.82;Refunded
PAY001372;O001372;08/30/2021;PM2;3488.64;Pending
PAY001373;O001373;03/07/2023;PM4;5435.5; Paid
PAY001374;O001374;02/08/2025;PM5;4085.95;Pending
PAY001375;O001375;07/01/2023;PM1;857.19;Paid
PAY001376;O001376;02/22/2025;PM3;4953.12;Pending
PAY001377;O001377;03/01/2022;PM3;5398.3;FAILED
PAY001378;O001378;10/11/2021;PM1;960.96;Pending
PAY001379;O001379;07/22/2021;PM4;6422.81;Pending
PAY001380;O001380;10/14/2021;PM5;3748.93;Refunded
PAY001381;O001381;03/25/2021;PM4;9436.05;Failed
PAY001382;O001382;06/27/2025;PM1;3462.39;Pending
PAY001383;O001383;04/01/2023;PM3;1651.91;Pending
PAY001384;O001384;12/08/2023;PM2;4507.41;Pending 
PAY001385;O001385;05/28/2022;PM1;5676.11;Refunded
PAY001386;O001386;06/30/2025;PM5;3916.03;Pending
PAY001387;O001387;07/31/2025;PM4;276.83;Paid
PAY001388;O001388;02/06/2025;PM4;1806.17;Failed
PAY001389;O001389;01/08/2024;PM1;4326.51; Pending
PAY001390;O001390;12/11/2022;PM1;1138.64;Refunded
PAY001391;O001391;07/17/2021;PM5;4211.6;Failed
PAY001392;O001392;08/14/2022;PM4;1744.86;Paid
PAY001393;O001393;08/07/2024;PM1;918.38;Failed
PAY001394;O001394;03/29/2022;PM4;2995.23;Paid
PAY001395;O001395;02/23/2025;PM1;1921.8;Refunded
PAY001396;O001396;05/07/2023;PM5;2538.23;Paid
PAY001397;O001397;07/03/2023;PM5;1202.69;Pending
PAY001398;O001398;10/15/2021;PM3;2522.88;Refunded
PAY001399;O001399;12/26/2022;PM4;2951.42;Pending
PAY001400;O001400;02/02/2025;PM4;367.6;Refunded
PAY001401;O001401;02/29/2024;PM2;8350.07;Failed
PAY001402;O001402;06/21/2024;PM4;1215.84;Paid
PAY001403;O001403;01/27/2023;PM1;2862.42;Paid
PAY001404;O001404;09/06/2024;PM3;2887.77;Refunded
PAY001405;O001405;11/18/2022;PM5;6928.6;Failed
PAY001406;O001406;12/12/2025;PM4;2310.71;Failed
PAY001407;O001407;04/09/2021;PM4;5410.44;Refunded
PAY001408;O001408;06/27/2024;PM3;790.58;Refunded
PAY001409;O001409;10/09/2023;PM5;8257.34;Failed
PAY001410;O001410;05/30/2021;PM2;2190.27;Failed
PAY001411;O001411;09/04/2025;PM1;2966.46;Failed
PAY001412;O001412;03/20/2025;PM1;317.74;Refunded
PAY001413;O001413;04/30/2021;PM5;3471.26; Refunded
PAY001414;O001414;06/28/2022;PM1;7815.89;Failed
PAY001415;O001415;08/18/2022;PM2;1557.38;Failed
PAY001416;O001416;11/05/2023;PM4;8360.94;Pending
PAY001417;O001417;07/30/2022;PM1;9318.08;Paid
PAY001418;O001418;02/20/2024;PM2;4130.06;Paid
PAY001419;O001419;01/24/2025;PM2;3333.59;Failed
PAY001420;O001420;01/16/2023;PM1;5366.17;Failed
PAY001421;O001421;02/04/2022;PM1;7095.17;Failed
PAY001422;O001422;05/03/2023;PM1;6477.22;Pending
PAY001423;O001423;03/24/2021;PM2;422.14;Failed
PAY001424;O001424;01/09/2022;PM5;2029.46;Pending
PAY001425;O001425;01/20/2026;PM3;1898.89;Paid
PAY001426;O001426;12/12/2022;PM2;2089.87;Failed
PAY001427;O001427;05/19/2022;PM3;1790.18;Paid
PAY001428;O001428;07/30/2023;PM1;728.12;Pending
PAY001429;O001429;07/23/2025;PM1;6729.47;Pending
PAY001430;O001430;06/23/2023;PM2;3836.1;Pending
PAY001431;O001431;12/30/2021;PM2;4652.0;Paid
PAY001432;O001432;09/24/2022;PM2;2816.66;Paid
PAY001433;O001433;10/03/2023;PM5;8220.6;Paid
PAY001434;O001434;04/09/2025;PM1;2089.9;Failed
PAY001435;O001435;06/17/2024;PM5;3717.39;Pending
PAY001436;O001436;03/15/2023;PM1;2843.85;Refunded
PAY001437;O001437;03/24/2025;PM4;5340.47;Failed
PAY001438;O001438;07/24/2021;PM1;2194.67;Pending
PAY001439;O001439;02/04/2024;PM4;2856.39;Refunded
PAY001440;O001440;09/20/2024;PM2;2608.96;Refunded
PAY001441;O001441;08/13/2025;PM4;5087.96;Refunded
PAY001442;O001442;05/09/2023;PM4;1947.51;PAID
PAY001443;O001443;03/19/2021;PM4;7655.92;Paid 
PAY001444;O001444;05/23/2022;PM3;4754.5;Failed
PAY001445;O001445;10/22/2021;PM5;5396.05;Failed
PAY001446;O001446;09/10/2022;PM2;8638.39;Refunded
PAY001447;O001447;01/21/2025;PM4;1197.42;Refunded
PAY001448;O001448;02/23/2022;PM5;3066.57;Pending
PAY001449;O001449;09/03/2024;PM5;2399.07;Pending
PAY001450;O001450;08/08/2021;PM4;3140.67;Pending
PAY001451;O001451;02/27/2022;PM4;7164.71;Refunded
PAY001452;O001452;09/09/2025;PM4;6577.74;Pending
PAY001453;O001453;06/08/2022;PM4;2223.57;Paid
PAY001454;O001454;10/21/2021;PM3;1748.75;Paid
PAY001455;O001455;09/19/2021;PM1;8754.85;Refunded
PAY001456;O001456;05/24/2021;PM3;5777.12;Pending
PAY001457;O001457;12/01/2022;PM5;3402.33;Pending
PAY001458;O001458;06/16/2021;PM2;3503.53;Refunded
PAY001459;O001459;02/24/2022;PM4;9165.19;Failed
PAY001460;O001460;05/15/2022;PM4;5917.8;Paid
PAY001461;O001461;02/06/2025;PM3;7764.8;Failed
PAY001462;O001462;12/23/2021;PM4;1503.99;Pending
PAY001463;O001463;10/09/2024;PM5;836.64;Pending
PAY001464;O001464;03/05/2022;PM4;1624.55;Refunded
PAY001465;O001465;01/08/2025;PM2;6130.88;Pending
PAY001466;O001466;11/07/2022;PM4;969.06;Refunded
PAY001467;O001467;01/21/2025;PM5;8052.97;Failed
PAY001468;O001468;12/11/2022;PM2;4187.77;Failed
PAY001469;O001469;06/14/2023;PM3;10801.33; Pending
PAY001470;O001470;02/01/2021;PM1;4419.21;PENDING
PAY001471;O001471;11/20/2021;PM1;6188.28;Refunded
PAY001472;O001472;08/11/2022;PM2;12127.45;Refunded
PAY001473;O001473;11/26/2023;PM5;2873.51;Refunded
PAY001474;O001474;10/06/2025;PM1;6358.57;Pending
PAY001475;O001475;07/26/2024;PM1;9364.25;Pending
PAY001476;O001476;01/15/2024;PM3;1547.55;Failed
PAY001477;O001477;06/26/2024;PM5;273.62;Paid
PAY001478;O001478;12/09/2023;PM5;781.44;Pending
PAY001479;O001479;11/15/2024;PM5;5144.46;Failed
PAY001480;O001480;11/10/2023;PM4;1274.97;Paid
PAY001481;O001481;06/29/2023;PM3;1506.44;Refunded
PAY001482;O001482;06/14/2022;PM3;5802.25;Paid
PAY001483;O001483;04/10/2025;PM1;8841.76;Paid
PAY001484;O001484;02/14/2025;PM2;8628.85;Paid
PAY001485;O001485;05/16/2022;PM3;2925.92;Pending
PAY001486;O001486;07/06/2022;PM2;1387.63;REFUNDED
PAY001487;O001487;07/26/2022;PM4;2974.84;Refunded
PAY001488;O001488;11/04/2024;PM5;9983.21;Pending
PAY001489;O001489;08/31/2023;PM2;2989.52;Pending
PAY001490;O001490;10/05/2022;PM4;4704.3;Pending
PAY001491;O001491;05/15/2022;PM1;5071.41;Pending
PAY001492;O001492;06/15/2021;PM1;1962.14;Refunded
PAY001493;O001493;09/11/2025;PM3;1720.36;Pending 
PAY001494;O001494;05/05/2025;PM4;2449.77;Paid
PAY001495;O001495;02/18/2021;PM4;7266.53;Refunded
PAY001496;O001496;10/01/2025;PM1;1412.94;Refunded 
PAY001497;O001497;06/02/2022;PM5;1776.67;Pending
PAY001498;O001498;08/23/2022;PM5;2053.6;Failed
PAY001499;O001499;05/31/2023;PM2;1850.53;Pending
PAY001500;O001500;11/02/2023;PM3;5874.39;Pending 
PAY001501;O001501;08/26/2025;PM2;8801.08;Paid
PAY001502;O001502;12/15/2021;PM1;1320.74;Paid
PAY001503;O001503;12/22/2023;PM4;2040.42;Pending
PAY001504;O001504;10/31/2021;PM1;1856.27;Paid
PAY001505;O001505;06/23/2023;PM3;6738.19;Failed
PAY001506;O001506;03/01/2023;PM3;4465.04;Failed
PAY001507;O001507;01/21/2022;PM2;5394.69;Refunded
PAY001508;O001508;04/20/2024;PM5;5615.34;Paid
PAY001509;O001509;01/12/2026;PM4;4214.03;Paid
PAY001510;O001510;07/01/2025;PM1;286.96;Refunded
PAY001511;O001511;02/08/2024;PM2;6578.99;Paid
PAY001512;O001512;04/10/2022;PM1;7776.22;Pending
PAY001513;O001513;07/11/2022;PM1;5699.77;Refunded
PAY001514;O001514;02/27/2022;PM3;6753.77;Pending
PAY001515;O001515;09/19/2023;PM1;4300.62;Paid
PAY001516;O001516;06/13/2025;PM1;1669.23;Paid
PAY001517;O001517;05/31/2023;PM2;3635.09; Pending
PAY001518;O001518;10/05/2021;PM2;879.44; Refunded
PAY001519;O001519;08/31/2024;PM1;6558.25;Failed
PAY001520;O001520;10/24/2022;PM3;9157.56;Paid
PAY001521;O001521;08/26/2021;PM2;7038.17;Refunded
PAY001522;O001522;12/14/2022;PM3;741.52; Refunded
PAY001523;O001523;09/05/2024;PM2;2041.54;Pending
PAY001524;O001524;04/17/2024;PM4;523.47;Pending 
PAY001525;O001525;05/17/2023;PM2;5551.48;Paid
PAY001526;O001526;05/04/2025;PM4;2568.98;Paid
PAY001527;O001527;09/26/2023;PM5;8563.24; Failed
PAY001528;O001528;01/04/2026;PM1;6102.61;Pending
PAY001529;O001529;02/15/2021;PM2;224.48;Paid
PAY001530;O001530;02/21/2024;PM3;1806.75;Pending
PAY001531;O001531;03/09/2022;PM1;4730.61;Pending
PAY001532;O001532;09/24/2021;PM2;3549.42; Failed
PAY001533;O001533;10/18/2025;PM5;2517.67;Failed
PAY001534;O001534;02/20/2023;PM5;8762.91;Failed
PAY001535;O001535;06/09/2024;PM5;2874.87;Pending
PAY001536;O001536;03/16/2024;PM3;5364.97;Pending
PAY001537;O001537;02/16/2025;PM1;253.86;Refunded
PAY001538;O001538;02/04/2024;PM2;4433.2;Pending
PAY001539;O001539;09/20/2021;PM3;8155.07;Refunded
PAY001540;O001540;02/15/2023;PM2;4043.89;Failed
PAY001541;O001541;01/19/2025;PM2;7244.27;Failed
PAY001542;O001542;03/17/2022;PM4;5448.78;Paid
PAY001543;O001543;07/30/2022;PM4;3146.09;Failed
PAY001544;O001544;03/01/2025;PM3;9395.48;Failed
PAY001545;O001545;03/26/2023;PM4;3584.75;Paid
PAY001546;O001546;05/18/2023;PM3;7359.41;Failed
PAY001547;O001547;06/04/2023;PM4;1645.58;Pending
PAY001548;O001548;08/22/2023;PM4;4557.94;Paid
PAY001549;O001549;03/18/2025;PM2;2889.86;Pending
PAY001550;O001550;10/18/2022;PM1;6711.35;Refunded
PAY001551;O001551;06/02/2024;PM5;9742.96;Failed
PAY001552;O001552;10/25/2021;PM1;2896.11;Paid
PAY001553;O001553;09/16/2023;PM2;10042.91;Pending
PAY001554;O001554;10/29/2022;PM3;1830.52;Failed
PAY001555;O001555;08/12/2022;PM1;7010.59;Pending
PAY001556;O001556;11/15/2024;PM5;6170.62;Pending
PAY001557;O001557;12/16/2023;PM5;2101.48;Refunded
PAY001558;O001558;01/21/2021;PM1;9551.32;Pending
PAY001559;O001559;02/13/2024;PM4;2541.74;Refunded
PAY001560;O001560;03/21/2024;PM4;4643.99;Failed
PAY001561;O001561;10/04/2022;PM1;4080.03;Pending
PAY001562;O001562;04/20/2023;PM4;6822.07;Paid
PAY001563;O001563;11/03/2023;PM5;4581.24;Pending
PAY001564;O001564;05/01/2022;PM4;6275.03;Failed 
PAY001565;O001565;01/26/2021;PM3;7888.2;Pending
PAY001566;O001566;02/23/2025;PM4;1825.41;Paid
PAY001567;O001567;08/09/2025;PM5;2192.43;Paid
PAY001568;O001568;08/11/2023;PM4;5457.92;Failed 
PAY001569;O001569;01/16/2023;PM1;5426.35;Refunded
PAY001570;O001570;03/02/2023;PM2;3592.31;Paid
PAY001571;O001571;09/15/2022;PM1;5021.53;Refunded
PAY001572;O001572;05/16/2025;PM2;5810.47;Paid
PAY001573;O001573;05/23/2023;PM2;9019.49;Paid
PAY001574;O001574;12/18/2022;PM5;7114.18;Pending
PAY001575;O001575;07/03/2025;PM5;658.38; Paid
PAY001576;O001576;02/14/2025;PM3;2614.05;Failed
PAY001577;O001577;10/01/2022;PM3;3450.21; Pending
PAY001578;O001578;10/20/2024;PM2;9998.54;Refunded
PAY001579;O001579;05/23/2022;PM5;7710.57;Paid
PAY001580;O001580;10/17/2023;PM1;6376.21;Paid
PAY001581;O001581;04/22/2021;PM1;227.54;Refunded
PAY001582;O001582;11/11/2025;PM2;2073.61;Pending
PAY001583;O001583;11/21/2022;PM4;704.18;Paid
PAY001584;O001584;10/21/2021;PM5;2534.74;Refunded
PAY001585;O001585;07/13/2025;PM2;10195.82;Refunded
PAY001586;O001586;01/04/2026;PM3;1047.51;Paid
PAY001587;O001587;09/09/2021;PM3;2576.69;Pending 
PAY001588;O001588;08/18/2024;PM5;1589.49;Failed
PAY001589;O001589;11/21/2021;PM4;1976.57;Failed
PAY001590;O001590;01/06/2024;PM4;1780.17;Refunded
PAY001591;O001591;08/22/2024;PM4;8310.68;Refunded
PAY001592;O001592;07/28/2021;PM3;3101.76;Paid
PAY001593;O001593;09/10/2025;PM5;1956.5;Pending
PAY001594;O001594;02/14/2021;PM4;591.55; Refunded
PAY001595;O001595;09/27/2021;PM2;3675.4;Pending
PAY001596;O001596;10/14/2023;PM1;593.86;Refunded
PAY001597;O001597;10/11/2024;PM2;3061.64;Paid
PAY001598;O001598;11/30/2022;PM4;1676.91;Failed
PAY001599;O001599;08/20/2025;PM2;7293.66;Failed
PAY001600;O001600;01/10/2023;PM5;3095.55;Pending
PAY001601;O001601;10/07/2023;PM3;5767.51; Paid
PAY001602;O001602;12/18/2024;PM5;1051.9;Paid
PAY001603;O001603;03/04/2022;PM3;1384.15; Failed
PAY001604;O001604;05/11/2021;PM4;3639.69;Paid
PAY001605;O001605;04/08/2022;PM3;5617.75;PENDING
PAY001606;O001606;07/02/2023;PM4;5625.31;Refunded
PAY001607;O001607;09/25/2025;PM5;8689.3;Paid
PAY001608;O001608;01/17/2023;PM3;1490.62;Refunded
PAY001609;O001609;09/28/2022;PM3;1457.78;Paid
PAY001610;O001610;08/24/2024;PM1;35.94;Paid
PAY001611;O001611;02/19/2023;PM3;1409.78;Refunded
PAY001612;O001612;09/15/2024;PM1;5128.47;Paid
PAY001613;O001613;05/31/2021;PM1;1958.63;Refunded
PAY001614;O001614;01/21/2022;PM2;3600.1;Paid
PAY001615;O001615;03/02/2025;PM2;239.55;Paid
PAY001616;O001616;07/24/2022;PM3;4312.41;Refunded
PAY001617;O001617;10/17/2022;PM1;6995.43;Pending
PAY001618;O001618;02/13/2021;PM3;898.27; Pending
PAY001619;O001619;01/01/2026;PM2;475.26;Pending 
PAY001620;O001620;09/09/2021;PM2;8682.51;Paid
PAY001621;O001621;12/03/2024;PM1;3706.39;PENDING
PAY001622;O001622;01/27/2023;PM5;3793.15;Refunded 
PAY001623;O001623;10/04/2025;PM5;1455.59;Refunded
PAY001624;O001624;11/01/2021;PM1;3426.0;Failed
PAY001625;O001625;07/26/2022;PM5;1015.31;Pending
PAY001626;O001626;04/12/2024;PM1;4491.05;Failed
PAY001627;O001627;07/09/2023;PM5;4863.42;Pending
PAY001628;O001628;09/22/2025;PM3;1338.82;Pending
PAY001629;O001629;02/26/2021;PM5;1206.54;Failed
PAY001630;O001630;05/24/2021;PM3;2353.76;Refunded
PAY001631;O001631;03/28/2022;PM1;8811.07;Failed
PAY001632;O001632;04/04/2024;PM2;4505.05;Paid
PAY001633;O001633;10/20/2022;PM1;2073.7;Refunded
PAY001634;O001634;09/04/2023;PM5;3185.88;Paid
PAY001635;O001635;08/16/2025;PM4;4817.57;Pending
PAY001636;O001636;06/25/2025;PM3;2276.63; Failed
PAY001637;O001637;02/16/2021;PM3;9114.56;Refunded
PAY001638;O001638;10/03/2021;PM3;2050.46;Refunded
PAY001639;O001639;09/09/2024;PM3;1856.03;Paid
PAY001640;O001640;10/21/2025;PM4;2484.21;Failed
PAY001641;O001641;05/09/2023;PM3;5493.82;Pending
PAY001642;O001642;12/29/2024;PM5;3906.53;Failed
PAY001643;O001643;08/16/2022;PM5;5208.22;Refunded
PAY001644;O001644;01/07/2024;PM4;2099.12;Paid
PAY001645;O001645;09/14/2025;PM3;1053.51;Failed
PAY001646;O001646;08/16/2025;PM4;8210.2;Refunded 
PAY001647;O001647;03/15/2021;PM5;2984.36;Pending
PAY001648;O001648;01/12/2022;PM1;3561.93; Pending
PAY001649;O001649;02/16/2021;PM2;12730.06;Refunded
PAY001650;O001650;11/19/2025;PM4;8279.61;Pending
PAY001651;O001651;12/04/2022;PM5;3144.26;Failed
PAY001652;O001652;03/25/2025;PM3;5356.73;Paid
PAY001653;O001653;03/22/2021;PM2;5615.35;Paid
PAY001654;O001654;03/15/2025;PM1;1472.08;Pending
PAY001655;O001655;12/22/2023;PM5;5235.64;Pending
PAY001656;O001656;03/24/2024;PM2;1842.15;Paid
PAY001657;O001657;04/11/2025;PM4;3346.69;Failed
PAY001658;O001658;11/09/2025;PM5;8303.46;Refunded
PAY001659;O001659;03/06/2024;PM1;79.22;Failed
PAY001660;O001660;03/05/2022;PM1;2513.2; Paid
PAY001661;O001661;11/20/2024;PM4;1942.2;Pending
PAY001662;O001662;12/19/2025;PM1;5142.51;Paid
PAY001663;O001663;04/30/2024;PM4;3546.78;Refunded 
PAY001664;O001664;06/05/2024;PM4;1709.2;Paid
PAY001665;O001665;12/13/2021;PM2;6890.88;Pending
PAY001666;O001666;08/22/2025;PM1;5523.9;Refunded 
PAY001667;O001667;10/09/2023;PM1;4456.3;Paid
PAY001668;O001668;02/22/2023;PM5;6377.65;Paid
PAY001669;O001669;10/03/2022;PM3;1784.03;Paid
PAY001670;O001670;01/12/2021;PM4;1055.95;Refunded
PAY001671;O001671;07/09/2021;PM5;2811.24;Failed
PAY001672;O001672;03/07/2025;PM3;723.82;Refunded
PAY001673;O001673;04/10/2023;PM2;4621.45;Paid
PAY001674;O001674;06/21/2024;PM3;4240.84;Paid
PAY001675;O001675;10/23/2021;PM1;8499.83;Failed
PAY001676;O001676;08/03/2024;PM1;1396.03;Refunded
PAY001677;O001677;02/26/2023;PM3;10426.01;Failed
PAY001678;O001678;09/03/2024;PM5;2738.44;Paid
PAY001679;O001679;11/03/2022;PM4;397.9;Pending
PAY001680;O001680;11/06/2022;PM2;5367.16;Pending
PAY001681;O001681;07/24/2024;PM3;3274.35;Paid
PAY001682;O001682;03/19/2022;PM2;4020.27;Refunded
PAY001683;O001683;04/03/2021;PM4;6227.56;Paid
PAY001684;O001684;08/12/2022;PM2;141.5;Refunded
PAY001685;O001685;08/11/2021;PM3;4396.96;Refunded
PAY001686;O001686;07/18/2025;PM2;648.8;Failed
PAY001687;O001687;08/16/2023;PM1;3596.57;Refunded
PAY001688;O001688;04/29/2021;PM5;401.9;Failed
PAY001689;O001689;04/07/2023;PM4;4663.92;Failed
PAY001690;O001690;05/15/2023;PM5;5642.99;Paid
PAY001691;O001691;06/26/2022;PM5;1357.4;Paid
PAY001692;O001692;01/10/2022;PM1;5712.13;Failed 
PAY001693;O001693;12/21/2021;PM3;6559.04;Failed
PAY001694;O001694;06/09/2021;PM3;1669.57;Failed
PAY001695;O001695;11/05/2025;PM5;5063.9;Refunded
PAY001696;O001696;08/26/2022;PM4;473.28;Refunded
PAY001697;O001697;08/26/2023;PM5;4949.77;Pending 
PAY001698;O001698;10/24/2023;PM4;6806.16;Failed
PAY001699;O001699;07/07/2024;PM3;7759.36;Paid
PAY001700;O001700;12/30/2022;PM5;4981.62;Pending
PAY001701;O001701;01/03/2026;PM4;8394.13;Failed 
PAY001702;O001702;06/02/2022;PM1;5745.77;Failed
PAY001703;O001703;06/24/2022;PM1;7003.19;Paid
PAY001704;O001704;12/02/2021;PM5;2005.4;Failed
PAY001705;O001705;07/25/2023;PM5;7965.05;Refunded
PAY001706;O001706;07/09/2024;PM1;7077.3; Paid
PAY001707;O001707;08/21/2023;PM1;1766.52;Failed
PAY001708;O001708;06/28/2022;PM3;2462.61;Paid
PAY001709;O001709;11/16/2024;PM1;9183.46;Failed
PAY001710;O001710;06/27/2024;PM3;4791.24;Paid
PAY001711;O001711;03/24/2021;PM4;2193.32;Failed
PAY001712;O001712;07/03/2022;PM1;4326.75;Failed
PAY001713;O001713;06/29/2025;PM5;5656.21;Refunded
PAY001714;O001714;02/24/2023;PM1;5128.37;Refunded
PAY001715;O001715;09/14/2021;PM3;5369.34;Failed
PAY001716;O001716;06/13/2025;PM4;3363.76;Failed
PAY001717;O001717;02/09/2025;PM1;4470.85;Pending
PAY001718;O001718;02/07/2024;PM3;7259.2;Paid
PAY001719;O001719;08/13/2021;PM5;1693.68;Failed
PAY001720;O001720;06/08/2021;PM5;2010.13;Refunded
PAY001721;O001721;12/02/2022;PM4;866.83;Refunded
PAY001722;O001722;07/01/2025;PM2;3345.31;Failed
PAY001723;O001723;01/01/2021;PM4;3364.55;Paid
PAY001724;O001724;05/01/2021;PM3;4332.31;Paid
PAY001725;O001725;08/19/2023;PM4;11224.96;Failed
PAY001726;O001726;06/12/2022;PM4;10088.63;Pending
PAY001727;O001727;01/09/2022;PM3;4710.96;Refunded
PAY001728;O001728;08/19/2023;PM5;1435.6;Paid
PAY001729;O001729;10/29/2024;PM5;6062.08;Paid
PAY001730;O001730;05/23/2023;PM1;3218.34;Refunded
PAY001731;O001731;03/03/2021;PM3;6939.55;Pending
PAY001732;O001732;05/13/2021;PM5;483.01;REFUNDED
PAY001733;O001733;06/04/2021;PM5;3504.52;PAID
PAY001734;O001734;09/11/2024;PM3;9175.54;Pending
PAY001735;O001735;04/12/2025;PM3;2060.07;Pending
PAY001736;O001736;10/24/2021;PM1;4868.84;Failed
PAY001737;O001737;01/02/2026;PM3;1530.47;Paid
PAY001738;O001738;10/17/2024;PM2;7878.14;Refunded
PAY001739;O001739;08/26/2025;PM3;4429.51;Refunded
PAY001740;O001740;04/09/2024;PM5;3962.74;Paid
PAY001741;O001741;11/10/2021;PM1;3349.07;Failed
PAY001742;O001742;03/17/2021;PM4;6946.86;Failed
PAY001743;O001743;05/18/2022;PM4;2223.69;Failed
PAY001744;O001744;06/14/2025;PM1;2722.23;Refunded
PAY001745;O001745;09/27/2023;PM2;4410.44;Paid
PAY001746;O001746;04/23/2022;PM5;3176.3;Pending
PAY001747;O001747;12/07/2021;PM5;3769.77;Paid
PAY001748;O001748;07/07/2023;PM1;1535.63;Pending
PAY001749;O001749;09/24/2021;PM4;2286.48;Failed
PAY001750;O001750;05/12/2021;PM2;3323.55;Refunded
PAY001751;O001751;03/15/2021;PM4;6411.86;Refunded
PAY001752;O001752;08/18/2021;PM4;2659.91;Failed
PAY001753;O001753;11/07/2025;PM5;2570.0;Failed
PAY001754;O001754;10/30/2023;PM1;3431.4; Paid
PAY001755;O001755;07/20/2024;PM3;1708.21;Pending
PAY001756;O001756;05/21/2024;PM1;91.07;Refunded
PAY001757;O001757;10/11/2024;PM5;5385.26;Pending
PAY001758;O001758;03/03/2021;PM2;3020.8;Refunded
PAY001759;O001759;01/12/2025;PM5;4983.06;Pending
PAY001760;O001760;11/23/2021;PM3;1837.15;Pending 
PAY001761;O001761;03/02/2025;PM1;6004.67;Refunded
PAY001762;O001762;02/08/2024;PM1;3807.99;Refunded
PAY001763;O001763;09/10/2025;PM4;5005.62;Refunded
PAY001764;O001764;12/16/2021;PM5;3312.98;Refunded
PAY001765;O001765;11/22/2022;PM5;4561.45;Paid
PAY001766;O001766;10/05/2024;PM5;1940.31;Failed
PAY001767;O001767;11/04/2022;PM1;1873.86;Refunded
PAY001768;O001768;04/30/2025;PM3;7675.34;Pending
PAY001769;O001769;10/20/2022;PM1;5503.57;Pending 
PAY001770;O001770;11/24/2021;PM3;6119.08;Failed
PAY001771;O001771;01/21/2022;PM3;424.23;Refunded
PAY001772;O001772;06/09/2025;PM2;2272.42;Pending
PAY001773;O001773;01/29/2024;PM2;4984.95;Paid
PAY001774;O001774;04/04/2023;PM2;5154.48;Failed
PAY001775;O001775;11/24/2023;PM1;3423.05;Failed
PAY001776;O001776;02/09/2022;PM5;9032.8;Refunded
PAY001777;O001777;01/15/2022;PM3;240.93; Failed
PAY001778;O001778;11/16/2024;PM3;4620.11; Paid
PAY001779;O001779;03/30/2025;PM1;3986.11;Failed
PAY001780;O001780;10/22/2024;PM1;4446.76;Pending
PAY001781;O001781;02/24/2024;PM1;2302.26;Pending
PAY001782;O001782;09/10/2023;PM2;5549.2;Failed
PAY001783;O001783;05/30/2022;PM2;8020.37;Refunded
PAY001784;O001784;07/21/2022;PM3;4072.3;Failed
PAY001785;O001785;03/10/2023;PM4;1703.04;Paid
PAY001786;O001786;03/03/2022;PM2;605.21; Pending
PAY001787;O001787;01/07/2021;PM4;4575.65;Failed
PAY001788;O001788;01/18/2023;PM3;2816.58;Refunded
PAY001789;O001789;12/08/2023;PM3;944.33;Paid 
PAY001790;O001790;11/21/2024;PM3;3246.76;Refunded
PAY001791;O001791;01/05/2022;PM4;4277.29;Paid
PAY001792;O001792;08/16/2022;PM1;3564.47;Failed
PAY001793;O001793;01/05/2026;PM5;3047.52;Failed
PAY001794;O001794;05/27/2022;PM1;5186.66;Refunded
PAY001795;O001795;07/22/2023;PM4;263.49;Refunded
PAY001796;O001796;09/19/2022;PM3;7095.93;Pending
PAY001797;O001797;01/17/2021;PM5;3991.6;Refunded
PAY001798;O001798;07/26/2022;PM2;1732.2;Refunded 
PAY001799;O001799;07/05/2021;PM5;7297.62;Failed
PAY001800;O001800;08/06/2021;PM2;4080.83;Failed
PAY001801;O001801;02/13/2025;PM5;1534.21;Refunded 
PAY001802;O001802;07/21/2022;PM5;7083.09;Refunded
PAY001803;O001803;10/03/2025;PM1;1387.09;Failed
PAY001804;O001804;05/11/2024;PM1;6019.56;Paid
PAY001805;O001805;11/13/2024;PM3;1998.92;Failed
PAY001806;O001806;02/10/2021;PM1;4231.29;Pending
PAY001807;O001807;07/27/2024;PM4;3752.1;Failed
PAY001808;O001808;04/05/2025;PM5;1946.4;Pending
PAY001809;O001809;08/04/2025;PM4;8490.88;Failed
PAY001810;O001810;11/16/2025;PM3;3502.9;Paid
PAY001811;O001811;08/13/2024;PM4;1452.8;PAID
PAY001812;O001812;04/08/2021;PM4;8536.08;Refunded
PAY001813;O001813;10/17/2023;PM3;5166.49;Refunded
PAY001814;O001814;05/28/2025;PM5;6174.22;Paid
PAY001815;O001815;10/22/2024;PM4;9473.84; Refunded
PAY001816;O001816;09/22/2024;PM2;2214.52;Paid
PAY001817;O001817;06/08/2022;PM3;4950.88;Paid
PAY001818;O001818;08/22/2024;PM1;918.67;Refunded
PAY001819;O001819;11/09/2025;PM5;5860.28;Failed
PAY001820;O001820;10/03/2023;PM2;3738.46;Failed
PAY001821;O001821;11/26/2021;PM5;4424.44;Paid
PAY001822;O001822;07/11/2023;PM5;4978.38;Paid
PAY001823;O001823;01/06/2025;PM5;271.52;Failed
PAY001824;O001824;12/23/2021;PM1;1223.5;Refunded
PAY001825;O001825;08/23/2023;PM2;3857.33;Failed 
PAY001826;O001826;09/12/2022;PM3;7733.82;Failed 
PAY001827;O001827;10/09/2025;PM4;2808.9;Refunded
PAY001828;O001828;12/14/2023;PM4;575.1;Pending
PAY001829;O001829;06/29/2023;PM4;3389.35;Refunded
PAY001830;O001830;12/24/2022;PM1;2436.29;Refunded
PAY001831;O001831;11/06/2021;PM3;1300.4;Refunded 
PAY001832;O001832;05/05/2025;PM1;166.05;Refunded
PAY001833;O001833;10/21/2022;PM4;4663.71;Paid
PAY001834;O001834;09/10/2022;PM2;4567.43;Failed
PAY001835;O001835;04/21/2024;PM1;1588.08;Pending
PAY001836;O001836;06/09/2022;PM1;3190.9;Refunded
PAY001837;O001837;11/09/2024;PM2;6982.1;Pending
PAY001838;O001838;07/24/2023;PM4;4186.18;Paid
PAY001839;O001839;09/26/2022;PM1;3938.85;Refunded
PAY001840;O001840;03/09/2024;PM1;3059.96;Failed
PAY001841;O001841;09/04/2025;PM5;4194.14;Paid
PAY001842;O001842;12/08/2021;PM5;2214.52;Paid
PAY001843;O001843;12/05/2025;PM4;5582.9;Pending
PAY001844;O001844;07/13/2024;PM2;4126.2;Failed 
PAY001845;O001845;01/21/2023;PM3;2673.14;Paid
PAY001846;O001846;04/08/2024;PM5;2365.96;Refunded
PAY001847;O001847;09/03/2024;PM2;4122.42;Paid
PAY001848;O001848;04/02/2025;PM1;4110.41;Pending 
PAY001849;O001849;06/15/2021;PM1;2010.13;Paid
PAY001850;O001850;05/17/2025;PM5;1263.83;Refunded
PAY001851;O001851;03/07/2022;PM3;2752.02;Refunded
PAY001852;O001852;08/24/2022;PM5;4793.49;Pending
PAY001853;O001853;09/12/2025;PM3;4307.09;Refunded
PAY001854;O001854;10/03/2021;PM1;5341.46;Failed
PAY001855;O001855;01/02/2023;PM3;2128.07;Failed
PAY001856;O001856;06/19/2022;PM4;5942.1;Pending
PAY001857;O001857;02/06/2022;PM4;6174.73;Paid
PAY001858;O001858;07/31/2021;PM2;3891.8;Failed
PAY001859;O001859;05/25/2025;PM4;2485.73;Pending
PAY001860;O001860;09/19/2022;PM4;8214.21;Refunded
PAY001861;O001861;11/29/2021;PM1;7616.58;Refunded
PAY001862;O001862;06/24/2023;PM4;4913.81;Pending
PAY001863;O001863;09/21/2022;PM1;597.4;Failed
PAY001864;O001864;03/02/2022;PM3;5237.88;Paid
PAY001865;O001865;10/14/2025;PM4;3467.7;Refunded
PAY001866;O001866;07/31/2024;PM2;1803.63; Refunded
PAY001867;O001867;11/06/2023;PM3;37.62;Paid
PAY001868;O001868;04/08/2022;PM5;5209.92; Paid
PAY001869;O001869;01/30/2023;PM5;9423.92;Paid
PAY001870;O001870;03/04/2022;PM2;1207.46;Paid
PAY001871;O001871;10/24/2022;PM5;3153.58;Paid
PAY001872;O001872;11/12/2025;PM1;1966.0;Refunded
PAY001873;O001873;10/23/2021;PM2;2438.36;Failed
PAY001874;O001874;05/21/2024;PM2;3071.95;Failed
PAY001875;O001875;08/09/2022;PM1;10307.03;Refunded
PAY001876;O001876;01/22/2025;PM2;3801.6;Refunded 
PAY001877;O001877;11/25/2021;PM5;4506.85;Failed
PAY001878;O001878;08/03/2025;PM1;747.03;Paid
PAY001879;O001879;01/23/2022;PM2;10852.72;Refunded
PAY001880;O001880;12/09/2022;PM1;7904.3;Failed
PAY001881;O001881;01/27/2024;PM2;6162.52;Pending
PAY001882;O001882;10/19/2024;PM3;316.37;Pending
PAY001883;O001883;09/18/2023;PM1;6155.43;Failed
PAY001884;O001884;11/25/2024;PM2;3778.34;Refunded 
PAY001885;O001885;06/09/2021;PM2;4253.11;Failed
PAY001886;O001886;02/07/2025;PM1;7119.86;Paid
PAY001887;O001887;02/08/2025;PM3;1910.39;Failed
PAY001888;O001888;02/28/2022;PM1;480.02;Paid
PAY001889;O001889;11/12/2022;PM4;3254.45;Paid
PAY001890;O001890;12/23/2024;PM4;1770.45;Failed
PAY001891;O001891;10/20/2023;PM1;2810.34;Failed
PAY001892;O001892;03/12/2021;PM5;2361.33;Refunded
PAY001893;O001893;12/15/2024;PM3;1697.0; Paid
PAY001894;O001894;09/03/2022;PM3;6904.74;Paid
PAY001895;O001895;10/05/2021;PM4;2472.61;Failed
PAY001896;O001896;12/30/2025;PM2;1999.8;Pending
PAY001897;O001897;03/01/2023;PM1;1542.38;Refunded
PAY001898;O001898;10/11/2024;PM2;4158.99;Paid
PAY001899;O001899;12/09/2024;PM4;1777.02;Refunded
PAY001900;O001900;04/24/2024;PM5;864.52;Paid
PAY001901;O001901;03/20/2025;PM5;4802.69;Paid
PAY001902;O001902;11/13/2022;PM3;8858.02;Paid
PAY001903;O001903;02/19/2024;PM4;3088.09;Paid
PAY001904;O001904;12/01/2024;PM4;3335.76;Pending
PAY001905;O001905;09/29/2023;PM5;2428.97;Pending
PAY001906;O001906;06/09/2023;PM2;2835.38;Failed
PAY001907;O001907;07/06/2021;PM5;9269.52;Pending
PAY001908;O001908;04/04/2022;PM2;3737.5;Refunded
PAY001909;O001909;02/02/2021;PM1;3434.26;Failed
PAY001910;O001910;05/31/2024;PM4;5743.62;PAID
PAY001911;O001911;09/08/2022;PM3;7010.53; Pending
PAY001912;O001912;06/14/2025;PM3;5181.59;Failed
PAY001913;O001913;04/17/2025;PM2;4596.69;Failed
PAY001914;O001914;02/22/2024;PM5;1270.5;Paid
PAY001915;O001915;10/10/2024;PM1;916.03;Paid
PAY001916;O001916;06/23/2021;PM3;2603.79;Paid
PAY001917;O001917;07/10/2023;PM3;4025.69;Refunded
PAY001918;O001918;10/18/2024;PM3;11817.7;Refunded
PAY001919;O001919;12/01/2021;PM4;3116.67;Pending
PAY001920;O001920;03/18/2024;PM2;6722.37;Refunded
PAY001921;O001921;03/26/2023;PM3;2038.75;Failed
PAY001922;O001922;11/30/2023;PM4;4440.97;Paid
PAY001923;O001923;04/25/2025;PM3;10912.76;Paid
PAY001924;O001924;02/01/2022;PM4;4625.71;Paid
PAY001925;O001925;11/11/2025;PM1;5278.9;Refunded
PAY001926;O001926;03/12/2024;PM2;594.9;Failed
PAY001927;O001927;11/17/2024;PM2;1711.86;Failed
PAY001928;O001928;08/03/2025;PM1;1561.39;Paid
PAY001929;O001929;10/03/2025;PM4;3314.88;Pending
PAY001930;O001930;09/07/2022;PM4;4834.95;Refunded
PAY001931;O001931;12/28/2023;PM2;178.32;Pending
PAY001932;O001932;03/04/2021;PM4;9053.16;Failed
PAY001933;O001933;03/25/2024;PM5;5659.98;Failed
PAY001934;O001934;05/18/2025;PM3;4688.07;Pending
PAY001935;O001935;12/03/2023;PM1;2221.03;Paid
PAY001936;O001936;06/22/2024;PM5;1815.68;Failed
PAY001937;O001937;09/21/2021;PM1;1174.88;Pending
PAY001938;O001938;08/15/2025;PM2;557.93; Refunded
PAY001939;O001939;06/09/2025;PM1;2468.31;Pending
PAY001940;O001940;07/19/2021;PM4;5458.95;Failed
PAY001941;O001941;07/02/2024;PM3;1236.72;Failed 
PAY001942;O001942;08/05/2025;PM5;8370.94;Paid
PAY001943;O001943;06/09/2021;PM2;4521.89;Pending
PAY001944;O001944;04/28/2025;PM2;8685.4;Failed
PAY001945;O001945;05/06/2021;PM1;5082.0;Paid
PAY001946;O001946;10/05/2021;PM4;3977.19;Paid
PAY001947;O001947;04/02/2024;PM4;939.57;Pending
PAY001948;O001948;12/30/2025;PM2;204.93;Failed
PAY001949;O001949;06/13/2024;PM3;1956.67;Failed
PAY001950;O001950;03/18/2024;PM5;4013.68;Paid
PAY001951;O001951;12/11/2023;PM4;3147.47;Failed
PAY001952;O001952;10/26/2021;PM1;1244.52;Pending
PAY001953;O001953;09/12/2022;PM3;1929.59;FAILED
PAY001954;O001954;08/25/2024;PM4;9502.87;Refunded
PAY001955;O001955;04/22/2023;PM5;8325.57;Paid
PAY001956;O001956;01/17/2021;PM3;428.49;Failed
PAY001957;O001957;04/27/2023;PM5;8167.2; Refunded
PAY001958;O001958;12/31/2021;PM3;4684.4;Pending
PAY001959;O001959;11/21/2024;PM4;1391.04;Paid 
PAY001960;O001960;05/27/2023;PM1;4869.23;Pending
PAY001961;O001961;09/14/2021;PM4;4499.33;Failed
PAY001962;O001962;07/28/2024;PM1;5598.85;Refunded
PAY001963;O001963;06/21/2022;PM1;542.74;Failed
PAY001964;O001964;10/19/2022;PM2;3711.11;Refunded
PAY001965;O001965;03/15/2024;PM4;705.31;Paid
PAY001966;O001966;11/26/2021;PM1;869.65;Pending
PAY001967;O001967;03/24/2023;PM3;6247.64;Pending 
PAY001968;O001968;06/12/2025;PM2;7350.06; Refunded
PAY001969;O001969;12/06/2021;PM2;1164.42;Refunded
PAY001970;O001970;05/11/2021;PM2;6411.27;Paid
PAY001971;O001971;10/27/2024;PM5;5449.41;Refunded
PAY001972;O001972;04/25/2021;PM2;2671.88;Paid
PAY001973;O001973;09/17/2024;PM3;160.03;Pending
PAY001974;O001974;05/14/2025;PM2;715.35;Failed
PAY001975;O001975;02/08/2025;PM2;4065.77;Failed
PAY001976;O001976;08/20/2022;PM2;1753.13;Failed
PAY001977;O001977;01/29/2021;PM4;7474.97;Failed
PAY001978;O001978;04/15/2021;PM1;7412.52;Paid
PAY001979;O001979;10/18/2021;PM1;1193.86;Failed
PAY001980;O001980;11/13/2023;PM2;5897.65;Failed
PAY001981;O001981;07/03/2024;PM2;4526.24;Failed
PAY001982;O001982;10/18/2022;PM1;3484.84;Paid
PAY001983;O001983;05/07/2025;PM3;456.8;Pending
PAY001984;O001984;09/08/2023;PM1;4524.68;Paid
PAY001985;O001985;02/19/2025;PM4;5618.18;Pending
PAY001986;O001986;01/10/2021;PM3;4410.6;Failed
PAY001987;O001987;08/15/2024;PM1;4023.27;Refunded
PAY001988;O001988;01/12/2024;PM2;43.97; Pending
PAY001989;O001989;05/24/2024;PM1;6540.33;Refunded
PAY001990;O001990;08/13/2024;PM5;4564.55;Pending
PAY001991;O001991;05/07/2023;PM3;5755.05;Paid
PAY001992;O001992;10/28/2024;PM1;1157.49;Refunded
PAY001993;O001993;01/01/2021;PM4;1876.28;Refunded
PAY001994;O001994;12/19/2025;PM4;1292.65;Pending
PAY001995;O001995;07/30/2021;PM4;724.44;Paid
PAY001996;O001996;09/13/2024;PM1;619.55;Pending
PAY001997;O001997;08/13/2025;PM3;3290.38;Failed
PAY001998;O001998;04/10/2023;PM2;3696.87;REFUNDED
PAY001999;O001999;05/21/2025;PM1;5674.06;Refunded
PAY002000;O002000;05/26/2021;PM3;1378.3;Pending
PAY002001;O002001;06/07/2025;PM1;7068.08;Failed
PAY002002;O002002;02/17/2021;PM4;1031.74;Failed
PAY002003;O002003;11/10/2024;PM3;8419.51;Paid 
PAY002004;O002004;10/10/2023;PM3;3006.95;Refunded
PAY002005;O002005;03/14/2024;PM1;4036.59;Failed
PAY002006;O002006;08/19/2022;PM1;3142.08;Refunded
PAY002007;O002007;12/17/2025;PM4;380.26;Failed
PAY002008;O002008;04/28/2022;PM5;332.83;Failed
PAY002009;O002009;01/23/2022;PM3;73.06;Pending
PAY002010;O002010;06/20/2022;PM3;3792.57;Paid
PAY002011;O002011;01/13/2022;PM4;3207.14;Refunded
PAY002012;O002012;12/03/2024;PM3;7065.37;Pending
PAY002013;O002013;05/30/2022;PM5;2985.01;Failed
PAY002014;O002014;05/04/2024;PM3;892.5;Refunded
PAY002015;O002015;08/15/2023;PM4;4561.4;Refunded
PAY002016;O002016;04/02/2024;PM2;2216.95;Pending
PAY002017;O002017;05/05/2023;PM3;2856.34;Pending
PAY002018;O002018;04/05/2024;PM4;5757.36;Pending
PAY002019;O002019;06/04/2024;PM4;1392.34;Pending 
PAY002020;O002020;04/12/2025;PM4;1524.54; Pending
PAY002021;O002021;08/25/2022;PM5;7719.03;Refunded
PAY002022;O002022;12/13/2022;PM2;8521.71;Pending
PAY002023;O002023;03/25/2025;PM5;472.27;Refunded
PAY002024;O002024;08/01/2022;PM3;703.32;Refunded
PAY002025;O002025;07/25/2025;PM1;5417.51;Failed
PAY002026;O002026;09/06/2025;PM4;3855.47;Refunded
PAY002027;O002027;01/15/2024;PM3;2277.63;Failed
PAY002028;O002028;10/09/2025;PM5;9766.63;Failed
PAY002029;O002029;05/15/2024;PM3;4748.09;Failed
PAY002030;O002030;01/06/2021;PM1;1705.61;Paid
PAY002031;O002031;04/10/2025;PM1;5311.85;Failed
PAY002032;O002032;04/14/2021;PM5;300.0;Failed
PAY002033;O002033;04/25/2024;PM1;6780.76;Paid
PAY002034;O002034;03/06/2022;PM3;1323.98;Paid
PAY002035;O002035;04/06/2025;PM2;2087.37;PAID
PAY002036;O002036;05/05/2023;PM2;2137.32;Paid
PAY002037;O002037;11/13/2022;PM1;5646.77;Paid
PAY002038;O002038;12/22/2022;PM3;10418.7;Refunded
PAY002039;O002039;05/12/2023;PM3;3568.92;Refunded
PAY002040;O002040;02/17/2024;PM3;4205.09;Failed 
PAY002041;O002041;04/11/2025;PM1;2305.14;Failed
PAY002042;O002042;04/17/2021;PM4;2845.01;Failed
PAY002043;O002043;06/27/2025;PM3;3540.56;Paid
PAY002044;O002044;01/24/2022;PM2;5715.15;Pending
PAY002045;O002045;03/18/2022;PM2;401.78;Pending
PAY002046;O002046;09/04/2024;PM4;1965.1;Failed
PAY002047;O002047;11/30/2021;PM3;8897.45;Pending
PAY002048;O002048;12/06/2025;PM5;6676.92;Paid 
PAY002049;O002049;10/30/2025;PM3;2145.1;Failed
PAY002050;O002050;01/03/2024;PM2;1693.28;Failed
PAY002051;O002051;06/22/2023;PM1;512.75; Pending
PAY002052;O002052;06/05/2023;PM5;4789.86;Paid
PAY002053;O002053;03/07/2025;PM2;1966.27;Failed
PAY002054;O002054;05/25/2023;PM3;1280.59;Failed
PAY002055;O002055;04/06/2021;PM1;1217.02;Pending
PAY002056;O002056;08/02/2024;PM4;452.75;Paid
PAY002057;O002057;12/17/2022;PM3;5653.03;Failed
PAY002058;O002058;04/22/2022;PM1;5055.45;Paid
PAY002059;O002059;01/17/2026;PM1;5491.01;Paid
PAY002060;O002060;07/16/2024;PM1;1163.26;Paid
PAY002061;O002061;01/30/2021;PM4;2733.16;Failed
PAY002062;O002062;07/28/2024;PM1;5895.61;Refunded
PAY002063;O002063;01/29/2023;PM4;5432.71;Refunded
PAY002064;O002064;12/09/2024;PM4;706.91;Failed
PAY002065;O002065;08/14/2021;PM3;3820.88;Pending 
PAY002066;O002066;09/10/2022;PM5;6506.62;Refunded
PAY002067;O002067;11/05/2022;PM1;9384.58;Failed
PAY002068;O002068;01/30/2021;PM2;2120.67;Paid
PAY002069;O002069;05/05/2023;PM4;4356.84;Refunded
PAY002070;O002070;10/05/2025;PM3;9584.21;Pending
PAY002071;O002071;05/23/2023;PM3;7636.94;Pending
PAY002072;O002072;10/07/2025;PM3;4106.57;Failed
PAY002073;O002073;03/05/2023;PM4;1413.46;Failed
PAY002074;O002074;01/17/2021;PM1;5513.56;Pending
PAY002075;O002075;03/27/2024;PM1;5398.95;Refunded
PAY002076;O002076;08/27/2022;PM2;1610.44; Paid
PAY002077;O002077;05/05/2023;PM2;3399.9;PAID
PAY002078;O002078;10/04/2024;PM3;3756.33;Refunded
PAY002079;O002079;11/20/2022;PM2;3930.44;Refunded
PAY002080;O002080;04/08/2025;PM4;6458.78;Refunded
PAY002081;O002081;11/25/2022;PM2;3848.98; Paid
PAY002082;O002082;01/12/2023;PM5;2789.19;Refunded
PAY002083;O002083;06/27/2021;PM3;2365.65;Refunded
PAY002084;O002084;01/17/2025;PM4;3133.15;Failed
PAY002085;O002085;03/25/2023;PM4;7543.09;Failed 
PAY002086;O002086;04/18/2025;PM1;9023.13;Paid
PAY002087;O002087;04/18/2022;PM3;670.3;Paid
PAY002088;O002088;08/19/2022;PM5;531.88;Pending
PAY002089;O002089;04/03/2023;PM2;6932.6;Failed
PAY002090;O002090;03/24/2024;PM3;5239.54;Paid
PAY002091;O002091;06/16/2022;PM1;4020.38;Failed
PAY002092;O002092;07/18/2024;PM2;5008.02;Paid
PAY002093;O002093;01/17/2021;PM1;5773.6;Paid
PAY002094;O002094;08/17/2022;PM5;6025.64;Failed
PAY002095;O002095;03/16/2022;PM5;2395.42;Paid
PAY002096;O002096;01/01/2025;PM4;1626.98;Pending
PAY002097;O002097;02/17/2024;PM2;2093.38;Paid
PAY002098;O002098;09/24/2024;PM4;544.63;Pending 
PAY002099;O002099;11/29/2023;PM2;6112.97;Pending
PAY002100;O002100;04/23/2022;PM2;3261.43;Refunded
PAY002101;O002101;03/27/2025;PM5;5447.98;Failed
PAY002102;O002102;01/30/2024;PM5;8299.84;Pending
PAY002103;O002103;07/17/2021;PM1;7984.87;Failed
PAY002104;O002104;04/12/2021;PM3;3271.3;Failed
PAY002105;O002105;07/19/2024;PM5;9592.73;Failed
PAY002106;O002106;10/09/2025;PM1;7897.19;Pending
PAY002107;O002107;03/29/2021;PM3;2256.2;Paid
PAY002108;O002108;07/21/2024;PM2;2582.65;Pending 
PAY002109;O002109;01/02/2026;PM3;5531.21;FAILED
PAY002110;O002110;07/31/2025;PM1;5337.2;Refunded
PAY002111;O002111;04/27/2025;PM2;5325.29;Refunded
PAY002112;O002112;05/19/2023;PM2;4217.12;Pending
PAY002113;O002113;11/29/2022;PM5;714.64;Pending
PAY002114;O002114;02/14/2023;PM5;6130.93;Refunded
PAY002115;O002115;05/08/2023;PM3;5055.96; Failed
PAY002116;O002116;08/10/2022;PM5;4147.42;Failed
PAY002117;O002117;07/31/2023;PM5;8346.56;Failed
PAY002118;O002118;06/08/2025;PM5;5104.11;Failed
PAY002119;O002119;07/17/2024;PM5;3755.29;Failed
PAY002120;O002120;01/13/2025;PM2;4740.74;Refunded
PAY002121;O002121;06/16/2023;PM3;7877.6;Refunded
PAY002122;O002122;02/13/2024;PM4;820.72;Refunded
PAY002123;O002123;01/09/2022;PM3;1856.45;Refunded
PAY002124;O002124;12/18/2024;PM3;563.34;Failed
PAY002125;O002125;03/12/2025;PM2;8655.31;Pending
PAY002126;O002126;11/29/2024;PM4;7154.53;Pending
PAY002127;O002127;06/06/2024;PM4;3392.73;Refunded
PAY002128;O002128;05/25/2021;PM2;1661.6;Paid
PAY002129;O002129;12/30/2022;PM4;7302.54;Pending
PAY002130;O002130;11/01/2022;PM5;5950.1;Paid
PAY002131;O002131;09/20/2023;PM3;481.63;Paid
PAY002132;O002132;11/01/2023;PM5;3097.22; Failed
PAY002133;O002133;10/30/2022;PM3;5887.3;Paid
PAY002134;O002134;09/19/2022;PM5;3038.8; Refunded
PAY002135;O002135;07/10/2024;PM3;9982.61;Refunded
PAY002136;O002136;05/17/2024;PM3;5144.91;Refunded
PAY002137;O002137;10/15/2024;PM2;2039.75;FAILED
PAY002138;O002138;11/29/2021;PM2;3552.27;Refunded
PAY002139;O002139;04/07/2025;PM5;2481.6;Paid
PAY002140;O002140;03/09/2025;PM3;3425.36;Refunded
PAY002141;O002141;07/10/2022;PM4;953.16;REFUNDED
PAY002142;O002142;07/02/2025;PM4;4327.76;Refunded
PAY002143;O002143;07/18/2021;PM3;3429.24;Refunded
PAY002144;O002144;06/29/2023;PM1;4124.54;Failed
PAY002145;O002145;11/13/2025;PM4;4591.97;Failed
PAY002146;O002146;11/08/2025;PM4;3818.86;Failed
PAY002147;O002147;02/26/2025;PM3;427.46;Pending
PAY002148;O002148;08/31/2025;PM4;3143.09;Pending
PAY002149;O002149;12/20/2022;PM4;4386.18;Failed
PAY002150;O002150;04/07/2024;PM3;3889.69;Pending
PAY002151;O002151;05/10/2022;PM5;2511.8;Paid
PAY002152;O002152;11/29/2022;PM1;1904.31; Failed
PAY002153;O002153;04/19/2021;PM1;2514.38;Failed
PAY002154;O002154;03/02/2023;PM1;1369.22;Pending
PAY002155;O002155;04/24/2025;PM3;2367.62;PENDING
PAY002156;O002156;05/22/2021;PM5;7364.8;Paid
PAY002157;O002157;03/23/2024;PM2;1500.18;Failed
PAY002158;O002158;09/23/2023;PM3;2240.88;Failed
PAY002159;O002159;06/10/2021;PM2;6090.68;Failed
PAY002160;O002160;11/04/2023;PM5;5211.01;Failed
PAY002161;O002161;10/07/2025;PM1;912.42;Refunded
PAY002162;O002162;08/05/2025;PM1;630.72;Failed
PAY002163;O002163;09/17/2021;PM2;2160.45;Refunded
PAY002164;O002164;07/17/2025;PM1;2963.33;Paid
PAY002165;O002165;02/27/2024;PM2;8275.39; Paid
PAY002166;O002166;10/16/2024;PM5;2293.63; Failed
PAY002167;O002167;08/03/2025;PM4;11626.63;Pending
PAY002168;O002168;03/22/2022;PM4;1174.18;Failed
PAY002169;O002169;10/04/2025;PM1;10933.01;Pending
PAY002170;O002170;05/02/2025;PM2;2134.31;Refunded
PAY002171;O002171;04/25/2025;PM3;1777.22;Failed
PAY002172;O002172;06/23/2025;PM3;287.35;Paid
PAY002173;O002173;10/05/2021;PM3;2390.63;Pending
PAY002174;O002174;01/16/2022;PM4;9972.39;Refunded
PAY002175;O002175;09/21/2025;PM4;2442.85;Paid
PAY002176;O002176;05/05/2022;PM4;2814.15; Refunded
PAY002177;O002177;10/25/2022;PM2;751.3;Failed
PAY002178;O002178;01/01/2023;PM1;1040.66;Refunded
PAY002179;O002179;08/07/2024;PM3;3068.75;Paid
PAY002180;O002180;08/01/2024;PM2;2702.09;Failed
PAY002181;O002181;10/02/2024;PM5;4910.99; Refunded
PAY002182;O002182;10/28/2023;PM2;1839.48;Paid
PAY002183;O002183;11/09/2021;PM1;5377.22;Failed
PAY002184;O002184;09/29/2021;PM4;10698.73;Failed
PAY002185;O002185;02/13/2025;PM4;1845.38;Pending
PAY002186;O002186;03/04/2024;PM4;5023.07;Refunded 
PAY002187;O002187;09/23/2025;PM2;6708.32;Failed
PAY002188;O002188;04/05/2022;PM5;1300.66;Pending 
PAY002189;O002189;01/02/2025;PM3;3355.11;Failed
PAY002190;O002190;09/26/2025;PM5;824.31;Pending
PAY002191;O002191;03/24/2022;PM5;695.52;Paid
PAY002192;O002192;03/23/2025;PM3;2041.89;Pending 
PAY002193;O002193;08/23/2024;PM3;495.65;Paid
PAY002194;O002194;09/23/2024;PM3;4478.95; Paid
PAY002195;O002195;10/22/2023;PM3;7797.88;Refunded
PAY002196;O002196;05/28/2025;PM5;4264.36;Refunded
PAY002197;O002197;10/20/2021;PM4;1742.26;Paid
PAY002198;O002198;04/12/2025;PM3;4853.35;Refunded
PAY002199;O002199;02/12/2021;PM3;6076.37;Pending
PAY002200;O002200;05/10/2023;PM5;214.34;Failed
PAY002201;O002201;07/03/2022;PM4;9314.78;Pending
PAY002202;O002202;09/26/2022;PM4;6041.72;Refunded
PAY002203;O002203;08/27/2022;PM1;3330.57;Refunded
PAY002204;O002204;05/28/2022;PM1;8564.68;Pending
PAY002205;O002205;05/03/2025;PM1;6321.36;Paid
PAY002206;O002206;07/05/2025;PM4;3022.86;Failed
PAY002207;O002207;01/27/2022;PM1;10436.0;Pending
PAY002208;O002208;07/29/2022;PM1;3255.92;Paid
PAY002209;O002209;08/03/2023;PM5;8771.33;Paid
PAY002210;O002210;02/02/2022;PM4;5317.43;Refunded
PAY002211;O002211;07/19/2024;PM5;2436.01;Refunded
PAY002212;O002212;09/22/2025;PM5;5492.97;Paid
PAY002213;O002213;12/11/2021;PM1;1007.54;Paid
PAY002214;O002214;09/18/2025;PM4;3802.19;Failed
PAY002215;O002215;05/01/2024;PM3;2406.89;Pending
PAY002216;O002216;01/16/2025;PM5;1846.3;Pending
PAY002217;O002217;01/27/2025;PM5;5700.1;Paid
PAY002218;O002218;11/13/2021;PM2;3391.89;Paid
PAY002219;O002219;10/07/2024;PM2;4684.07;Failed
PAY002220;O002220;05/08/2023;PM5;4495.11;Paid
PAY002221;O002221;01/08/2024;PM2;7377.95;PENDING
PAY002222;O002222;04/11/2024;PM4;6406.92;Paid
PAY002223;O002223;12/10/2024;PM1;5607.49;Pending
PAY002224;O002224;09/14/2021;PM5;3104.85;Refunded
PAY002225;O002225;06/11/2024;PM4;464.78; Refunded
PAY002226;O002226;12/15/2025;PM4;8811.64;PAID
PAY002227;O002227;05/26/2024;PM1;7250.34;Failed
PAY002228;O002228;03/28/2024;PM4;6061.55;Pending
PAY002229;O002229;02/17/2023;PM4;2282.35;Paid
PAY002230;O002230;06/20/2025;PM2;6716.27;Paid
PAY002231;O002231;10/11/2021;PM5;705.32;Pending 
PAY002232;O002232;02/01/2023;PM1;2532.31;Paid
PAY002233;O002233;07/12/2022;PM2;3384.9;Paid
PAY002234;O002234;03/03/2025;PM3;5088.37;Pending
PAY002235;O002235;02/12/2021;PM4;6518.35;Paid
PAY002236;O002236;08/19/2025;PM4;4241.6;Pending
PAY002237;O002237;08/29/2022;PM3;4417.17;Refunded
PAY002238;O002238;11/24/2024;PM4;5927.13; Pending
PAY002239;O002239;07/03/2024;PM3;8409.8;Paid
PAY002240;O002240;01/02/2022;PM2;2125.03;Paid
PAY002241;O002241;01/11/2026;PM5;3612.3;Paid
PAY002242;O002242;09/18/2022;PM3;3767.82;Paid
PAY002243;O002243;05/03/2025;PM3;6487.94;Refunded
PAY002244;O002244;01/01/2022;PM2;4497.39;Failed
PAY002245;O002245;10/09/2023;PM4;1479.86;Pending
PAY002246;O002246;07/04/2022;PM4;2551.0;Failed
PAY002247;O002247;11/25/2022;PM4;2080.85;PENDING
PAY002248;O002248;01/22/2023;PM3;3105.74;Paid
PAY002249;O002249;03/28/2024;PM2;4757.2;Paid
PAY002250;O002250;09/18/2025;PM1;6951.23;Paid
PAY002251;O002251;04/16/2023;PM5;6362.55;Paid
PAY002252;O002252;12/19/2023;PM2;9462.72; Paid
PAY002253;O002253;01/17/2022;PM4;10830.9;Failed
PAY002254;O002254;10/18/2023;PM3;10182.11;Pending
PAY002255;O002255;09/04/2025;PM2;114.85;Paid
PAY002256;O002256;10/29/2021;PM3;2532.7;Pending
PAY002257;O002257;04/02/2021;PM5;3379.86;Paid
PAY002258;O002258;04/23/2023;PM5;6092.41;Paid
PAY002259;O002259;08/09/2023;PM4;8259.56;Refunded
PAY002260;O002260;11/16/2024;PM1;1857.31;Failed
PAY002261;O002261;07/31/2023;PM2;723.5;Failed 
PAY002262;O002262;07/31/2025;PM3;3507.0;Pending
PAY002263;O002263;09/20/2022;PM3;8434.9;Paid
PAY002264;O002264;08/28/2025;PM1;7807.35;Pending
PAY002265;O002265;07/26/2021;PM3;1838.34;Refunded
PAY002266;O002266;06/11/2021;PM2;8199.38;Paid
PAY002267;O002267;06/25/2021;PM2;1418.38;Failed
PAY002268;O002268;11/13/2022;PM1;5483.12;Paid
PAY002269;O002269;08/03/2023;PM1;1588.32;Refunded
PAY002270;O002270;10/10/2022;PM2;3871.03;Pending
PAY002271;O002271;07/23/2023;PM1;3624.93; Paid
PAY002272;O002272;08/03/2025;PM4;2985.26;Failed
PAY002273;O002273;05/05/2022;PM5;5181.78;Paid
PAY002274;O002274;05/25/2022;PM2;6090.82;Pending
PAY002275;O002275;07/04/2023;PM4;4440.45;Paid
PAY002276;O002276;11/27/2024;PM4;6220.85;Failed
PAY002277;O002277;12/03/2022;PM2;480.31;Refunded
PAY002278;O002278;09/29/2024;PM1;1618.59;Refunded
PAY002279;O002279;01/11/2021;PM5;5138.42;Refunded
PAY002280;O002280;01/19/2022;PM1;4269.46;Pending
PAY002281;O002281;02/21/2024;PM1;5401.32; Failed
PAY002282;O002282;10/22/2024;PM3;4745.49;Refunded
PAY002283;O002283;05/09/2024;PM5;1441.44;Failed
PAY002284;O002284;04/23/2022;PM4;1355.55;Paid
PAY002285;O002285;06/22/2021;PM2;4487.91;Failed
PAY002286;O002286;04/08/2024;PM1;459.32;Failed
PAY002287;O002287;06/02/2021;PM3;9873.46;Pending
PAY002288;O002288;07/27/2025;PM2;8524.09;Pending
PAY002289;O002289;10/24/2025;PM1;3627.73;Paid
PAY002290;O002290;07/12/2023;PM3;6154.13;Paid
PAY002291;O002291;06/28/2022;PM5;2154.03;PENDING
PAY002292;O002292;05/18/2024;PM3;6401.92; Failed
PAY002293;O002293;12/11/2021;PM4;6052.52;Refunded
PAY002294;O002294;01/27/2023;PM1;1591.45;Paid
PAY002295;O002295;01/08/2025;PM3;3260.72;Pending
PAY002296;O002296;12/14/2024;PM2;1256.13;Failed 
PAY002297;O002297;01/07/2025;PM5;1533.6;Paid
PAY002298;O002298;12/08/2022;PM5;2633.92;Refunded
PAY002299;O002299;05/17/2021;PM3;6148.76;Paid
PAY002300;O002300;08/17/2025;PM5;794.04;Refunded
PAY002301;O002301;10/09/2023;PM1;3968.2;Refunded
PAY002302;O002302;11/14/2023;PM1;2227.8;Paid
PAY002303;O002303;02/22/2022;PM2;9212.61;REFUNDED
PAY002304;O002304;11/01/2024;PM2;1259.37;Paid
PAY002305;O002305;03/27/2022;PM3;2069.59;Refunded
PAY002306;O002306;01/16/2023;PM5;383.6;Refunded
PAY002307;O002307;08/14/2025;PM1;6237.46;Failed
PAY002308;O002308;09/15/2022;PM3;3158.2;Pending
PAY002309;O002309;09/08/2021;PM4;1434.83;Pending
PAY002310;O002310;07/14/2023;PM2;4580.39;Paid 
PAY002311;O002311;09/15/2021;PM1;952.85;Paid
PAY002312;O002312;04/06/2021;PM3;1717.56;Pending
PAY002313;O002313;01/17/2021;PM2;2569.97;Pending
PAY002314;O002314;07/24/2021;PM3;3856.01;Refunded
PAY002315;O002315;08/09/2024;PM3;11109.73;Pending
PAY002316;O002316;06/25/2024;PM5;4491.52;Paid
PAY002317;O002317;09/28/2021;PM2;1204.13;Pending
PAY002318;O002318;10/29/2025;PM2;549.9;Paid
PAY002319;O002319;11/25/2023;PM5;5122.89;Paid
PAY002320;O002320;08/02/2023;PM5;4086.53;Pending
PAY002321;O002321;03/13/2021;PM1;4884.03;Pending
PAY002322;O002322;02/23/2022;PM1;4772.16;Failed
PAY002323;O002323;09/25/2022;PM1;501.56;Refunded
PAY002324;O002324;08/25/2022;PM5;3088.62;Refunded
PAY002325;O002325;05/07/2021;PM4;7085.32;Refunded
PAY002326;O002326;03/24/2023;PM5;2269.25;Pending
PAY002327;O002327;08/20/2025;PM5;11682.68;Refunded
PAY002328;O002328;11/13/2025;PM1;2827.98;Refunded
PAY002329;O002329;12/21/2025;PM4;2414.92;Failed
PAY002330;O002330;04/22/2025;PM3;9453.52;Refunded
PAY002331;O002331;01/29/2021;PM3;9002.65;Refunded
PAY002332;O002332;09/20/2025;PM4;5562.66;Pending
PAY002333;O002333;08/30/2024;PM1;4572.16;Paid
PAY002334;O002334;05/27/2025;PM3;4675.98;Paid
PAY002335;O002335;10/22/2022;PM5;4882.29;Failed
PAY002336;O002336;09/27/2022;PM4;4773.1;Paid
PAY002337;O002337;12/08/2023;PM4;2147.86;Paid
PAY002338;O002338;02/11/2021;PM2;1269.63;Pending
PAY002339;O002339;01/09/2026;PM4;8726.74;Failed
PAY002340;O002340;01/04/2024;PM1;1441.44;Refunded
PAY002341;O002341;02/24/2022;PM3;1491.59;Failed
PAY002342;O002342;07/10/2022;PM5;5514.04;Failed
PAY002343;O002343;03/22/2025;PM3;7926.48;FAILED
PAY002344;O002344;11/21/2023;PM3;4486.89;Paid
PAY002345;O002345;09/24/2023;PM1;3798.46;Pending
PAY002346;O002346;02/21/2025;PM5;4332.82;Paid
PAY002347;O002347;07/04/2023;PM2;3501.18;Paid 
PAY002348;O002348;06/07/2025;PM5;5091.2;Paid
PAY002349;O002349;01/20/2021;PM5;4856.84;Failed
PAY002350;O002350;01/21/2021;PM2;1045.98;Pending
PAY002351;O002351;03/05/2024;PM4;6198.24;Failed
PAY002352;O002352;02/07/2022;PM1;7587.34;Failed
PAY002353;O002353;06/21/2023;PM2;4707.7;Pending
PAY002354;O002354;07/02/2025;PM2;3034.93;Refunded
PAY002355;O002355;01/31/2025;PM4;701.01;Refunded
PAY002356;O002356;02/05/2025;PM3;7957.39;Refunded
PAY002357;O002357;04/01/2023;PM2;3134.32;Failed
PAY002358;O002358;08/28/2021;PM5;119.48;Failed
PAY002359;O002359;10/12/2024;PM2;2094.62;Failed
PAY002360;O002360;06/21/2025;PM4;1404.06;Refunded
PAY002361;O002361;12/26/2023;PM2;1324.71;Failed
PAY002362;O002362;01/03/2025;PM5;8982.59;Paid
PAY002363;O002363;09/25/2023;PM2;5284.53;Failed
PAY002364;O002364;09/15/2024;PM4;6089.35; Failed
PAY002365;O002365;06/12/2024;PM1;7307.94;Pending
PAY002366;O002366;04/22/2021;PM1;3301.16;Paid
PAY002367;O002367;07/21/2025;PM1;6730.87;Failed
PAY002368;O002368;05/30/2022;PM4;1723.97;Refunded
PAY002369;O002369;09/05/2022;PM1;152.21;Paid
PAY002370;O002370;11/13/2022;PM1;3197.81;Pending
PAY002371;O002371;04/25/2022;PM3;439.98;PAID
PAY002372;O002372;05/26/2024;PM2;3007.62;Paid
PAY002373;O002373;12/17/2023;PM5;1963.65;Refunded
PAY002374;O002374;01/10/2026;PM5;6312.15;Refunded
PAY002375;O002375;10/03/2024;PM2;4359.04;Pending
PAY002376;O002376;08/27/2023;PM4;670.81;Paid
PAY002377;O002377;07/31/2025;PM1;2467.46;Refunded
PAY002378;O002378;02/17/2022;PM2;2962.75;Failed
PAY002379;O002379;10/21/2023;PM5;2677.38;Refunded
PAY002380;O002380;11/07/2023;PM5;1027.44;Refunded
PAY002381;O002381;07/23/2025;PM5;1532.54;Paid
PAY002382;O002382;08/13/2021;PM1;4928.5;Refunded
PAY002383;O002383;09/28/2021;PM2;1597.38;Failed
PAY002384;O002384;08/03/2021;PM3;3352.5;Paid
PAY002385;O002385;07/02/2024;PM4;1064.09;Failed
PAY002386;O002386;03/11/2024;PM4;6240.38;Paid
PAY002387;O002387;09/27/2021;PM1;3211.53;Failed
PAY002388;O002388;09/06/2022;PM2;339.38;Pending
PAY002389;O002389;02/08/2025;PM2;2616.24;Failed
PAY002390;O002390;07/19/2024;PM5;2618.74;PENDING
PAY002391;O002391;09/21/2022;PM2;1816.45;Failed
PAY002392;O002392;05/14/2025;PM1;2839.26;Failed
PAY002393;O002393;07/08/2022;PM2;368.41; Failed
PAY002394;O002394;11/02/2022;PM5;4574.76;Pending
PAY002395;O002395;10/27/2021;PM3;1234.09;Failed
PAY002396;O002396;02/06/2025;PM2;6902.3;Pending
PAY002397;O002397;02/22/2022;PM2;2713.57;Refunded
PAY002398;O002398;06/27/2024;PM5;5140.25;Paid
PAY002399;O002399;08/16/2023;PM4;5281.1;Paid
PAY002400;O002400;09/09/2021;PM5;901.56;Refunded
PAY002401;O002401;04/12/2023;PM2;1306.09;Pending
PAY002402;O002402;12/19/2025;PM3;4658.96;REFUNDED
PAY002403;O002403;05/07/2022;PM1;3601.01;Failed
PAY002404;O002404;02/04/2025;PM4;4631.82;Paid
PAY002405;O002405;04/29/2022;PM3;5246.85;Paid
PAY002406;O002406;04/25/2022;PM5;5613.58;Pending
PAY002407;O002407;04/22/2021;PM4;5040.19;Refunded
PAY002408;O002408;01/29/2022;PM1;1753.81;Refunded
PAY002409;O002409;07/24/2023;PM2;4992.5;Pending
PAY002410;O002410;03/26/2022;PM4;2573.07;Paid
PAY002411;O002411;04/07/2021;PM2;4202.21;Failed
PAY002412;O002412;05/01/2023;PM5;3325.45;Pending
PAY002413;O002413;11/27/2021;PM5;1750.57;Refunded
PAY002414;O002414;02/07/2025;PM1;4203.42;Refunded
PAY002415;O002415;01/07/2022;PM4;5633.52;Refunded
PAY002416;O002416;11/09/2022;PM1;4381.41;Pending
PAY002417;O002417;09/04/2022;PM3;7338.87;Paid
PAY002418;O002418;08/28/2023;PM2;4054.5;Pending
PAY002419;O002419;07/26/2023;PM1;3659.48;Paid
PAY002420;O002420;01/01/2025;PM1;733.27;Pending
PAY002421;O002421;09/28/2022;PM1;3578.63;Pending
PAY002422;O002422;12/09/2022;PM4;73.23;Pending
PAY002423;O002423;06/16/2022;PM5;79.78;Refunded
PAY002424;O002424;01/06/2023;PM4;2697.18;Paid
PAY002425;O002425;04/16/2025;PM5;10385.01;Pending 
PAY002426;O002426;04/08/2022;PM3;2308.4;Failed
PAY002427;O002427;10/29/2023;PM4;5226.07;Paid
PAY002428;O002428;06/20/2023;PM5;9586.71;Pending
PAY002429;O002429;11/12/2025;PM2;9149.28;Refunded
PAY002430;O002430;03/10/2023;PM2;5887.4;Refunded
PAY002431;O002431;01/30/2024;PM2;1334.1;Paid
PAY002432;O002432;10/24/2024;PM5;10322.41;Failed
PAY002433;O002433;02/07/2022;PM4;4010.95;Refunded
PAY002434;O002434;03/11/2025;PM2;301.78;Refunded 
PAY002435;O002435;09/16/2024;PM2;5128.04;Failed
PAY002436;O002436;02/20/2024;PM5;3364.06;Paid
PAY002437;O002437;07/06/2022;PM3;5504.54;Failed
PAY002438;O002438;08/22/2022;PM2;5090.39;Refunded
PAY002439;O002439;02/22/2024;PM3;4917.27;Pending
PAY002440;O002440;04/16/2024;PM4;2423.28;Pending
PAY002441;O002441;02/16/2024;PM2;923.04;Pending
PAY002442;O002442;09/09/2024;PM1;4464.22;Refunded
PAY002443;O002443;04/18/2022;PM2;5768.66;Pending
PAY002444;O002444;08/18/2023;PM3;3198.0;Paid
PAY002445;O002445;03/27/2022;PM3;523.75;Paid
PAY002446;O002446;04/01/2021;PM3;285.93;Paid
PAY002447;O002447;12/27/2021;PM5;4757.56;Failed
PAY002448;O002448;01/20/2024;PM3;1027.2;Refunded
PAY002449;O002449;05/01/2024;PM1;29.79;Pending
PAY002450;O002450;02/09/2025;PM2;4864.44;Paid
PAY002451;O002451;11/02/2022;PM2;3829.78;Refunded
PAY002452;O002452;12/05/2022;PM1;4083.7;Paid
PAY002453;O002453;03/19/2021;PM2;3046.77;Refunded
PAY002454;O002454;05/03/2023;PM5;2822.92;Failed
PAY002455;O002455;07/12/2022;PM5;3739.74;Paid
PAY002456;O002456;11/08/2024;PM1;2046.12;Failed
PAY002457;O002457;08/13/2022;PM2;6026.39;Paid
PAY002458;O002458;08/28/2025;PM2;7551.97;Refunded
PAY002459;O002459;12/01/2025;PM2;3928.99;Refunded
PAY002460;O002460;11/06/2023;PM1;1169.0;Pending
PAY002461;O002461;12/30/2023;PM1;3073.01;Failed
PAY002462;O002462;10/21/2022;PM3;4288.26;Pending
PAY002463;O002463;05/29/2023;PM4;4644.74;Pending
PAY002464;O002464;08/31/2023;PM2;3813.09;Refunded
PAY002465;O002465;02/12/2021;PM3;1880.71;Failed
PAY002466;O002466;07/23/2021;PM4;5033.32;Paid
PAY002467;O002467;12/02/2021;PM1;7006.09;Pending
PAY002468;O002468;09/04/2021;PM4;2937.62;Refunded
PAY002469;O002469;06/11/2023;PM2;959.41;Refunded
PAY002470;O002470;06/06/2021;PM4;4085.56;Refunded
PAY002471;O002471;10/29/2025;PM5;3191.68;Refunded
PAY002472;O002472;06/19/2022;PM4;3887.61;Failed
PAY002473;O002473;03/01/2023;PM2;5605.05;Pending
PAY002474;O002474;01/20/2024;PM2;1741.24;Paid
PAY002475;O002475;12/17/2024;PM1;1839.25;Refunded
PAY002476;O002476;01/07/2023;PM5;3856.52;Refunded
PAY002477;O002477;03/25/2024;PM5;6135.03;Pending
PAY002478;O002478;07/10/2025;PM2;7634.41;Refunded
PAY002479;O002479;07/07/2023;PM5;3940.13;Refunded
PAY002480;O002480;10/16/2021;PM1;1571.5;Pending
PAY002481;O002481;12/14/2022;PM2;2106.39;Pending
PAY002482;O002482;11/14/2023;PM5;3534.55;Refunded
PAY002483;O002483;07/17/2023;PM1;2878.67;Paid
PAY002484;O002484;02/28/2023;PM5;11856.81;Refunded
PAY002485;O002485;06/30/2024;PM3;6082.16;Failed
PAY002486;O002486;07/25/2024;PM3;3429.08;Paid
PAY002487;O002487;12/09/2023;PM1;4470.04;Failed
PAY002488;O002488;12/30/2021;PM3;6047.98;Failed
PAY002489;O002489;02/25/2023;PM5;3516.66;Pending
PAY002490;O002490;10/25/2025;PM1;1327.03;Pending
PAY002491;O002491;03/27/2021;PM2;4086.62;Refunded
PAY002492;O002492;11/19/2022;PM3;1298.54;Refunded
PAY002493;O002493;12/15/2022;PM3;9336.98;Failed
PAY002494;O002494;12/01/2023;PM1;4675.65;Paid
PAY002495;O002495;08/09/2025;PM1;1748.75;Refunded
PAY002496;O002496;12/09/2022;PM2;5233.26;Paid
PAY002497;O002497;03/05/2023;PM4;2189.1;Refunded 
PAY002498;O002498;02/23/2024;PM5;6573.72;Pending
PAY002499;O002499;09/04/2022;PM4;7546.53; Paid
PAY002500;O002500;11/08/2025;PM4;855.93;Failed 
