OrderID;Gender;ChannelName;PaymentMethod;YearNumber;MonthNumber;TotalQuantity;AvgDiscount;NumberOfProducts;NumberOfCategories;TotalRevenue
O000001;Female;Store;Cash;2025;5;13;0,133333333333333;3;2;2955,03
O000002;Female;Marketplace;Wallet;2021;9;7;0,05;3;2;3462,84
O000003;Female;Call Center;Wallet;2023;9;5;0,05;1;1;2320,04
O000004;Unknown;Call Center;Wallet;2022;11;15;0,04;5;4;6086,38
O000005;Female;Store;COD;2025;8;7;0,075;4;3;3012,09
O000006;Female;Marketplace;Wallet;2021;10;6;0,2;1;1;2770,08
O000007;Male;Call Center;Card;2023;12;15;0,05;5;4;6223,2
O000008;Male;Call Center;Wallet;2025;6;18;0,05;4;3;7116,79
O000009;Female;Marketplace;Cash;2025;1;7;0;3;1;2287,51
O000010;Unknown;Mobile App;Wallet;2021;12;5;0;1;1;3333,85
O000011;Male;Marketplace;Bank Transfer;2022;3;6;0,2;2;1;2382,25
O000012;Male;Call Center;Cash;2022;5;4;0,2;1;1;899,3
O000013;Female;Call Center;Wallet;2024;2;15;0,133333333333333;3;3;8345,37
O000014;Unknown;Store;Bank Transfer;2024;7;10;0,0666666666666667;3;3;4286,37
O000015;Unknown;Store;COD;2023;8;4;0,05;2;2;2006,53
O000016;Male;Mobile App;Card;2022;10;16;0,08;5;4;5773,29
O000017;Unknown;Mobile App;Bank Transfer;2021;8;4;0,2;1;1;345,15
O000018;Female;Store;Card;2022;8;16;0,116666666666667;3;2;5772,42
O000019;Male;Mobile App;Bank Transfer;2022;4;15;0,08;5;3;6577,21
O000020;Unknown;Mobile App;Card;2024;9;4;0;1;1;2979,48
O000021;Male;Call Center;Card;2024;8;19;0,05;4;3;8232,37
O000022;Female;Web;Wallet;2021;4;19;0,08;5;5;7348,32
O000023;Female;Mobile App;Bank Transfer;2022;8;19;0,0875;4;4;6413,02
O000024;Male;Call Center;Cash;2021;5;17;0,09;5;4;4284,67
O000025;Male;Call Center;Wallet;2024;8;2;0,125;2;1;1048,22
O000026;Female;Mobile App;Cash;2024;11;11;0,0333333333333333;3;2;1955,98
O000027;Female;Web;Wallet;2023;11;12;0,0833333333333333;3;2;5870,19
O000028;Female;Web;Wallet;2021;7;12;0,07;5;4;3837,76
O000029;Unknown;Web;Cash;2021;2;6;0;1;1;748,86
O000030;Male;Mobile App;COD;2021;3;7;0,025;2;2;2665,03
O000031;Male;Store;Wallet;2023;1;11;0;2;2;2466,54
O000032;Unknown;Store;Cash;2023;6;9;0,05;3;3;3236,92
O000033;Unknown;Marketplace;Cash;2022;8;9;0,0875;4;3;5373,25
O000034;Male;Store;COD;2024;11;17;0,1375;4;3;5707,04
O000035;Female;Mobile App;COD;2021;8;6;0;1;1;2636,04
O000036;Male;Marketplace;Card;2025;4;14;0,1;5;3;6449,89
O000037;Male;Marketplace;Bank Transfer;2025;4;5;0,15;2;2;2364,52
O000038;Male;Web;Bank Transfer;2024;4;7;0,0375;4;3;2654,16
O000039;Female;Call Center;Bank Transfer;2021;3;14;0,0333333333333333;3;2;5403,58
O000040;Unknown;Mobile App;Bank Transfer;2021;12;6;0,2;3;3;2016,86
O000041;Male;Mobile App;COD;2023;5;15;0,166666666666667;3;3;5833,29
O000042;Female;Mobile App;Card;2024;9;2;0,05;1;1;737,69
O000043;Female;Web;Wallet;2022;10;4;0,025;2;2;1709,97
O000044;Female;Mobile App;Cash;2022;2;6;0,1;1;1;3186,81
O000045;Female;Store;Wallet;2023;4;18;0,09;5;3;7474,7
O000046;Female;Web;Bank Transfer;2021;10;7;0,0666666666666667;3;3;1047,83
O000047;Male;Marketplace;Bank Transfer;2021;2;15;0,0625;4;4;5605,4
O000048;Male;Web;Cash;2022;2;10;0,1;3;3;4582,06
O000049;Female;Marketplace;Card;2022;12;7;0,025;2;2;1806,4
O000050;Male;Call Center;COD;2025;1;11;0,05;3;2;5648,59
O000051;Female;Marketplace;Card;2024;2;21;0,08;5;4;9692,84
O000052;Male;Call Center;Card;2022;8;14;0,025;4;2;4924,23
O000053;Female;Call Center;Cash;2024;11;9;0,2;2;2;5144,3
O000054;Female;Mobile App;Wallet;2022;9;12;0,0625;4;4;1641,78
O000055;Female;Marketplace;Wallet;2022;8;8;0,05;2;2;3304,53
O000056;Female;Mobile App;COD;2021;3;3;0;1;1;549,09
O000057;Unknown;Marketplace;Cash;2024;10;6;0;1;1;1580,94
O000058;Unknown;Call Center;Wallet;2023;8;19;0,06;5;4;8330,91
O000059;Female;Store;Card;2022;7;7;0,075;2;2;3041,65
O000060;Unknown;Call Center;Card;2023;11;12;0,125;4;3;4516,32
O000061;Female;Call Center;Bank Transfer;2022;8;15;0,12;5;4;7906,82
O000062;Female;Store;Card;2025;4;20;0,075;4;4;8480,95
O000063;Unknown;Store;Card;2025;11;19;0,1;4;4;8766,75
O000064;Female;Web;Cash;2025;7;17;0,03;5;5;5794,73
O000065;Male;Call Center;Wallet;2022;8;19;0,1375;4;3;5656,11
O000066;Male;Mobile App;COD;2023;5;10;0,0833333333333333;3;3;3126,81
O000067;Female;Call Center;Card;2024;5;8;0,025;2;2;3133,75
O000068;Female;Call Center;Card;2021;7;8;0,0166666666666667;3;3;3690,72
O000069;Male;Mobile App;Cash;2022;6;1;0,1;1;1;519,39
O000070;Male;Store;Cash;2025;8;16;0,0833333333333333;3;3;5780,88
O000071;Male;Web;Wallet;2025;4;17;0,05;4;3;9957,94
O000072;Male;Marketplace;COD;2021;10;6;0;1;1;164,88
O000073;Unknown;Mobile App;Wallet;2025;1;10;0,15;2;2;6033,33
O000074;Male;Mobile App;Card;2021;3;5;0,05;1;1;2481,07
O000075;Male;Call Center;Cash;2022;5;6;0;1;1;4177,86
O000076;Female;Marketplace;Wallet;2025;8;12;0,0625;4;4;2970,34
O000077;Male;Call Center;Wallet;2025;12;19;0,1;4;3;5223,77
O000078;Female;Call Center;Cash;2024;11;9;0,025;4;3;4671,5
O000079;Male;Mobile App;Bank Transfer;2021;4;4;0,2;1;1;2272,93
O000080;Unknown;Marketplace;Cash;2025;10;21;0,06;5;4;8363,2
O000081;Female;Store;COD;2024;8;9;0,0125;4;3;4283,49
O000082;Male;Store;Card;2023;4;10;0,03;5;5;4145,43
O000083;Unknown;Store;Card;2022;1;2;0;1;1;569,72
O000084;Male;Store;COD;2021;8;5;0,2;1;1;1798,12
O000085;Female;Marketplace;Bank Transfer;2023;7;13;0,0625;3;2;3769,3
O000086;Male;Marketplace;Wallet;2021;4;15;0,0333333333333333;3;3;5049,69
O000087;Male;Call Center;Wallet;2022;12;2;0,1;1;1;1063,62
O000088;Unknown;Call Center;Cash;2024;1;4;0,05;1;1;1744,28
O000089;Female;Web;COD;2024;10;14;0,075;4;4;6452,95
O000090;Unknown;Marketplace;Wallet;2024;9;20;0,12;5;4;5023,58
O000091;Male;Mobile App;Card;2023;6;7;0,075;2;2;3460,51
O000092;Unknown;Mobile App;COD;2022;8;19;0,05;5;3;9284,18
O000093;Male;Store;Wallet;2024;3;4;0;1;1;1040,44
O000094;Male;Mobile App;Cash;2024;2;20;0,08;5;3;8681,7
O000095;Female;Marketplace;Bank Transfer;2024;4;4;0,1;2;2;1342,74
O000096;Female;Mobile App;Card;2021;10;7;0,1;2;2;1356,15
O000097;Female;Call Center;Wallet;2022;1;6;0,05;4;3;2782,48
O000098;Female;Web;Card;2022;2;13;0,05;4;3;3657,41
O000099;Male;Store;Bank Transfer;2022;1;2;0,05;1;1;820,21
O000100;Male;Store;Bank Transfer;2025;12;12;0,1;3;2;5962,47
O000101;Unknown;Web;Wallet;2024;7;17;0,17;5;4;4343,73
O000102;Female;Store;Card;2024;7;9;0,075;4;3;2973,39
O000103;Male;Call Center;Cash;2023;5;15;0,0625;4;4;3489,91
O000104;Unknown;Mobile App;Wallet;2024;1;19;0,11;5;5;5923,42
O000105;Male;Call Center;Wallet;2022;10;2;0,1;1;1;753,59
O000106;Male;Marketplace;Bank Transfer;2023;2;20;0,125;4;3;6873,86
O000107;Female;Marketplace;Wallet;2023;12;5;0;1;1;676,5
O000108;Female;Store;Wallet;2024;9;5;0,1;1;1;1952,5
O000109;Male;Call Center;Card;2022;9;4;0;1;1;2290,96
O000110;Male;Marketplace;Card;2023;8;12;0,0333333333333333;3;3;5702,68
O000111;Male;Mobile App;Wallet;2022;5;11;0,0375;4;3;3124,7
O000112;Unknown;Call Center;COD;2023;2;16;0;4;3;6437,15
O000113;Male;Web;COD;2023;12;5;0,1;2;2;1044,9
O000114;Male;Marketplace;Cash;2023;6;2;0,075;2;2;996,85
O000115;Unknown;Web;Bank Transfer;2025;6;6;0,1;2;2;3000,3
O000116;Unknown;Store;Wallet;2024;9;2;0,1;1;1;470,88
O000117;Female;Marketplace;Card;2022;5;14;0,0666666666666667;3;3;8336,05
O000118;Male;Call Center;Cash;2022;9;19;0,075;4;4;4835,78
O000119;Male;Web;Wallet;2025;3;6;0,15;2;2;2664,42
O000120;Male;Web;Card;2024;7;16;0,025;4;2;6239,51
O000121;Female;Call Center;Bank Transfer;2021;6;16;0,0375;4;3;8741,33
O000122;Male;Web;Card;2021;5;14;0,025;4;3;3145,12
O000123;Female;Marketplace;Card;2025;4;7;0;2;2;4473,29
O000124;Female;Marketplace;COD;2022;5;13;0,1375;4;4;4221,61
O000125;Female;Store;Card;2025;3;12;0,0375;4;4;5421,54
O000126;Female;Web;Cash;2022;10;6;0,075;2;2;2795,78
O000127;Male;Mobile App;Bank Transfer;2023;2;7;0,0666666666666667;3;3;4165,22
O000128;Female;Mobile App;COD;2024;5;10;0,0375;4;3;2696,95
O000129;Female;Marketplace;Cash;2023;1;9;0,05;3;3;3146,56
O000130;Female;Call Center;Card;2024;9;17;0,07;5;4;5499,91
O000131;Unknown;Store;COD;2021;8;20;0,0875;4;2;6084,18
O000132;Male;Marketplace;Cash;2025;1;8;0,0833333333333333;3;2;4332,35
O000133;Unknown;Call Center;Cash;2025;1;14;0,07;5;3;3838,47
O000134;Female;Call Center;Card;2022;7;12;0;2;2;5238,54
O000135;Unknown;Web;Cash;2025;7;18;0,05;4;3;9637,92
O000136;Unknown;Call Center;Card;2024;3;6;0,2;1;1;1930,18
O000137;Female;Store;Bank Transfer;2024;10;11;0,0333333333333333;3;3;5454,84
O000138;Unknown;Store;COD;2025;5;1;0;1;1;519,25
O000139;Female;Marketplace;Wallet;2022;7;15;0,133333333333333;3;2;2094,49
O000140;Unknown;Store;Cash;2025;3;2;0,2;1;1;449,65
O000141;Male;Marketplace;Card;2021;6;5;0,05;1;1;87,97
O000142;Male;Marketplace;Wallet;2024;5;10;0,0166666666666667;3;2;4077,54
O000143;Male;Web;Card;2023;2;6;0,05;1;1;4284,29
O000144;Male;Mobile App;Wallet;2023;10;8;0,06;5;4;2679,12
O000145;Female;Mobile App;Bank Transfer;2021;12;21;0,06;5;5;7888,48
O000146;Male;Web;Wallet;2024;8;9;0,05;2;2;2948,35
O000147;Male;Mobile App;Wallet;2023;12;2;0;2;2;834,56
O000148;Unknown;Web;COD;2024;10;24;0,08;5;3;10915,94
O000149;Male;Marketplace;Cash;2025;9;14;0,0333333333333333;3;2;6474,69
O000150;Male;Store;Card;2024;8;9;0;3;3;3200,37
O000151;Male;Call Center;Wallet;2023;4;11;0,1;3;2;3715,95
O000152;Female;Mobile App;Wallet;2021;8;18;0,0875;4;3;8049,34
O000153;Unknown;Web;COD;2025;6;13;0,0166666666666667;3;2;8615,08
O000154;Unknown;Store;COD;2022;5;6;0,2;1;1;1121,62
O000155;Unknown;Mobile App;Bank Transfer;2023;2;15;0,0875;4;3;4023,36
O000156;Male;Web;COD;2022;12;14;0,025;4;3;7413,43
O000157;Male;Marketplace;Card;2025;3;6;0,2;1;1;2082,67
O000158;Male;Marketplace;COD;2021;6;2;0,1;1;1;583,92
O000159;Unknown;Call Center;Wallet;2024;7;13;0,0166666666666667;3;3;6096,8
O000160;Unknown;Call Center;COD;2024;2;5;0,1;1;1;2768,76
O000161;Male;Marketplace;Bank Transfer;2022;8;5;0,0833333333333333;3;3;1004,1
O000162;Male;Call Center;COD;2025;1;15;0,1;3;2;6398,95
O000163;Male;Web;Bank Transfer;2022;10;13;0,05;4;4;4876,39
O000164;Female;Marketplace;COD;2025;2;11;0,02;5;5;4576,39
O000165;Female;Marketplace;COD;2025;6;5;0,05;2;2;1783,31
O000166;Female;Mobile App;Card;2021;7;17;0,0375;4;3;9521,78
O000167;Male;Marketplace;Bank Transfer;2023;1;19;0,03;5;5;8994,86
O000168;Unknown;Web;Wallet;2025;6;12;0,075;4;4;3113,19
O000169;Male;Marketplace;Cash;2023;2;8;0,0125;4;3;1768,18
O000170;Male;Mobile App;Wallet;2025;10;12;0;2;2;6283,68
O000171;Female;Store;Card;2024;9;5;0,1;2;2;1319,88
O000172;Male;Store;Bank Transfer;2023;6;22;0,09;5;2;8252,87
O000173;Female;Call Center;Wallet;2025;2;6;0,1;1;1;417,91
O000174;Male;Web;Card;2024;8;6;0;2;1;3911,82
O000175;Male;Store;Bank Transfer;2022;5;3;0;1;1;1149,72
O000176;Male;Mobile App;Wallet;2025;3;10;0,05;2;2;3641,63
O000177;Male;Web;COD;2025;1;20;0,08;5;4;7359,32
O000178;Female;Web;Wallet;2021;7;9;0,0666666666666667;3;2;2556,48
O000179;Female;Mobile App;COD;2021;3;25;0,04;5;5;8709,71
O000180;Female;Web;Bank Transfer;2022;8;11;0,05;4;4;4152,37
O000181;Female;Store;Cash;2022;3;8;0,1;3;2;1991,29
O000182;Female;Web;Card;2022;7;17;0,04;5;3;4388,32
O000183;Male;Marketplace;Wallet;2025;8;7;0,0666666666666667;3;3;2256,02
O000184;Male;Call Center;Cash;2023;7;6;0;2;2;2272,54
O000185;Unknown;Marketplace;Wallet;2022;9;19;0,05;5;3;6803,66
O000186;Unknown;Store;Bank Transfer;2021;6;4;0,2;1;1;193,28
O000187;Male;Store;COD;2024;2;16;0,025;4;3;5964,56
O000188;Female;Call Center;COD;2022;5;15;0,075;4;3;6424,08
O000189;Female;Web;Card;2025;9;23;0,01;5;4;7767,44
O000190;Female;Web;Cash;2022;7;2;0,05;1;1;1115,87
O000191;Unknown;Call Center;Bank Transfer;2025;9;11;0,075;4;3;4687,6
O000192;Female;Mobile App;Cash;2021;11;5;0;2;1;3225,36
O000193;Female;Mobile App;Wallet;2022;2;13;0,0375;4;4;3311,46
O000194;Male;Mobile App;COD;2024;5;2;0;1;1;566,7
O000195;Unknown;Store;Bank Transfer;2023;3;4;0,05;3;3;1927,55
O000196;Unknown;Web;Wallet;2022;8;9;0,05;4;4;3095
O000197;Male;Store;Bank Transfer;2022;4;16;0,0625;4;4;6411,27
O000198;Female;Store;Cash;2023;10;13;0,03;5;3;6305,12
O000199;Unknown;Mobile App;Wallet;2021;8;7;0;2;2;260,77
O000200;Male;Call Center;Card;2024;3;5;0;1;1;507,35
O000201;Female;Store;Wallet;2021;5;19;0,05;5;5;8267,54
O000202;Female;Call Center;Wallet;2021;5;1;0;1;1;217,42
O000203;Unknown;Web;Card;2022;12;6;0,1;1;1;540,11
O000204;Female;Marketplace;Wallet;2024;1;4;0;2;2;1461,25
O000205;Male;Call Center;Wallet;2025;12;2;0,2;1;1;16,85
O000206;Unknown;Store;Cash;2021;12;3;0;1;1;1134,54
O000207;Female;Call Center;Bank Transfer;2023;9;5;0,025;2;2;2339,54
O000208;Unknown;Store;COD;2023;1;11;0,0166666666666667;3;3;6162,95
O000209;Female;Store;Bank Transfer;2022;2;9;0,05;3;3;4241,83
O000210;Female;Mobile App;Cash;2024;3;17;0,05;5;3;7841,09
O000211;Male;Store;Wallet;2023;6;3;0;1;1;1380,96
O000212;Female;Web;Wallet;2023;8;20;0,07;5;3;9699,18
O000213;Unknown;Marketplace;Card;2021;7;11;0,125;4;4;4717,49
O000214;Female;Web;Bank Transfer;2021;4;3;0;1;1;1673,43
O000215;Male;Marketplace;Cash;2021;9;7;0,075;2;2;2618,77
O000216;Female;Web;Card;2023;12;4;0,1;1;1;2253,85
O000217;Female;Marketplace;Wallet;2025;10;22;0,05;5;5;5921,77
O000218;Unknown;Call Center;COD;2021;9;9;0,0666666666666667;3;3;1864,31
O000219;Female;Web;COD;2023;11;14;0,1;3;3;6757,24
O000220;Female;Mobile App;Card;2024;4;6;0,1;1;1;2372,44
O000221;Unknown;Call Center;COD;2025;1;14;0,05;3;3;8450,76
O000222;Male;Mobile App;Card;2023;6;6;0;1;1;4509,78
O000223;Male;Store;Card;2024;3;7;0,2;2;1;1688,97
O000224;Male;Marketplace;COD;2025;11;19;0,07;5;4;8132,87
O000225;Male;Marketplace;Cash;2024;1;6;0,025;2;2;1480,73
O000226;Male;Call Center;Bank Transfer;2022;12;1;0,1;1;1;711,58
O000227;Male;Store;COD;2021;2;4;0;1;1;1522,96
O000228;Male;Mobile App;Bank Transfer;2024;6;9;0,075;4;3;2109,66
O000229;Male;Marketplace;COD;2022;8;8;0,075;2;2;3683,95
O000230;Unknown;Mobile App;COD;2023;12;2;0,2;1;1;292,85
O000231;Male;Call Center;Card;2021;3;11;0,05;4;3;3656,38
O000232;Male;Mobile App;Cash;2021;3;6;0,2;1;1;2614,22
O000233;Female;Call Center;Wallet;2025;10;11;0,075;4;3;2212,15
O000234;Unknown;Mobile App;Cash;2022;7;13;0,05;4;2;2737,8
O000235;Female;Web;Wallet;2021;5;6;0;2;2;2760,84
O000236;Female;Mobile App;Wallet;2021;5;4;0,133333333333333;3;3;993,28
O000237;Male;Mobile App;COD;2021;10;4;0,0833333333333333;3;2;586,22
O000238;Female;Store;COD;2025;8;24;0,07;5;3;9294,59
O000239;Male;Web;COD;2022;5;10;0,0666666666666667;3;3;1414,1
O000240;Male;Marketplace;COD;2025;10;12;0,075;4;3;4905,96
O000241;Male;Call Center;Cash;2025;11;13;0,1;3;2;2827,79
O000242;Male;Call Center;Cash;2023;7;17;0,12;5;4;6008,35
O000243;Unknown;Marketplace;COD;2021;4;8;0;2;2;2351,9
O000244;Unknown;Mobile App;COD;2021;12;2;0,05;1;1;372,1
O000245;Female;Marketplace;Cash;2025;12;14;0,06;5;4;4852,32
O000246;Female;Mobile App;Wallet;2025;1;6;0,05;1;1;3289,47
O000247;Female;Store;COD;2022;1;4;0,05;2;2;1840,17
O000248;Female;Marketplace;Wallet;2023;10;23;0,05;5;5;6246,72
O000249;Unknown;Call Center;Wallet;2025;12;6;0,1;1;1;857,84
O000250;Male;Mobile App;Card;2021;1;10;0,0666666666666667;3;2;2521,53
O000251;Female;Call Center;COD;2022;9;24;0,01;5;4;11405,47
O000252;Female;Web;COD;2023;12;11;0;3;3;4907,92
O000253;Male;Mobile App;Bank Transfer;2021;3;4;0,1;1;1;1326,28
O000254;Female;Marketplace;COD;2021;2;12;0,0666666666666667;3;2;3690,17
O000255;Female;Call Center;COD;2021;7;6;0,1;1;1;3859,7
O000256;Male;Call Center;COD;2023;3;5;0;1;1;52,65
O000257;Female;Marketplace;COD;2024;6;12;0,0666666666666667;3;3;2463,81
O000258;Male;Mobile App;Cash;2024;8;10;0,05;4;4;2556,56
O000259;Male;Call Center;Bank Transfer;2021;10;20;0,06;5;4;5734,34
O000260;Unknown;Call Center;Card;2021;1;4;0,1;2;1;1866,14
O000261;Female;Call Center;COD;2022;7;11;0;2;2;1794,98
O000262;Female;Marketplace;COD;2022;11;2;0;1;1;699,5
O000263;Male;Mobile App;COD;2025;11;14;0,0666666666666667;3;3;4416,51
O000264;Male;Mobile App;Cash;2021;7;18;0,03;5;4;10432,12
O000265;Male;Mobile App;Bank Transfer;2021;12;3;0,1;1;1;1143,23
O000266;Male;Marketplace;Card;2025;11;1;0,2;1;1;81,25
O000267;Female;Store;Wallet;2021;4;17;0,0333333333333333;3;3;8634,45
O000268;Female;Marketplace;Card;2021;5;15;0,05;5;5;6110,33
O000269;Female;Store;Bank Transfer;2025;4;7;0,05;2;2;1695,23
O000270;Female;Mobile App;Wallet;2022;4;15;0,0833333333333333;3;3;5339,88
O000271;Unknown;Marketplace;COD;2022;3;12;0,0375;4;4;1878,39
O000272;Female;Store;Wallet;2024;7;10;0,133333333333333;3;3;4821,6
O000273;Female;Marketplace;Card;2022;2;16;0,1;4;4;6098,26
O000274;Female;Store;Bank Transfer;2025;6;2;0;1;1;1003,96
O000275;Female;Web;Wallet;2023;6;5;0,1;1;1;2967,66
O000276;Female;Mobile App;COD;2023;3;16;0,15;5;4;6451,29
O000277;Female;Web;Cash;2021;10;9;0,1;3;3;3659,77
O000278;Female;Call Center;Cash;2024;11;12;0,075;4;4;5222,15
O000279;Male;Store;Wallet;2025;11;7;0,1;4;3;2479,76
O000280;Unknown;Web;Card;2024;1;6;0,133333333333333;3;3;2062,03
O000281;Unknown;Marketplace;Cash;2022;12;3;0;1;1;1500,96
O000282;Unknown;Mobile App;Card;2022;11;11;0,0625;4;3;4858,81
O000283;Male;Store;COD;2022;7;4;0;1;1;477,92
O000284;Female;Web;Card;2021;7;23;0,05;5;4;3620,46
O000285;Male;Store;COD;2024;9;12;0,1;3;3;3834,05
O000286;Female;Marketplace;COD;2025;3;4;0;1;1;2987,4
O000287;Female;Marketplace;Bank Transfer;2025;4;8;0,116666666666667;3;3;2256,02
O000288;Unknown;Store;COD;2023;3;17;0,075;4;2;6378,16
O000289;Male;Web;Cash;2024;6;17;0,025;4;3;3485,64
O000290;Male;Marketplace;Wallet;2023;7;24;0,04;5;3;10056,17
O000291;Female;Marketplace;Wallet;2025;1;4;0,2;1;1;256,99
O000292;Female;Store;Wallet;2025;4;6;0;1;1;2018,1
O000293;Female;Mobile App;Wallet;2022;8;11;0,0333333333333333;3;3;3993,34
O000294;Female;Web;COD;2025;4;16;0,14;5;5;7072,92
O000295;Female;Web;Cash;2025;11;9;0,0166666666666667;3;3;5792,39
O000296;Male;Call Center;Wallet;2024;9;20;0,05;5;4;7879,09
O000297;Female;Store;Cash;2024;2;7;0,15;2;2;1741,95
O000298;Male;Store;COD;2022;2;8;0,1;3;3;3885,44
O000299;Male;Marketplace;Card;2025;3;11;0,1;3;3;6048,47
O000300;Male;Web;COD;2023;10;10;0,09;5;3;3295
O000301;Female;Web;Bank Transfer;2025;4;15;0,0625;4;2;5907,13
O000302;Male;Store;Bank Transfer;2025;4;6;0;1;1;870
O000303;Unknown;Call Center;Wallet;2022;10;10;0,1;3;2;6520,66
O000304;Female;Store;Card;2021;5;6;0,1;1;1;2552,04
O000305;Male;Mobile App;Card;2023;6;4;0,075;2;2;778,34
O000306;Male;Web;Bank Transfer;2023;1;19;0,0375;4;3;8280,16
O000307;Unknown;Store;Cash;2024;7;4;0,2;1;1;1181,63
O000308;Female;Mobile App;Bank Transfer;2023;7;11;0,025;4;2;5774,08
O000309;Female;Mobile App;Card;2025;4;11;0,02;5;3;4222,71
O000310;Female;Store;Card;2021;9;10;0,125;4;4;3525,59
O000311;Unknown;Call Center;Bank Transfer;2025;3;4;0;1;1;1532,96
O000312;Unknown;Mobile App;Card;2025;10;13;0,0166666666666667;3;2;3301,46
O000313;Male;Mobile App;Bank Transfer;2024;5;7;0;2;2;4867,83
O000314;Male;Call Center;COD;2022;11;13;0,02;5;4;5169,56
O000315;Female;Call Center;Card;2022;9;16;0,02;5;5;6477,69
O000316;Male;Marketplace;Cash;2024;9;10;0;2;2;4316,44
O000317;Unknown;Mobile App;COD;2021;11;9;0,025;2;2;2049,79
O000318;Male;Call Center;COD;2022;7;13;0,0333333333333333;3;3;6268,98
O000319;Female;Call Center;Card;2022;9;19;0,05;5;4;7544,76
O000320;Male;Marketplace;Wallet;2024;7;5;0,15;2;2;2962,38
O000321;Female;Mobile App;Card;2021;1;4;0;1;1;1221,28
O000322;Male;Call Center;COD;2024;8;19;0,0625;4;3;9385,56
O000323;Male;Marketplace;COD;2022;9;3;0;1;1;1186,86
O000324;Male;Web;Bank Transfer;2025;4;13;0,0875;4;3;5804,86
O000325;Female;Web;Cash;2024;12;21;0,125;4;2;8182,92
O000326;Female;Marketplace;Cash;2023;9;15;0,02;5;4;4683,57
O000327;Female;Mobile App;Wallet;2023;1;11;0,0333333333333333;3;3;6790,36
O000328;Male;Store;Card;2022;11;9;0,1;2;2;5646,11
O000329;Female;Mobile App;Wallet;2022;1;14;0,1;5;4;2304,12
O000330;Male;Store;Card;2024;6;12;0,0333333333333333;3;3;5254,08
O000331;Female;Call Center;Card;2025;10;16;0,08;5;5;8531,18
O000332;Male;Marketplace;COD;2025;6;5;0;1;1;1786,25
O000333;Unknown;Call Center;Wallet;2023;8;22;0,03;5;4;5598,54
O000334;Female;Mobile App;COD;2024;9;6;0,2;2;2;2598,89
O000335;Female;Web;Bank Transfer;2025;9;11;0,1;3;3;3020,61
O000336;Unknown;Mobile App;COD;2021;12;4;0;1;1;1726,76
O000337;Female;Store;COD;2024;10;18;0,02;5;5;10736,13
O000338;Female;Marketplace;Card;2024;12;3;0,05;1;1;1018,16
O000339;Unknown;Web;Card;2022;1;5;0;1;1;1907,1
O000340;Unknown;Store;Card;2022;1;23;0,14;5;4;6367,3
O000341;Unknown;Call Center;COD;2023;4;5;0,0166666666666667;3;2;2342,98
O000342;Male;Store;Card;2023;12;15;0,04;5;4;3103,79
O000343;Female;Mobile App;Bank Transfer;2022;2;6;0,1;2;2;3899,41
O000344;Male;Mobile App;Cash;2022;2;5;0,075;2;1;793,11
O000345;Female;Marketplace;Card;2021;5;8;0,05;3;3;2116,01
O000346;Unknown;Store;Bank Transfer;2023;8;21;0,01;5;4;6470,61
O000347;Male;Call Center;Card;2024;12;12;0,1;3;3;3401,36
O000348;Female;Store;Wallet;2021;4;5;0;2;2;1958,3
O000349;Male;Store;Card;2024;2;16;0,08;5;4;6225,56
O000350;Unknown;Call Center;Wallet;2023;1;10;0,075;2;2;5170,59
O000351;Male;Mobile App;COD;2023;1;18;0,09;5;3;7488,56
O000352;Unknown;Web;Card;2022;11;16;0,075;4;4;4191,14
O000353;Unknown;Marketplace;Bank Transfer;2022;10;1;0,05;1;1;749,81
O000354;Male;Mobile App;Card;2022;9;8;0;2;2;2244,56
O000355;Male;Marketplace;Wallet;2021;11;5;0;2;2;1426,68
O000356;Male;Call Center;Card;2024;4;11;0,1;3;2;6095,11
O000357;Unknown;Call Center;Cash;2022;12;4;0,15;2;2;820,33
O000358;Male;Mobile App;Bank Transfer;2023;7;5;0;1;1;2169,45
O000359;Unknown;Store;Cash;2023;2;8;0,05;3;3;3058,01
O000360;Female;Store;COD;2021;2;6;0;1;1;986,88
O000361;Female;Store;Cash;2024;7;4;0;1;1;307,64
O000362;Female;Call Center;Card;2023;2;2;0,2;1;1;1189,79
O000363;Female;Mobile App;Cash;2022;1;8;0,0333333333333333;3;2;2296,67
O000364;Female;Marketplace;Cash;2025;2;5;0,05;1;1;1832,69
O000365;Female;Call Center;Wallet;2023;7;10;0,075;2;2;3259,46
O000366;Male;Web;Card;2023;7;9;0;2;2;5630,22
O000367;Female;Mobile App;Wallet;2021;11;17;0,025;4;3;7465,07
O000368;Female;Call Center;Cash;2025;7;18;0,075;4;3;7632,61
O000369;Male;Mobile App;Cash;2022;5;15;0,09;5;5;5032,37
O000370;Unknown;Marketplace;COD;2023;2;7;0,05;4;3;2668,71
O000371;Female;Mobile App;Bank Transfer;2022;10;12;0,05;5;5;4427,09
O000372;Male;Call Center;COD;2021;6;3;0,1;1;1;933,04
O000373;Female;Store;COD;2022;10;8;0,1125;4;4;3269,26
O000374;Unknown;Call Center;Wallet;2025;1;4;0,075;2;2;1826,86
O000375;Female;Web;Card;2024;8;9;0,0666666666666667;3;3;3021,96
O000376;Female;Mobile App;Bank Transfer;2023;10;9;0,0625;4;2;6417,1
O000377;Male;Marketplace;COD;2024;4;11;0,0666666666666667;3;3;6135,84
O000378;Unknown;Store;Cash;2021;3;13;0;3;3;5443,87
O000379;Female;Call Center;COD;2022;2;16;0;5;4;3832,81
O000380;Male;Web;Card;2022;3;1;0,05;1;1;671,75
O000381;Female;Web;Cash;2025;12;5;0,1;1;1;200,61
O000382;Female;Store;Cash;2023;4;6;0;2;2;2893,83
O000383;Male;Web;Wallet;2024;2;11;0,1;3;3;5437,53
O000384;Male;Web;COD;2025;4;8;0,05;2;2;2483,76
O000385;Female;Web;Bank Transfer;2025;10;14;0,03;5;5;5251,3
O000386;Male;Mobile App;Bank Transfer;2022;3;2;0,15;2;2;353,93
O000387;Male;Marketplace;Bank Transfer;2025;8;9;0,05;2;2;3500,3
O000388;Unknown;Mobile App;COD;2022;12;14;0,05;4;3;6357,28
O000389;Unknown;Store;Cash;2021;2;4;0,05;1;1;1589,65
O000390;Unknown;Call Center;Card;2022;3;18;0,05;4;4;7057,13
O000391;Male;Marketplace;Bank Transfer;2021;3;8;0;2;2;2476,36
O000392;Female;Store;Bank Transfer;2025;7;23;0,0875;4;4;13025,26
O000393;Male;Store;COD;2021;5;6;0;2;2;4033,38
O000394;Female;Web;Card;2021;5;15;0,0125;4;3;7954,82
O000395;Unknown;Web;Card;2025;6;7;0,12;5;4;3715,12
O000396;Male;Call Center;Card;2021;3;7;0,1;2;2;844,15
O000397;Female;Call Center;Bank Transfer;2023;10;3;0,1;1;1;274,21
O000398;Female;Marketplace;Bank Transfer;2022;9;24;0,11;5;5;6089,56
O000399;Unknown;Web;Bank Transfer;2022;4;16;0,0333333333333333;3;3;7386,7
O000400;Male;Marketplace;Wallet;2024;12;14;0,05;3;3;6216,95
O000401;Male;Web;COD;2024;1;2;0,05;1;1;834,19
O000402;Unknown;Store;Cash;2022;2;2;0;1;1;1158,8
O000403;Male;Marketplace;Card;2021;8;17;0,06;5;4;6103,46
O000404;Male;Web;Card;2025;4;14;0,06;5;3;4095,69
O000405;Unknown;Web;COD;2023;7;21;0,075;4;4;12059,65
O000406;Male;Store;COD;2023;3;11;0,0333333333333333;3;3;4041,18
O000407;Male;Call Center;Bank Transfer;2023;7;3;0,05;1;1;1387,04
O000408;Male;Marketplace;Card;2025;10;11;0,1;2;2;3679,7
O000409;Male;Mobile App;Card;2022;4;9;0,05;2;2;5715,92
O000410;Male;Marketplace;COD;2022;7;3;0,05;2;1;1258,4
O000411;Female;Web;COD;2021;10;17;0;4;4;3253,69
O000412;Unknown;Mobile App;Wallet;2024;8;5;0;2;1;1393,92
O000413;Female;Store;Bank Transfer;2023;9;5;0,05;2;2;2314
O000414;Unknown;Call Center;Wallet;2023;1;4;0,1;1;1;1857,06
O000415;Female;Marketplace;COD;2025;8;12;0,0666666666666667;3;2;5416,77
O000416;Female;Call Center;Bank Transfer;2021;2;16;0,08;5;4;6998,37
O000417;Male;Web;Bank Transfer;2021;10;8;0,1;1;1;1054,94
O000418;Unknown;Mobile App;COD;2021;12;14;0,1375;4;3;6928,63
O000419;Male;Web;Cash;2025;7;12;0,0625;4;3;4128,38
O000420;Female;Mobile App;Cash;2023;5;4;0,1;1;1;1752,05
O000421;Male;Call Center;Cash;2022;9;12;0,1;3;1;5447,5
O000422;Female;Call Center;Bank Transfer;2021;11;2;0;1;1;1318,96
O000423;Unknown;Mobile App;COD;2021;3;6;0,05;2;1;896,25
O000424;Male;Call Center;Wallet;2021;10;21;0,06;5;2;12487,14
O000425;Male;Mobile App;Cash;2025;6;1;0,1;1;1;488,3
O000426;Female;Call Center;Cash;2024;4;12;0,0333333333333333;3;3;3238,82
O000427;Female;Call Center;Bank Transfer;2023;3;15;0,1;3;2;3565,26
O000428;Female;Marketplace;Bank Transfer;2022;7;10;0,133333333333333;3;3;4888,22
O000429;Female;Call Center;Wallet;2023;10;5;0;1;1;475,65
O000430;Male;Web;COD;2022;8;16;0,03;5;3;4451,23
O000431;Male;Store;Cash;2025;4;7;0,1;2;2;1372,04
O000432;Unknown;Store;Card;2023;10;15;0,075;4;4;6103,97
O000433;Male;Mobile App;Bank Transfer;2022;5;6;0,2;1;1;784,9
O000434;Female;Marketplace;Cash;2025;7;12;0,116666666666667;3;2;4250,31
O000435;Unknown;Call Center;Bank Transfer;2024;6;13;0,0375;4;3;4231,16
O000436;Unknown;Store;Cash;2022;10;19;0,075;4;3;8407,74
O000437;Unknown;Mobile App;Cash;2024;9;8;0,0666666666666667;3;2;4138,42
O000438;Female;Store;COD;2023;1;1;0,05;1;1;208,54
O000439;Female;Mobile App;Cash;2024;2;12;0;3;3;6464,36
O000440;Female;Mobile App;Card;2024;1;6;0,05;2;1;4368,72
O000441;Unknown;Marketplace;COD;2023;4;2;0,2;1;1;1025,71
O000442;Unknown;Marketplace;Card;2024;4;17;0,04;5;4;9884,53
O000443;Female;Web;Card;2024;11;1;0,05;1;1;502,97
O000444;Female;Marketplace;Cash;2023;4;10;0,025;2;2;2329,26
O000445;Female;Call Center;Bank Transfer;2025;5;6;0,05;2;2;3386,69
O000446;Male;Call Center;COD;2025;9;14;0,0625;4;4;6499,93
O000447;Female;Store;Wallet;2021;5;22;0,09;5;5;5687,34
O000448;Unknown;Call Center;Card;2024;4;5;0,025;2;1;1342,09
O000449;Male;Store;Wallet;2024;11;11;0,02;5;4;1928,01
O000450;Female;Mobile App;Card;2022;3;6;0,025;2;2;829,09
O000451;Female;Marketplace;Card;2021;7;20;0;4;4;11522,42
O000452;Male;Web;Bank Transfer;2025;8;6;0;1;1;1490,7
O000453;Female;Call Center;Card;2025;9;2;0,05;2;2;1453,33
O000454;Female;Web;COD;2025;12;14;0,05;4;3;5292,4
O000455;Male;Marketplace;Cash;2021;4;3;0,1;2;2;927,48
O000456;Female;Marketplace;COD;2022;11;4;0,1;2;2;1529,74
O000457;Unknown;Mobile App;COD;2023;8;3;0;1;1;919,17
O000458;Female;Call Center;Bank Transfer;2023;12;4;0,15;2;2;746,69
O000459;Male;Marketplace;COD;2024;5;14;0,0666666666666667;3;3;5150,71
O000460;Male;Call Center;Bank Transfer;2025;12;15;0,0625;4;2;7480,29
O000461;Unknown;Marketplace;Wallet;2025;2;16;0,12;5;5;6355,96
O000462;Female;Marketplace;Card;2025;12;15;0,05;4;3;3827,56
O000463;Male;Marketplace;Bank Transfer;2025;1;10;0,1;2;2;2887,6
O000464;Unknown;Mobile App;Cash;2025;8;11;0,025;2;2;5315,97
O000465;Unknown;Mobile App;Cash;2023;4;13;0,0833333333333333;3;3;5009,6
O000466;Male;Web;COD;2025;10;11;0;3;3;4766,93
O000467;Unknown;Marketplace;Wallet;2024;1;13;0,05;4;3;4034,55
O000468;Unknown;Marketplace;Wallet;2025;5;7;0,0666666666666667;3;2;3848,6
O000469;Female;Store;Bank Transfer;2025;8;7;0,0666666666666667;3;2;2019,71
O000470;Unknown;Marketplace;Bank Transfer;2022;4;7;0,1;2;2;3729,81
O000471;Unknown;Marketplace;Wallet;2021;9;14;0,0333333333333333;3;3;5993,66
O000472;Male;Marketplace;COD;2025;11;12;0,0625;4;2;5055,72
O000473;Male;Web;COD;2023;5;12;0,05;3;2;4426,52
O000474;Male;Mobile App;COD;2022;4;1;0,2;1;1;483,38
O000475;Female;Store;Bank Transfer;2024;3;25;0,13;5;4;10605,93
O000476;Unknown;Marketplace;Wallet;2024;4;13;0,07;5;4;5479,47
O000477;Unknown;Store;Card;2021;11;17;0,0666666666666667;3;2;7413,02
O000478;Female;Store;Cash;2025;9;16;0,0166666666666667;3;3;6462,01
O000479;Unknown;Store;Cash;2023;4;18;0,04;5;3;6972,68
O000480;Male;Store;Card;2023;7;4;0,2;1;1;1661,6
O000481;Male;Call Center;Card;2021;4;11;0,133333333333333;3;2;2513,79
O000482;Unknown;Mobile App;Wallet;2024;7;13;0,0375;4;3;5450,41
O000483;Unknown;Store;Card;2024;3;6;0,025;2;1;1743,14
O000484;Female;Marketplace;Bank Transfer;2021;8;8;0;2;2;4058,64
O000485;Female;Web;Wallet;2023;2;2;0,2;1;1;397,52
O000486;Female;Mobile App;COD;2023;6;2;0,1;1;1;318,35
O000487;Male;Store;Wallet;2021;1;13;0,0833333333333333;3;3;4685,5
O000488;Female;Marketplace;Cash;2025;1;24;0,075;4;3;9241
O000489;Female;Marketplace;Bank Transfer;2022;4;2;0;1;1;1003,96
O000490;Unknown;Mobile App;Bank Transfer;2024;10;3;0,1;2;2;1493,11
O000491;Male;Marketplace;COD;2024;2;2;0,125;2;2;551,37
O000492;Male;Web;COD;2023;11;1;0,05;1;1;402,25
O000493;Male;Call Center;Wallet;2024;11;19;0,025;4;4;9254,55
O000494;Male;Web;Bank Transfer;2023;2;9;0,1;2;2;1692,8
O000495;Male;Web;Card;2024;10;14;0,075;4;4;6521,02
O000496;Female;Marketplace;Card;2022;5;7;0,125;2;2;2170,21
O000497;Female;Web;Bank Transfer;2022;11;19;0,025;4;4;9389,6
O000498;Male;Mobile App;COD;2024;2;15;0,06;5;3;5293,72
O000499;Female;Call Center;Bank Transfer;2023;9;3;0;1;1;2037,78
O000500;Male;Web;Wallet;2025;8;13;0,03;5;3;5001,42
O000501;Male;Marketplace;Wallet;2024;11;9;0,0833333333333333;3;3;1947,04
O000502;Female;Marketplace;COD;2025;11;9;0,05;2;2;3629,84
O000503;Unknown;Mobile App;Card;2025;6;10;0,0125;4;4;5328,34
O000504;Female;Mobile App;Wallet;2024;9;15;0,0875;4;4;6101,71
O000505;Female;Call Center;Card;2023;5;4;0,125;2;2;1123,78
O000506;Female;Web;Card;2025;9;6;0;1;1;4062,24
O000507;Female;Call Center;Card;2022;2;18;0,05;4;3;10339,47
O000508;Male;Call Center;Card;2023;11;8;0;2;2;3071,12
O000509;Female;Web;Cash;2022;10;4;0,05;1;1;2516,78
O000510;Female;Mobile App;Wallet;2022;4;16;0,0666666666666667;3;3;3923,98
O000511;Male;Mobile App;COD;2024;3;12;0,0875;4;4;3381,93
O000512;Female;Web;Wallet;2025;1;19;0,02;5;4;8500,71
O000513;Unknown;Marketplace;Bank Transfer;2024;11;8;0,116666666666667;3;3;3653,36
O000514;Male;Marketplace;COD;2021;2;2;0,1;1;1;872,82
O000515;Male;Call Center;Wallet;2021;11;3;0;2;1;948,72
O000516;Female;Marketplace;Cash;2021;4;22;0,07;5;4;4609,3
O000517;Unknown;Store;Wallet;2025;5;19;0,09;5;4;8931,77
O000518;Unknown;Marketplace;COD;2025;7;7;0;2;2;387,26
O000519;Male;Web;Wallet;2022;9;12;0,0875;4;4;6864,07
O000520;Male;Web;Wallet;2023;4;12;0,025;2;2;5669,65
O000521;Male;Mobile App;Wallet;2024;6;3;0,025;2;2;760,64
O000522;Female;Store;Wallet;2024;2;4;0,05;1;1;1076,73
O000523;Female;Marketplace;COD;2024;1;3;0;1;1;262,92
O000524;Female;Call Center;Bank Transfer;2022;5;13;0;3;3;3926,83
O000525;Female;Call Center;Cash;2024;5;8;0,075;2;2;2591,95
O000526;Unknown;Call Center;Cash;2025;8;10;0,0666666666666667;3;3;4028,53
O000527;Male;Marketplace;COD;2024;4;13;0,0666666666666667;3;3;3847,5
O000528;Female;Marketplace;Bank Transfer;2023;3;4;0,1;1;1;1326,28
O000529;Male;Web;Bank Transfer;2021;7;5;0,15;2;2;2390,72
O000530;Female;Store;Bank Transfer;2025;7;13;0,05;4;3;3651,06
O000531;Female;Marketplace;COD;2022;4;4;0;1;1;1225,56
O000532;Male;Marketplace;Cash;2025;7;13;0,0666666666666667;3;2;4693,18
O000533;Female;Call Center;Wallet;2023;8;13;0,16;5;3;5779,49
O000534;Male;Store;Cash;2024;9;5;0,1;1;1;713,12
O000535;Female;Mobile App;Wallet;2021;12;20;0,0625;4;3;5442,9
O000536;Unknown;Call Center;Card;2021;2;10;0,1375;4;4;4163,23
O000537;Unknown;Call Center;Bank Transfer;2024;11;1;0,2;1;1;99,85
O000538;Male;Mobile App;Cash;2024;4;7;0,075;2;1;614,56
O000539;Male;Store;Cash;2023;4;14;0,06;5;5;8803,53
O000540;Male;Store;COD;2024;1;11;0,125;4;4;2586,75
O000541;Unknown;Marketplace;Wallet;2024;11;18;0,1;5;4;7084,97
O000542;Male;Call Center;Wallet;2023;8;12;0,0833333333333333;3;2;4631,5
O000543;Female;Mobile App;Bank Transfer;2025;7;14;0,1;3;3;5806,85
O000544;Female;Mobile App;Bank Transfer;2022;10;12;0,0666666666666667;3;2;4280,45
O000545;Male;Web;Card;2025;5;9;0,0333333333333333;3;2;4159,02
O000546;Female;Call Center;COD;2024;11;3;0;1;1;1134,54
O000547;Male;Marketplace;Card;2021;5;13;0,09;5;3;2259,19
O000548;Female;Web;Card;2021;12;15;0,05;3;2;5456,42
O000549;Female;Store;Card;2022;9;10;0,0833333333333333;3;3;3195,09
O000550;Female;Mobile App;Bank Transfer;2021;12;4;0,1;1;1;1020,06
O000551;Female;Marketplace;Bank Transfer;2022;1;16;0,09;5;5;5554,25
O000552;Male;Mobile App;Bank Transfer;2022;9;16;0,075;4;3;5634,02
O000553;Unknown;Web;COD;2025;8;17;0,17;5;3;2339,03
O000554;Female;Store;Cash;2025;12;4;0;1;1;2821,24
O000555;Female;Web;COD;2024;12;3;0;2;2;285,57
O000556;Female;Web;Cash;2025;11;3;0;2;1;1713,89
O000557;Unknown;Call Center;Card;2023;8;22;0,02;5;4;8492,79
O000558;Female;Marketplace;Cash;2024;6;8;0,075;2;2;4433,16
O000559;Unknown;Web;Wallet;2023;7;1;0;1;1;715,35
O000560;Female;Call Center;COD;2021;1;4;0,2;1;1;1143,2
O000561;Female;Marketplace;Wallet;2021;3;13;0,133333333333333;3;3;3927,48
O000562;Female;Marketplace;Card;2024;2;1;0,05;1;1;76,29
O000563;Female;Call Center;Cash;2024;3;12;0,0833333333333333;3;3;5664,17
O000564;Male;Mobile App;COD;2025;5;5;0,05;2;2;1427,9
O000565;Male;Mobile App;Wallet;2021;10;19;0,0375;4;3;7501,25
O000566;Male;Web;Bank Transfer;2021;6;6;0,1;1;1;406,67
O000567;Male;Web;Cash;2023;7;15;0,06;5;5;6371,41
O000568;Unknown;Store;Cash;2021;1;11;0,0666666666666667;3;3;6200,73
O000569;Female;Store;Cash;2025;1;4;0,05;1;1;843,75
O000570;Male;Web;COD;2024;12;12;0,1;4;3;6990,76
O000571;Female;Marketplace;Card;2025;7;3;0,2;1;1;630,6
O000572;Female;Call Center;Wallet;2022;3;3;0,2;1;1;1787,69
O000573;Unknown;Mobile App;Cash;2025;9;15;0,1;4;3;9360,49
O000574;Male;Mobile App;Cash;2022;12;8;0,0833333333333333;3;2;2456,71
O000575;Female;Call Center;Bank Transfer;2025;5;22;0,05;4;4;11365,54
O000576;Female;Store;Cash;2024;10;2;0,1;1;1;899,91
O000577;Female;Mobile App;Card;2022;3;4;0;1;1;852
O000578;Male;Mobile App;Card;2022;12;16;0,1125;4;3;4589,71
O000579;Male;Marketplace;Cash;2021;5;14;0,08;5;3;4440,27
O000580;Male;Call Center;Card;2021;5;5;0,025;2;2;1224,29
O000581;Female;Web;COD;2023;7;7;0,025;2;2;2172,18
O000582;Female;Marketplace;Bank Transfer;2024;7;1;0,1;1;1;406,53
O000583;Female;Web;Bank Transfer;2023;11;7;0,05;2;2;1936,91
O000584;Male;Marketplace;COD;2021;6;7;0;2;2;2051,35
O000585;Male;Marketplace;COD;2023;8;23;0,08;5;5;10651,12
O000586;Female;Call Center;COD;2024;3;24;0,14;5;3;11923,66
O000587;Male;Marketplace;Card;2024;5;7;0;3;3;3876,68
O000588;Female;Store;Card;2021;2;17;0,04;5;4;7757,75
O000589;Unknown;Web;Bank Transfer;2022;3;6;0,125;2;2;2352,15
O000590;Male;Web;Cash;2022;12;3;0,1;2;2;941,14
O000591;Female;Marketplace;Cash;2025;10;4;0,1;1;1;1968,73
O000592;Female;Marketplace;COD;2023;9;2;0,1;1;1;35,57
O000593;Female;Mobile App;Card;2022;9;9;0,0833333333333333;3;2;1682,15
O000594;Unknown;Store;COD;2021;10;11;0,0833333333333333;3;3;3082,75
O000595;Unknown;Store;Card;2024;5;5;0,2;1;1;616,4
O000596;Male;Mobile App;Cash;2025;12;4;0,025;2;2;1629,69
O000597;Male;Marketplace;Bank Transfer;2025;10;19;0,1125;4;3;7346,66
O000598;Female;Marketplace;COD;2023;6;9;0,0375;4;3;4582,64
O000599;Male;Mobile App;COD;2023;11;9;0;3;3;4257,83
O000600;Male;Store;Wallet;2021;9;14;0,05;3;3;5901,28
O000601;Female;Store;Bank Transfer;2021;3;6;0,2;1;1;426,48
O000602;Female;Mobile App;Card;2025;7;18;0,05;4;4;6257,28
O000603;Unknown;Marketplace;Cash;2023;7;9;0,05;3;1;2524,6
O000604;Male;Web;Cash;2021;3;6;0,1;4;4;1688,08
O000605;Female;Web;Wallet;2022;2;6;0;1;1;3326,88
O000606;Male;Web;Wallet;2024;6;7;0,1;2;1;3727,22
O000607;Male;Call Center;COD;2021;9;4;0;1;1;1209,88
O000608;Female;Web;Wallet;2025;4;12;0,0666666666666667;3;3;4346,03
O000609;Unknown;Call Center;COD;2025;5;4;0,1;2;1;1639,92
O000610;Female;Call Center;Wallet;2022;1;4;0;1;1;2828,4
O000611;Male;Mobile App;Card;2023;12;8;0,0833333333333333;3;3;1629,4
O000612;Male;Call Center;Cash;2023;11;8;0,0166666666666667;3;3;1948,17
O000613;Male;Marketplace;Bank Transfer;2021;5;13;0,1;4;4;6105,71
O000614;Female;Store;Wallet;2024;9;2;0,2;1;1;159,04
O000615;Male;Marketplace;COD;2023;4;17;0,12;5;2;4266,37
O000616;Male;Mobile App;Card;2024;7;5;0,2;1;1;282,88
O000617;Male;Store;Wallet;2021;5;15;0,06;5;5;5455,72
O000618;Male;Mobile App;Cash;2024;4;3;0;1;1;2013,87
O000619;Female;Call Center;Card;2024;6;16;0,025;4;3;6328,19
O000620;Female;Web;Bank Transfer;2023;5;18;0,09;5;4;7329,4
O000621;Female;Call Center;COD;2024;6;10;0,133333333333333;3;3;2585,97
O000622;Female;Marketplace;Wallet;2024;4;13;0,08;5;3;5114,75
O000623;Unknown;Mobile App;COD;2025;10;10;0,06;5;5;4150,34
O000624;Female;Store;Wallet;2025;2;11;0,116666666666667;3;3;1288,81
O000625;Male;Mobile App;Card;2021;5;5;0,2;1;1;2975,16
O000626;Male;Web;Cash;2025;8;18;0,075;4;4;9773,84
O000627;Male;Marketplace;Bank Transfer;2024;12;12;0;4;2;4081,02
O000628;Male;Mobile App;Cash;2023;5;12;0,02;5;3;3155,15
O000629;Male;Call Center;Card;2025;7;3;0,05;1;1;616,11
O000630;Female;Web;Card;2025;7;11;0,0666666666666667;3;2;5927,78
O000631;Female;Call Center;COD;2021;4;14;0,1;4;2;3621,06
O000632;Unknown;Mobile App;Wallet;2024;7;23;0,08;5;4;6569,44
O000633;Female;Store;Cash;2021;9;25;0,06;5;4;11762,47
O000634;Unknown;Store;Card;2024;10;7;0,05;2;1;3948,99
O000635;Male;Mobile App;Bank Transfer;2023;11;5;0;1;1;3333,85
O000636;Female;Marketplace;COD;2022;9;7;0,2;2;2;2495,69
O000637;Female;Marketplace;Cash;2023;10;12;0,075;4;4;3456,95
O000638;Female;Web;COD;2021;10;3;0,1;1;1;1769,09
O000639;Male;Web;COD;2022;4;12;0,0166666666666667;3;3;7310,36
O000640;Female;Web;Cash;2025;1;8;0;2;2;1046,04
O000641;Male;Marketplace;Card;2025;3;16;0,0125;4;4;8700,42
O000642;Male;Marketplace;Card;2021;12;18;0,025;4;3;3085,89
O000643;Male;Web;Wallet;2025;7;19;0,09;5;4;8729,54
O000644;Male;Marketplace;Cash;2024;8;6;0;1;1;1134,66
O000645;Male;Web;COD;2024;10;4;0,2;2;2;1934,91
O000646;Unknown;Marketplace;Wallet;2024;9;16;0,05;4;3;4933,82
O000647;Male;Marketplace;Card;2025;12;1;0;1;1;481,57
O000648;Unknown;Marketplace;Cash;2021;7;4;0,05;1;1;688,22
O000649;Female;Store;Wallet;2023;10;15;0,09;5;5;5370,16
O000650;Male;Call Center;Bank Transfer;2022;12;14;0,075;4;4;2837,37
O000651;Male;Call Center;Wallet;2024;5;3;0,1;1;1;182,47
O000652;Female;Marketplace;COD;2021;5;19;0,075;4;3;8097,61
O000653;Unknown;Call Center;Cash;2022;5;19;0,14;5;5;11289,58
O000654;Male;Web;Bank Transfer;2025;9;5;0;1;1;2922,5
O000655;Female;Marketplace;Bank Transfer;2021;2;19;0,08;5;5;10932,83
O000656;Male;Mobile App;Bank Transfer;2021;5;3;0,1;1;1;270,86
O000657;Female;Marketplace;Cash;2023;6;7;0;2;1;4812,82
O000658;Female;Web;Bank Transfer;2022;9;17;0,04;5;5;8023,62
O000659;Male;Store;Bank Transfer;2025;10;4;0,05;1;1;1280,79
O000660;Female;Web;Bank Transfer;2023;2;1;0;1;1;130,39
O000661;Male;Call Center;Card;2021;1;8;0,075;2;2;2577,58
O000662;Female;Web;Bank Transfer;2024;2;12;0,0333333333333333;3;2;3673,88
O000663;Unknown;Marketplace;Wallet;2023;1;7;0,05;2;2;1123,9
O000664;Male;Call Center;COD;2024;12;10;0,025;4;3;5243,11
O000665;Female;Marketplace;Bank Transfer;2023;11;10;0,075;4;3;3652,71
O000666;Male;Call Center;Wallet;2022;2;19;0,0875;4;2;9650,42
O000667;Female;Web;COD;2022;6;11;0,0666666666666667;3;3;3793,21
O000668;Female;Store;COD;2021;12;21;0,1625;4;3;8607,89
O000669;Male;Marketplace;Wallet;2022;11;2;0;1;1;752,08
O000670;Female;Web;Card;2023;12;17;0,05;5;4;3320,76
O000671;Unknown;Marketplace;Cash;2025;3;8;0,0666666666666667;3;3;2961,83
O000672;Male;Web;COD;2023;5;21;0,05;5;5;8120,85
O000673;Female;Call Center;Cash;2025;10;1;0,2;1;1;295,41
O000674;Female;Mobile App;Card;2021;5;20;0,0625;4;4;6790,85
O000675;Male;Mobile App;COD;2024;12;16;0,05;3;3;6459,21
O000676;Unknown;Mobile App;Wallet;2021;7;5;0;2;2;2800
O000677;Female;Marketplace;Card;2022;8;6;0,1;1;1;4134,83
O000678;Female;Store;Bank Transfer;2023;4;14;0,0375;4;4;7377,27
O000679;Unknown;Web;Cash;2024;4;21;0,06;5;5;9225,48
O000680;Female;Web;Wallet;2024;1;13;0,1;5;5;4570,54
O000681;Female;Web;Card;2023;11;1;0,2;1;1;395,47
O000682;Female;Call Center;Cash;2024;1;3;0,025;2;2;2075,24
O000683;Male;Call Center;Cash;2021;2;10;0,05;2;2;5505,86
O000684;Female;Store;Cash;2024;1;17;0;5;3;8506,83
O000685;Female;Call Center;Card;2023;2;15;0,0375;4;3;6623,48
O000686;Female;Marketplace;Cash;2023;4;15;0,0125;4;4;7024,98
O000687;Unknown;Marketplace;Cash;2021;8;7;0,05;2;2;3910,15
O000688;Unknown;Call Center;Card;2024;1;8;0;3;3;3243,16
O000689;Unknown;Store;Bank Transfer;2025;9;6;0;1;1;3929,22
O000690;Male;Store;COD;2023;8;15;0,0333333333333333;3;3;7314,51
O000691;Unknown;Marketplace;Cash;2021;12;12;0,1;3;3;5576,49
O000692;Male;Web;Card;2021;2;12;0,125;4;3;5920,21
O000693;Female;Mobile App;Wallet;2025;4;2;0;1;1;271,58
O000694;Male;Web;Wallet;2021;10;6;0;3;3;862,23
O000695;Unknown;Store;Wallet;2024;6;10;0,025;4;3;2778,25
O000696;Male;Marketplace;Card;2023;3;8;0,133333333333333;3;3;3748,14
O000697;Male;Call Center;Cash;2025;1;17;0,02;5;4;7293,98
O000698;Female;Mobile App;Card;2022;8;9;0,133333333333333;3;3;2230,58
O000699;Male;Call Center;Bank Transfer;2021;1;8;0,0333333333333333;3;3;3101,4
O000700;Female;Marketplace;Bank Transfer;2021;6;4;0;1;1;2431,16
O000701;Unknown;Store;Card;2024;9;1;0;1;1;540,97
O000702;Female;Web;Bank Transfer;2025;1;12;0,05;3;2;3976,96
O000703;Male;Web;Bank Transfer;2025;11;5;0;1;1;2936,5
O000704;Male;Call Center;COD;2025;7;15;0;4;3;4348,94
O000705;Female;Web;Card;2022;12;13;0,1;4;3;2634,96
O000706;Male;Mobile App;Card;2021;8;11;0,0833333333333333;3;3;4029,17
O000707;Female;Marketplace;COD;2025;9;10;0,0666666666666667;3;3;4537,9
O000708;Unknown;Call Center;Cash;2022;5;16;0,08;5;4;4980,27
O000709;Female;Mobile App;Wallet;2025;7;6;0,1;1;1;2643,14
O000710;Female;Web;Wallet;2021;4;12;0,03;5;3;5310,66
O000711;Unknown;Call Center;Cash;2025;12;16;0,0666666666666667;3;2;8871,21
O000712;Male;Mobile App;COD;2022;11;10;0,05;4;4;4249,63
O000713;Male;Web;Cash;2025;9;11;0,1125;4;3;2807,44
O000714;Female;Mobile App;Wallet;2024;10;7;0,0333333333333333;3;3;1146,48
O000715;Unknown;Call Center;Card;2022;6;5;0,05;1;1;760,43
O000716;Male;Mobile App;Card;2025;9;6;0,2;1;1;477,12
O000717;Male;Web;Cash;2024;6;1;0,1;1;1;300,16
O000718;Unknown;Store;Cash;2021;6;15;0,0666666666666667;3;2;7143,82
O000719;Female;Call Center;Cash;2025;12;4;0;1;1;1543,32
O000720;Female;Mobile App;Wallet;2023;7;15;0,0666666666666667;3;2;6387,52
O000721;Female;Mobile App;Cash;2023;6;2;0;1;1;1329,42
O000722;Unknown;Call Center;Wallet;2025;3;9;0,025;4;3;5674,21
O000723;Female;Mobile App;Cash;2024;2;9;0,075;2;2;3269,63
O000724;Female;Web;Cash;2024;10;25;0,06;5;4;9359,05
O000725;Male;Web;Card;2024;4;5;0,2;1;1;2431,16
O000726;Male;Call Center;Wallet;2024;5;4;0,2;1;1;605,15
O000727;Male;Marketplace;Cash;2023;6;16;0,025;4;4;5333,25
O000728;Female;Store;Card;2023;5;15;0,05;5;5;7728,81
O000729;Male;Marketplace;Card;2025;10;4;0,2;1;1;1002,62
O000730;Female;Mobile App;Card;2023;2;14;0,05;4;4;5679,56
O000731;Unknown;Mobile App;Cash;2025;2;16;0,12;5;4;6596,98
O000732;Unknown;Call Center;Wallet;2022;9;5;0,125;2;2;2138,31
O000733;Female;Store;Card;2021;2;11;0,0666666666666667;3;3;5913,03
O000734;Female;Web;Bank Transfer;2023;1;4;0;2;2;1654
O000735;Female;Mobile App;COD;2024;8;4;0,2;1;1;776,54
O000736;Female;Web;Cash;2024;1;10;0,1;2;1;2598,14
O000737;Female;Store;Card;2025;3;14;0,03;5;4;5534,32
O000738;Male;Mobile App;COD;2022;1;15;0,05;4;4;4859,22
O000739;Unknown;Marketplace;Cash;2021;10;9;0,125;2;2;2669,76
O000740;Female;Web;Wallet;2021;5;2;0;1;1;1252,14
O000741;Female;Web;Cash;2023;8;8;0,025;2;1;2635,36
O000742;Unknown;Call Center;Cash;2023;10;19;0,06;5;3;6333,41
O000743;Female;Marketplace;Bank Transfer;2025;2;20;0,125;4;3;7063,33
O000744;Female;Store;Wallet;2025;2;2;0,05;1;1;322,73
O000745;Female;Marketplace;Card;2023;7;5;0;2;2;3300,78
O000746;Male;Call Center;Cash;2023;3;7;0,0166666666666667;3;3;3373,95
O000747;Male;Web;Cash;2024;3;7;0,125;4;3;3453,32
O000748;Male;Store;Wallet;2021;8;5;0,116666666666667;3;3;1661,38
O000749;Female;Call Center;Wallet;2022;2;8;0,0166666666666667;3;2;4023,18
O000750;Male;Call Center;Wallet;2023;12;15;0,1;5;5;7102,83
O000751;Female;Mobile App;COD;2021;3;6;0,025;2;2;3478,55
O000752;Female;Mobile App;Wallet;2021;12;6;0,1;1;1;2081,27
O000753;Male;Mobile App;Cash;2021;1;9;0,1;3;3;1155,89
O000754;Male;Call Center;Wallet;2022;9;19;0,075;4;3;7874,04
O000755;Male;Call Center;Cash;2025;3;3;0,2;1;1;556,42
O000756;Female;Marketplace;COD;2024;11;10;0,04;5;5;4106,14
O000757;Male;Call Center;Cash;2023;9;6;0,15;2;1;2253,48
O000758;Female;Marketplace;Bank Transfer;2023;11;4;0;1;1;1522,96
O000759;Male;Mobile App;COD;2023;3;4;0;1;1;1751,48
O000760;Female;Call Center;COD;2024;1;8;0,1;2;2;4722,99
O000761;Female;Marketplace;Cash;2023;2;9;0,125;4;2;4143,68
O000762;Female;Marketplace;Card;2024;11;10;0,1;4;3;2294,78
O000763;Female;Web;Card;2025;7;6;0,1;1;1;2885,38
O000764;Unknown;Mobile App;COD;2021;7;4;0;1;1;3181,32
O000765;Female;Store;Cash;2021;3;18;0,1125;4;4;4895,65
O000766;Female;Call Center;Cash;2024;3;12;0,06;5;5;3661,13
O000767;Unknown;Mobile App;Card;2022;2;8;0,05;3;2;3160,94
O000768;Male;Marketplace;Wallet;2022;3;7;0,1;2;2;3281,93
O000769;Female;Mobile App;Bank Transfer;2022;5;14;0,0375;4;4;3154,51
O000770;Male;Marketplace;Wallet;2023;10;5;0,15;2;2;2697,37
O000771;Female;Mobile App;Wallet;2023;3;11;0,133333333333333;3;3;2319,18
O000772;Female;Call Center;COD;2024;3;12;0,2;2;2;3310,32
O000773;Male;Call Center;Card;2024;2;10;0,025;2;2;1984,24
O000774;Female;Store;COD;2025;4;6;0,1;1;1;1120,07
O000775;Unknown;Web;COD;2025;2;5;0,2;1;1;732,12
O000776;Male;Call Center;Wallet;2024;8;5;0;1;1;1681,75
O000777;Male;Marketplace;Wallet;2024;6;12;0,0166666666666667;3;3;3885,7
O000778;Male;Call Center;Card;2024;3;2;0,05;1;1;1469,69
O000779;Female;Call Center;COD;2024;9;5;0;2;2;3030,98
O000780;Male;Marketplace;Bank Transfer;2024;11;11;0,05;4;3;2070,92
O000781;Female;Call Center;Cash;2025;3;5;0;1;1;2644,9
O000782;Female;Marketplace;Cash;2024;8;3;0,2;1;1;1584,89
O000783;Female;Marketplace;COD;2022;6;12;0,0125;4;2;4681,42
O000784;Male;Web;COD;2024;5;11;0,025;2;2;4446,06
O000785;Unknown;Call Center;COD;2024;7;4;0,05;1;1;1632,94
O000786;Male;Web;Wallet;2022;3;5;0;1;1;1487,25
O000787;Female;Web;COD;2021;3;8;0,0333333333333333;3;3;4467,52
O000788;Male;Call Center;Bank Transfer;2022;12;13;0,0625;4;2;5419,37
O000789;Unknown;Web;Wallet;2025;11;17;0,07;5;4;6135,59
O000790;Unknown;Store;Cash;2021;10;8;0,075;4;4;2001,05
O000791;Male;Call Center;Wallet;2024;8;12;0,01;5;5;3797,29
O000792;Female;Marketplace;Bank Transfer;2022;4;8;0,05;2;2;4101,68
O000793;Female;Marketplace;Card;2025;3;19;0,12;5;3;11172,37
O000794;Male;Store;Card;2024;6;9;0,05;2;2;4222,36
O000795;Unknown;Web;Cash;2021;2;3;0;2;2;268,67
O000796;Female;Marketplace;Bank Transfer;2023;12;8;0,116666666666667;3;3;2859,94
O000797;Female;Store;Bank Transfer;2025;1;18;0,0625;4;3;7834,2
O000798;Male;Store;Cash;2023;3;3;0;1;1;347,31
O000799;Male;Web;Card;2023;6;11;0,05;2;2;5621,56
O000800;Female;Call Center;Card;2025;7;12;0,1;2;2;5940,91
O000801;Female;Store;COD;2021;2;5;0,05;2;2;1115,29
O000802;Unknown;Call Center;Card;2025;6;12;0,0625;4;4;4445,77
O000803;Female;Web;COD;2024;7;15;0,07;5;5;7766,39
O000804;Unknown;Mobile App;Bank Transfer;2021;10;10;0,075;2;2;5046,34
O000805;Unknown;Marketplace;Wallet;2021;10;18;0,05;4;3;5816,5
O000806;Male;Call Center;Wallet;2024;4;18;0,09;5;5;5335,11
O000807;Female;Marketplace;Wallet;2025;7;14;0,05;5;3;3061,36
O000808;Female;Marketplace;Card;2021;9;9;0,1;2;2;2709,96
O000809;Female;Marketplace;COD;2021;4;12;0,05;2;2;5056,47
O000810;Female;Call Center;Cash;2023;11;5;0,1;1;1;1748,25
O000811;Male;Call Center;Bank Transfer;2024;3;13;0,15;3;3;4499,34
O000812;Female;Mobile App;Bank Transfer;2021;7;14;0,09;5;4;5621,57
O000813;Unknown;Web;Wallet;2022;8;4;0,05;2;2;2139,17
O000814;Male;Web;COD;2025;7;18;0,14;5;3;7505,79
O000815;Male;Mobile App;Wallet;2021;10;3;0;1;1;1662,57
O000816;Male;Call Center;Card;2024;3;9;0,07;5;3;2649,42
O000817;Female;Mobile App;Cash;2023;8;20;0,06;5;3;6885,48
O000818;Male;Marketplace;COD;2025;5;6;0;2;2;2565,72
O000819;Female;Call Center;Bank Transfer;2021;12;10;0,125;4;3;3487,94
O000820;Male;Marketplace;COD;2025;8;10;0,05;2;2;4301,13
O000821;Male;Marketplace;Bank Transfer;2022;12;25;0,11;5;4;11333,02
O000822;Female;Marketplace;Wallet;2025;8;11;0,0333333333333333;3;2;5031,81
O000823;Female;Marketplace;COD;2023;2;13;0,0625;4;4;8779,54
O000824;Male;Store;Wallet;2025;10;16;0,05;4;4;6681,13
O000825;Male;Marketplace;Card;2024;9;18;0,0625;4;4;6781,95
O000826;Unknown;Mobile App;Wallet;2024;7;16;0,06;5;3;4491,76
O000827;Male;Web;Card;2025;3;21;0,125;4;3;5371,45
O000828;Male;Mobile App;Bank Transfer;2025;7;2;0,1;1;1;105,43
O000829;Female;Mobile App;Card;2021;3;19;0,025;4;4;9986,96
O000830;Female;Mobile App;Cash;2022;11;13;0,1;3;2;5009,07
O000831;Unknown;Call Center;Cash;2022;8;11;0,1;3;2;3251,51
O000832;Unknown;Store;Wallet;2023;11;14;0,05;3;3;7888,63
O000833;Male;Marketplace;Card;2024;4;24;0,0625;4;3;4317,63
O000834;Male;Call Center;COD;2021;9;9;0;3;3;1435,28
O000835;Female;Call Center;Card;2025;1;14;0,025;4;4;5877,41
O000836;Female;Mobile App;Bank Transfer;2025;10;17;0,0375;4;4;5908,62
O000837;Female;Call Center;Bank Transfer;2024;2;5;0,05;1;1;803,51
O000838;Female;Call Center;Card;2025;11;15;0,0375;4;4;4587,61
O000839;Male;Call Center;Wallet;2022;6;1;0,2;1;1;134,86
O000840;Male;Web;Cash;2021;7;12;0,07;5;4;5418,96
O000841;Unknown;Store;COD;2024;1;11;0,0666666666666667;3;3;1795,61
O000842;Female;Web;Bank Transfer;2023;2;18;0,01;5;4;7815,88
O000843;Male;Web;Cash;2023;5;14;0,0333333333333333;3;3;4706,14
O000844;Unknown;Mobile App;Wallet;2025;4;8;0,1;3;2;3005,03
O000845;Female;Marketplace;Cash;2022;9;9;0,1;2;2;5714,88
O000846;Unknown;Call Center;Cash;2024;7;9;0,0625;4;3;2527,34
O000847;Female;Web;Wallet;2021;11;10;0,0833333333333333;3;3;4451,83
O000848;Unknown;Marketplace;Wallet;2022;11;9;0,0333333333333333;3;3;2514,7
O000849;Male;Call Center;COD;2025;11;17;0,116666666666667;3;3;6456,99
O000850;Female;Marketplace;Wallet;2024;6;13;0,025;4;3;7099,05
O000851;Male;Marketplace;Bank Transfer;2021;7;8;0,025;2;2;3784,2
O000852;Female;Call Center;COD;2025;5;10;0,025;2;2;3129,22
O000853;Female;Call Center;Card;2021;1;13;0,0625;4;4;2984,38
O000854;Unknown;Call Center;Card;2021;3;10;0,025;2;2;2002,6
O000855;Female;Call Center;Wallet;2022;3;17;0,0833333333333333;3;3;6905,58
O000856;Unknown;Marketplace;Card;2021;6;1;0;1;1;397,05
O000857;Male;Store;Bank Transfer;2025;10;4;0,025;2;2;1267,69
O000858;Male;Mobile App;Cash;2021;3;17;0,04;5;4;6236,05
O000859;Male;Call Center;Bank Transfer;2021;10;5;0,1;1;1;767,38
O000860;Female;Web;Bank Transfer;2025;5;2;0;2;1;818,86
O000861;Male;Mobile App;Card;2021;9;4;0,05;2;2;1562,99
O000862;Female;Mobile App;Cash;2025;7;6;0,05;1;1;3302,58
O000863;Female;Mobile App;Bank Transfer;2023;12;1;0,2;1;1;81,25
O000864;Female;Mobile App;Bank Transfer;2022;3;2;0,1;1;1;291,74
O000865;Male;Call Center;COD;2023;2;8;0,1;2;2;2404,21
O000866;Unknown;Store;Card;2025;12;14;0,02;5;4;5734,27
O000867;Male;Web;Cash;2023;8;6;0,2;1;1;1763,66
O000868;Female;Web;Bank Transfer;2024;12;14;0,0625;4;3;5999,3
O000869;Unknown;Marketplace;COD;2024;5;3;0,05;1;1;1126,09
O000870;Male;Store;Card;2025;5;7;0,1;2;1;4168,3
O000871;Female;Store;COD;2023;10;19;0,1;5;4;4128,89
O000872;Female;Web;COD;2024;1;3;0,05;1;1;1131,93
O000873;Unknown;Call Center;Cash;2025;1;4;0,05;1;1;1164,28
O000874;Male;Marketplace;Cash;2022;9;17;0,0375;4;4;7534,46
O000875;Male;Mobile App;COD;2025;4;3;0,075;2;2;907,02
O000876;Male;Store;Bank Transfer;2025;9;6;0;2;2;878,98
O000877;Female;Mobile App;Card;2025;4;10;0,15;2;1;3361,08
O000878;Male;Web;Cash;2024;5;7;0,05;2;2;2502,37
O000879;Female;Store;Card;2025;6;11;0;3;3;5329,92
O000880;Female;Call Center;COD;2023;9;9;0,0666666666666667;3;2;4864,61
O000881;Male;Marketplace;COD;2021;1;10;0,05;2;2;4065,26
O000882;Female;Mobile App;Wallet;2022;8;11;0,1;3;3;2633,67
O000883;Male;Call Center;COD;2024;11;17;0,0666666666666667;3;3;5689,68
O000884;Unknown;Web;Card;2024;7;18;0,08;5;4;6565,92
O000885;Male;Call Center;COD;2021;3;4;0,025;2;2;2091,59
O000886;Unknown;Marketplace;Wallet;2021;9;16;0,01;5;4;7885,94
O000887;Male;Mobile App;Wallet;2025;11;5;0,1;2;2;2182,85
O000888;Female;Marketplace;Cash;2023;12;3;0,1;1;1;1431,92
O000889;Unknown;Marketplace;Bank Transfer;2022;11;16;0,075;4;4;3755,89
O000890;Male;Mobile App;Card;2022;9;3;0,1;1;1;895,48
O000891;Male;Store;Bank Transfer;2024;11;15;0,05;4;4;3723
O000892;Female;Call Center;Bank Transfer;2023;9;11;0,05;5;5;5014,95
O000893;Female;Marketplace;Card;2023;5;14;0,0625;4;3;4826,79
O000894;Unknown;Marketplace;Cash;2023;5;5;0;1;1;1566,1
O000895;Male;Store;Cash;2022;8;5;0,2;1;1;676,64
O000896;Female;Store;Card;2021;5;9;0;2;2;3347,76
O000897;Female;Store;Cash;2022;12;14;0,05;4;4;5590,31
O000898;Male;Call Center;Wallet;2023;9;5;0,2;1;1;2812,32
O000899;Female;Web;Card;2024;9;16;0,11;5;5;7239,55
O000900;Female;Call Center;Wallet;2022;2;6;0,05;1;1;2502,59
O000901;Male;Store;COD;2021;9;17;0,05;4;3;7837,29
O000902;Female;Store;Cash;2021;8;20;0,025;4;4;5083,44
O000903;Female;Web;Bank Transfer;2021;10;1;0;1;1;688,89
O000904;Female;Store;COD;2023;9;5;0,1;1;1;3133,39
O000905;Unknown;Call Center;Wallet;2024;12;18;0,04;5;5;7298,6
O000906;Unknown;Web;Card;2024;7;1;0,05;1;1;480,02
O000907;Female;Marketplace;Bank Transfer;2022;11;10;0,15;4;4;2022,33
O000908;Female;Web;Wallet;2025;11;2;0;1;1;1108,96
O000909;Female;Call Center;Wallet;2022;5;4;0;1;1;3148,4
O000910;Female;Marketplace;Bank Transfer;2022;9;12;0,0333333333333333;3;2;3649,12
O000911;Male;Store;Card;2021;6;16;0,025;4;4;4392,61
O000912;Unknown;Marketplace;Cash;2021;4;1;0,05;1;1;626,36
O000913;Female;Store;Wallet;2022;11;7;0,05;2;2;517,5
O000914;Female;Web;COD;2023;11;14;0,0125;4;4;6185,07
O000915;Female;Call Center;Wallet;2021;1;5;0;1;1;3301,85
O000916;Female;Store;Wallet;2025;2;11;0,1125;4;4;2582,94
O000917;Male;Call Center;COD;2022;12;10;0,075;2;2;4138,02
O000918;Unknown;Marketplace;Cash;2025;7;16;0,125;4;4;3051,83
O000919;Male;Marketplace;Bank Transfer;2022;11;9;0,0833333333333333;3;3;2954,67
O000920;Unknown;Store;Cash;2025;5;12;0,0625;4;3;4820,2
O000921;Male;Marketplace;Card;2021;5;6;0,2;1;1;1394,69
O000922;Male;Store;Wallet;2024;5;2;0,05;1;1;188,86
O000923;Female;Call Center;Card;2023;1;9;0,133333333333333;3;3;2416,79
O000924;Male;Mobile App;COD;2023;2;19;0,025;4;4;9504,32
O000925;Male;Web;COD;2025;9;11;0,1375;4;4;4084,02
O000926;Male;Call Center;Cash;2022;9;7;0,1;3;3;1058,19
O000927;Unknown;Web;Card;2021;12;23;0,02;5;4;9262,22
O000928;Female;Web;Cash;2021;2;19;0,02;5;4;12255,36
O000929;Female;Web;Bank Transfer;2023;2;14;0,0333333333333333;3;3;8110,31
O000930;Male;Call Center;Bank Transfer;2022;6;4;0,05;1;1;2640,89
O000931;Male;Web;Card;2025;4;6;0,0333333333333333;3;3;1804,26
O000932;Male;Store;Cash;2021;12;5;0;1;1;1006,1
O000933;Female;Mobile App;Cash;2024;6;13;0,1;3;1;2833,56
O000934;Male;Marketplace;Card;2022;7;4;0,075;2;2;2160,02
O000935;Female;Mobile App;Wallet;2021;8;16;0,06;5;4;7899,47
O000936;Unknown;Web;Bank Transfer;2025;12;11;0,05;2;1;5483,94
O000937;Male;Marketplace;Wallet;2025;10;9;0,0875;4;4;2989,99
O000938;Unknown;Mobile App;Cash;2025;5;13;0,0666666666666667;3;2;6201,42
O000939;Unknown;Call Center;Card;2021;1;12;0,05;3;3;4125,79
O000940;Male;Call Center;Cash;2022;7;13;0;4;4;2436,55
O000941;Unknown;Store;Cash;2021;1;18;0,08;5;4;6663,58
O000942;Female;Call Center;Cash;2024;5;3;0;1;1;1591,02
O000943;Female;Call Center;Cash;2023;7;4;0,0666666666666667;3;2;2702,18
O000944;Female;Mobile App;Card;2023;1;2;0,1;1;1;998,06
O000945;Male;Marketplace;Wallet;2024;11;6;0,1;1;1;1920,29
O000946;Male;Web;Bank Transfer;2023;1;6;0;1;1;3507
O000947;Male;Call Center;Bank Transfer;2022;9;4;0,1;1;1;2358,79
O000948;Female;Mobile App;Cash;2023;2;15;0,125;4;4;7208,35
O000949;Male;Mobile App;COD;2021;7;3;0,025;2;2;1781,57
O000950;Female;Call Center;Bank Transfer;2023;9;5;0;2;2;1939,72
O000951;Male;Marketplace;COD;2021;11;17;0,175;4;2;5387,52
O000952;Unknown;Store;Cash;2021;7;5;0,2;1;1;1298,08
O000953;Unknown;Call Center;Card;2024;7;9;0,133333333333333;3;2;1423,14
O000954;Female;Web;Card;2021;7;14;0,02;5;4;4914,68
O000955;Female;Marketplace;Bank Transfer;2021;7;4;0;1;1;2105,48
O000956;Male;Mobile App;Bank Transfer;2023;10;17;0,02;5;4;8033,92
O000957;Female;Web;Card;2021;6;8;0,0666666666666667;3;2;1666,81
O000958;Female;Marketplace;COD;2025;4;19;0,075;4;2;5689,58
O000959;Male;Web;Card;2023;9;2;0;1;1;511,36
O000960;Female;Store;Card;2024;11;8;0,125;2;2;732,77
O000961;Male;Call Center;Card;2022;1;14;0,0166666666666667;3;3;8030,14
O000962;Unknown;Mobile App;Cash;2023;6;11;0,1375;4;2;3351,56
O000963;Male;Web;COD;2022;9;7;0;2;2;4928,61
O000964;Male;Web;Cash;2021;3;8;0,05;2;2;1492,59
O000965;Male;Store;Bank Transfer;2024;5;7;0,05;2;2;845,93
O000966;Male;Marketplace;Card;2024;10;19;0,09;5;5;6107,84
O000967;Unknown;Mobile App;Wallet;2022;7;14;0,0666666666666667;3;3;7942,87
O000968;Female;Call Center;COD;2024;5;5;0,2;1;1;1704,68
O000969;Unknown;Call Center;Wallet;2022;8;8;0,0666666666666667;2;1;1758,19
O000970;Female;Store;Wallet;2024;6;18;0,075;4;4;9464,84
O000971;Female;Web;Card;2024;2;13;0,0625;4;4;4602,85
O000972;Female;Web;Wallet;2021;10;6;0;3;3;2732,5
O000973;Male;Marketplace;Bank Transfer;2025;11;15;0,0125;4;3;5169,82
O000974;Male;Marketplace;Bank Transfer;2021;4;12;0,05;4;4;4908,68
O000975;Unknown;Marketplace;Cash;2023;4;8;0,075;2;2;679,85
O000976;Female;Mobile App;COD;2025;12;7;0,075;2;2;1006,33
O000977;Male;Mobile App;Cash;2025;5;9;0,05;2;2;2123,55
O000978;Female;Call Center;Cash;2023;5;5;0,1;1;1;820,75
O000979;Unknown;Web;Bank Transfer;2025;4;10;0,05;3;2;4358,52
O000980;Female;Call Center;Wallet;2024;9;9;0,0625;4;3;3996,68
O000981;Unknown;Store;Wallet;2025;9;11;0,0625;4;4;3835,08
O000982;Male;Marketplace;Card;2025;1;20;0,1;5;5;5641,82
O000983;Female;Mobile App;Wallet;2025;10;4;0;2;1;1448,12
O000984;Male;Web;Cash;2022;9;8;0,0833333333333333;3;2;1963,32
O000985;Female;Call Center;Bank Transfer;2025;5;13;0;4;4;3954,45
O000986;Female;Store;Card;2024;7;17;0,06;4;3;7014,81
O000987;Male;Mobile App;COD;2024;4;8;0,05;2;2;1795,75
O000988;Female;Mobile App;Card;2021;7;1;0,2;1;1;172,94
O000989;Female;Store;Cash;2022;8;1;0,05;1;1;502,07
O000990;Unknown;Store;Card;2023;6;25;0,06;5;3;13030,79
O000991;Male;Store;COD;2022;11;6;0,1;1;1;1986,39
O000992;Unknown;Mobile App;Card;2021;11;10;0,025;2;2;4621,64
O000993;Unknown;Marketplace;Bank Transfer;2021;10;5;0;1;1;1198,75
O000994;Male;Call Center;Card;2024;3;11;0,133333333333333;3;3;2912,58
O000995;Unknown;Mobile App;Wallet;2022;1;10;0,09;5;3;3343,73
O000996;Female;Store;COD;2021;3;14;0,05;4;4;4193,04
O000997;Male;Mobile App;COD;2025;1;6;0;1;1;4261,74
O000998;Female;Marketplace;COD;2025;6;4;0,0625;4;4;1535,43
O000999;Male;Mobile App;COD;2025;10;3;0;1;1;445,71
O001000;Male;Call Center;Card;2025;2;16;0,1625;4;4;6001,29
O001001;Female;Marketplace;Bank Transfer;2025;11;7;0,1;2;1;2599,94
O001002;Male;Marketplace;Card;2024;8;10;0,1;3;3;4938,92
O001003;Female;Marketplace;Wallet;2022;12;17;0,05;3;2;9298,77
O001004;Unknown;Store;COD;2025;9;7;0,1;3;3;3777,58
O001005;Female;Marketplace;Card;2025;7;7;0,025;2;2;2897,82
O001006;Female;Mobile App;COD;2021;9;20;0,075;4;3;4773,58
O001007;Female;Marketplace;Cash;2022;7;14;0,0833333333333333;3;3;7358,04
O001008;Female;Marketplace;Bank Transfer;2023;3;3;0;1;1;2254,89
O001009;Female;Mobile App;Card;2024;12;1;0,05;1;1;487,73
O001010;Male;Mobile App;COD;2023;7;20;0,11;5;3;6416,49
O001011;Male;Mobile App;Card;2023;7;11;0,0833333333333333;3;2;7304,78
O001012;Female;Call Center;COD;2022;7;15;0,0666666666666667;3;2;7051,5
O001013;Unknown;Marketplace;Bank Transfer;2022;11;4;0;1;1;651,44
O001014;Male;Store;Bank Transfer;2023;8;9;0,05;3;2;2297,7
O001015;Unknown;Store;Bank Transfer;2023;4;10;0,1125;4;3;4058,44
O001016;Female;Mobile App;Cash;2023;9;14;0,04;5;4;8536,86
O001017;Male;Call Center;Bank Transfer;2024;10;6;0;1;1;1391,04
O001018;Female;Marketplace;Wallet;2021;2;1;0,1;1;1;344,02
O001019;Male;Marketplace;Wallet;2024;1;8;0,125;2;2;3957,5
O001020;Female;Call Center;COD;2022;12;1;0,1;1;1;117,35
O001021;Male;Mobile App;COD;2022;3;18;0,0125;4;4;7669,56
O001022;Male;Marketplace;Card;2024;11;14;0,1;4;3;7349,46
O001023;Male;Marketplace;COD;2022;5;13;0,02;5;4;7664,56
O001024;Male;Marketplace;COD;2025;9;9;0,0166666666666667;3;2;4784,89
O001025;Female;Marketplace;Bank Transfer;2023;7;17;0,05;5;5;5916,67
O001026;Female;Store;Wallet;2022;7;20;0,07;5;4;6230,96
O001027;Male;Call Center;COD;2021;1;5;0,2;1;1;2703,4
O001028;Unknown;Marketplace;Cash;2023;10;9;0,116666666666667;3;3;1816,17
O001029;Female;Store;COD;2024;1;14;0,0375;4;4;6219,44
O001030;Female;Store;Card;2024;2;14;0;4;3;4626,98
O001031;Female;Call Center;Bank Transfer;2021;12;9;0,0666666666666667;3;3;2449,24
O001032;Male;Mobile App;Cash;2021;1;12;0,0166666666666667;3;3;6127,58
O001033;Male;Marketplace;Cash;2022;1;9;0,1;2;1;4126,47
O001034;Female;Store;COD;2023;10;4;0,05;1;1;2242,57
O001035;Female;Mobile App;Card;2023;2;13;0,075;4;4;4049,55
O001036;Male;Store;Wallet;2025;4;8;0,125;4;3;2070,27
O001037;Unknown;Store;Wallet;2022;12;13;0,1;5;4;3664,39
O001038;Male;Call Center;Cash;2023;5;11;0,025;2;2;6349,03
O001039;Female;Call Center;COD;2023;12;11;0,175;4;3;3184,77
O001040;Unknown;Call Center;Card;2024;12;4;0;1;1;2231,24
O001041;Female;Web;COD;2023;4;8;0,05;2;2;4473,72
O001042;Female;Mobile App;Wallet;2023;3;19;0,05;5;4;6631,65
O001043;Male;Marketplace;Card;2024;3;2;0,1;1;1;334,04
O001044;Female;Call Center;Card;2023;9;15;0,05;5;3;4019,34
O001045;Female;Call Center;Wallet;2024;3;7;0,1;2;2;2098,37
O001046;Male;Web;Card;2023;5;14;0,0333333333333333;3;3;6688,98
O001047;Male;Mobile App;Wallet;2021;6;9;0,05;2;2;4517,97
O001048;Female;Mobile App;Card;2025;5;6;0,1;1;1;1069,31
O001049;Female;Web;Card;2023;11;3;0,05;1;1;873,35
O001050;Male;Marketplace;Wallet;2021;6;1;0,2;1;1;363,9
O001051;Male;Marketplace;Card;2022;12;3;0,125;2;2;410,01
O001052;Male;Mobile App;Wallet;2024;4;8;0,15;2;2;2300,3
O001053;Male;Mobile App;Wallet;2022;9;17;0,15;4;3;8040,88
O001054;Male;Call Center;Bank Transfer;2024;12;9;0,2;3;3;2965,95
O001055;Unknown;Web;Cash;2025;3;2;0,05;1;1;809,72
O001056;Male;Store;Card;2024;4;6;0,0833333333333333;3;3;3545,99
O001057;Female;Call Center;Cash;2021;9;1;0,05;1;1;726,89
O001058;Female;Call Center;COD;2025;6;1;0;1;1;255,68
O001059;Unknown;Mobile App;COD;2024;6;14;0,0666666666666667;3;3;5190,25
O001060;Male;Mobile App;Wallet;2023;3;6;0;2;1;2923,02
O001061;Male;Call Center;Wallet;2022;9;3;0;1;1;1380,96
O001062;Male;Call Center;COD;2025;2;6;0,075;2;2;3298,74
O001063;Female;Call Center;Card;2021;12;4;0,075;2;2;552,44
O001064;Male;Store;Cash;2023;5;9;0,04;5;5;3178,75
O001065;Female;Mobile App;COD;2023;1;9;0,075;2;2;1504,7
O001066;Male;Web;Card;2025;10;2;0,05;1;1;954,48
O001067;Unknown;Marketplace;COD;2025;4;4;0,1;1;1;1943,96
O001068;Female;Call Center;Wallet;2022;5;8;0,0375;4;4;3083,4
O001069;Female;Web;Cash;2022;9;3;0,1;1;1;993,2
O001070;Female;Marketplace;Bank Transfer;2025;8;9;0,125;4;4;4150,17
O001071;Female;Store;Bank Transfer;2023;5;8;0,14;5;4;4060,89
O001072;Male;Mobile App;Bank Transfer;2023;7;9;0,2;2;2;590,38
O001073;Female;Marketplace;Wallet;2022;8;4;0,1;1;1;1379,66
O001074;Unknown;Store;Wallet;2025;4;15;0,075;4;3;7759,99
O001075;Female;Call Center;Card;2022;7;11;0,07;5;4;4478,11
O001076;Male;Store;Card;2022;11;5;0,2;1;1;2522,88
O001077;Unknown;Marketplace;Cash;2022;5;12;0,0666666666666667;3;2;4225,39
O001078;Female;Marketplace;Wallet;2021;8;7;0,075;2;2;2650,88
O001079;Male;Call Center;Bank Transfer;2023;7;8;0,0666666666666667;3;2;1512,6
O001080;Unknown;Web;Card;2023;11;19;0,06;5;5;5908,13
O001081;Male;Marketplace;Bank Transfer;2023;8;2;0,05;1;1;1308,89
O001082;Male;Web;COD;2022;5;2;0,1;1;1;899,26
O001083;Male;Marketplace;Wallet;2024;5;21;0,1;5;4;7384,77
O001084;Female;Store;Cash;2022;8;18;0,01;5;5;5366,67
O001085;Unknown;Call Center;Wallet;2025;6;1;0,05;1;1;75,33
O001086;Male;Call Center;COD;2025;4;2;0,1;1;1;1059,41
O001087;Female;Store;Wallet;2022;5;4;0;1;1;888,16
O001088;Male;Marketplace;Bank Transfer;2024;12;15;0,03;5;5;7305,73
O001089;Female;Marketplace;Card;2023;11;4;0,1;1;1;2841,37
O001090;Female;Web;Bank Transfer;2024;5;10;0,0125;4;4;4612,06
O001091;Unknown;Web;Card;2023;7;9;0,0333333333333333;3;2;4646,41
O001092;Male;Mobile App;Wallet;2025;11;10;0,1;2;2;3903,18
O001093;Female;Mobile App;Card;2022;3;9;0,2;2;2;2711,06
O001094;Female;Store;Bank Transfer;2024;2;15;0,0625;4;3;3314,93
O001095;Female;Call Center;Cash;2025;12;12;0,1;3;2;2625,17
O001096;Female;Store;COD;2023;1;5;0,1;1;1;1456,65
O001097;Male;Store;Wallet;2024;5;1;0;1;1;349,75
O001098;Male;Mobile App;COD;2022;1;2;0;1;1;1164,54
O001099;Female;Marketplace;Wallet;2025;9;10;0,0875;4;4;4470,72
O001100;Female;Web;Bank Transfer;2021;5;2;0;1;1;703,84
O001101;Unknown;Web;Card;2024;7;13;0,1125;4;4;4999,56
O001102;Male;Web;Card;2024;12;17;0,15;4;3;2991,12
O001103;Female;Mobile App;Bank Transfer;2025;4;17;0,05;5;2;8114,46
O001104;Female;Call Center;Wallet;2024;12;10;0,025;2;2;2109,27
O001105;Male;Web;COD;2023;3;13;0,133333333333333;3;2;2953,59
O001106;Female;Mobile App;Wallet;2023;9;1;0,1;1;1;621,21
O001107;Female;Call Center;Card;2021;10;3;0,1;2;1;1852,25
O001108;Female;Web;Bank Transfer;2023;11;6;0,1;1;1;2772,36
O001109;Unknown;Call Center;Bank Transfer;2022;12;17;0,04;5;3;6669,18
O001110;Female;Store;Wallet;2021;2;3;0;2;2;1703,33
O001111;Male;Marketplace;Cash;2021;3;10;0,15;3;3;1216,27
O001112;Male;Call Center;Wallet;2022;3;4;0,05;2;2;1609,83
O001113;Female;Marketplace;COD;2022;8;12;0,08;5;4;3329,95
O001114;Female;Web;Bank Transfer;2021;8;18;0,03;5;3;6777,83
O001115;Male;Web;Wallet;2022;11;13;0,133333333333333;3;3;3205,97
O001116;Unknown;Marketplace;Bank Transfer;2022;7;12;0,1;5;4;5414,14
O001117;Female;Mobile App;COD;2021;3;6;0;1;1;3523,8
O001118;Female;Call Center;Card;2025;4;13;0,1125;4;3;5470,63
O001119;Female;Marketplace;COD;2023;2;6;0,2;1;1;2082,67
O001120;Unknown;Store;Card;2022;7;18;0,08;5;3;5734,3
O001121;Unknown;Store;COD;2023;11;12;0,1;2;2;2354,21
O001122;Female;Mobile App;Wallet;2025;5;4;0,2;1;1;2044,8
O001123;Male;Web;COD;2022;8;6;0,05;1;1;1969,75
O001124;Unknown;Marketplace;Cash;2024;7;15;0,1;3;3;6676,13
O001125;Female;Store;Card;2021;4;6;0;1;1;2660,1
O001126;Female;Marketplace;Wallet;2022;1;7;0,0166666666666667;3;2;3209,71
O001127;Unknown;Mobile App;Bank Transfer;2022;5;4;0,075;2;2;586,96
O001128;Male;Mobile App;Bank Transfer;2022;10;3;0;1;1;1894,92
O001129;Male;Store;Card;2025;6;10;0,025;2;2;5604,91
O001130;Female;Mobile App;Cash;2023;1;10;0,0166666666666667;3;3;1479,78
O001131;Female;Web;COD;2025;6;18;0,075;4;4;7667
O001132;Male;Marketplace;Cash;2021;3;19;0,02;5;5;7412,12
O001133;Female;Call Center;COD;2021;12;11;0;2;2;5196,92
O001134;Male;Call Center;Cash;2022;4;8;0,075;2;1;1325,4
O001135;Male;Marketplace;Wallet;2023;10;12;0,1;2;2;2523,32
O001136;Male;Mobile App;Bank Transfer;2023;5;19;0,02;5;4;8796,99
O001137;Female;Store;Card;2021;1;5;0,2;1;1;413,04
O001138;Female;Web;Cash;2025;6;11;0,0625;4;3;3065,22
O001139;Male;Mobile App;Cash;2025;11;12;0,0333333333333333;3;3;4490,36
O001140;Unknown;Call Center;Cash;2021;1;2;0;1;1;1163,26
O001141;Female;Web;Bank Transfer;2021;4;9;0,0125;4;3;5159,88
O001142;Unknown;Web;Bank Transfer;2023;2;19;0,07;5;4;5894,67
O001143;Male;Call Center;Bank Transfer;2022;10;24;0,01;5;3;8789,59
O001144;Unknown;Marketplace;Cash;2022;4;15;0,14;4;4;3397,43
O001145;Unknown;Store;Cash;2023;11;13;0,0333333333333333;3;2;3136,05
O001146;Male;Mobile App;Cash;2023;2;6;0,2;1;1;481,54
O001147;Unknown;Marketplace;Wallet;2023;11;20;0,075;4;3;7083,7
O001148;Male;Store;Bank Transfer;2024;9;17;0,025;4;3;10112,72
O001149;Female;Marketplace;Cash;2022;8;7;0,05;2;2;4431,09
O001150;Male;Call Center;Card;2024;6;15;0,1;4;3;2094,42
O001151;Female;Web;Bank Transfer;2025;1;20;0;4;2;5588,21
O001152;Male;Call Center;Cash;2024;5;16;0,0125;4;3;5143,28
O001153;Male;Web;Bank Transfer;2023;2;11;0,1;2;2;3904,88
O001154;Female;Store;Bank Transfer;2023;5;5;0,15;2;2;2457,2
O001155;Female;Call Center;Bank Transfer;2023;11;6;0,2;1;1;2805,6
O001156;Female;Marketplace;Cash;2024;9;20;0,06;5;4;9986,87
O001157;Male;Marketplace;Card;2025;7;5;0,05;2;2;1079,71
O001158;Unknown;Web;Cash;2024;1;19;0,09;5;5;9463,87
O001159;Female;Mobile App;Cash;2025;8;14;0,0333333333333333;3;3;4796,79
O001160;Female;Mobile App;Bank Transfer;2022;11;9;0,025;2;1;5345,29
O001161;Unknown;Mobile App;Bank Transfer;2022;10;10;0,0625;4;3;4913,83
O001162;Unknown;Call Center;Card;2022;4;14;0,0333333333333333;3;2;4844,93
O001163;Female;Call Center;Wallet;2022;12;10;0,116666666666667;3;3;2850,21
O001164;Female;Store;Wallet;2022;2;6;0,2;1;1;332,4
O001165;Male;Marketplace;Wallet;2022;12;1;0,05;1;1;17,59
O001166;Unknown;Call Center;COD;2022;10;4;0,05;1;1;1466,15
O001167;Male;Mobile App;COD;2022;12;17;0,0333333333333333;3;3;5391,11
O001168;Female;Web;Card;2021;6;4;0,2;1;1;2518,72
O001169;Unknown;Marketplace;Bank Transfer;2021;7;13;0,0333333333333333;3;2;3790,82
O001170;Female;Web;Cash;2022;7;11;0,0333333333333333;3;2;1933,52
O001171;Unknown;Store;Cash;2025;8;21;0,05;5;4;9473,86
O001172;Male;Web;Cash;2022;2;20;0,02;5;3;7298,4
O001173;Female;Web;COD;2023;10;20;0,1;5;4;6465,1
O001174;Male;Store;Cash;2023;11;5;0,075;2;1;296,81
O001175;Male;Marketplace;Card;2024;11;2;0;1;1;993,4
O001176;Male;Call Center;Wallet;2024;4;15;0,0666666666666667;3;3;3925,51
O001177;Male;Call Center;Wallet;2025;9;12;0,075;4;4;2705,44
O001178;Unknown;Web;Bank Transfer;2025;10;1;0,2;1;1;95,58
O001179;Female;Web;COD;2022;5;17;0,1125;4;3;4260,55
O001180;Male;Mobile App;Bank Transfer;2024;1;5;0,1;1;1;2429,95
O001181;Male;Marketplace;Bank Transfer;2023;5;3;0,125;2;2;1406,62
O001182;Female;Mobile App;Cash;2023;4;11;0,0625;4;3;4618,82
O001183;Female;Store;Card;2021;1;15;0,06;5;5;7403,81
O001184;Male;Mobile App;Bank Transfer;2023;3;10;0,025;4;3;3742,67
O001185;Female;Mobile App;Card;2025;10;14;0,05;4;3;5215,37
O001186;Unknown;Call Center;Card;2025;3;10;0,075;4;3;5009,64
O001187;Unknown;Web;Cash;2025;10;20;0,125;4;4;6896,4
O001188;Female;Marketplace;Cash;2022;6;8;0;3;2;2541,65
O001189;Female;Mobile App;Bank Transfer;2023;8;19;0,08;5;4;10103,48
O001190;Female;Store;Card;2025;2;3;0;1;1;1307,34
O001191;Male;Web;Wallet;2025;1;12;0,05;4;3;4024,78
O001192;Female;Web;Bank Transfer;2023;11;19;0,08;4;3;6854,44
O001193;Female;Marketplace;Card;2021;7;15;0,0833333333333333;3;3;4790,05
O001194;Female;Call Center;Card;2022;8;7;0,1;2;2;3871,79
O001195;Male;Call Center;COD;2024;6;6;0,075;2;2;3956,06
O001196;Female;Web;Wallet;2025;8;11;0,1;2;2;1683,63
O001197;Male;Marketplace;Wallet;2025;6;14;0,05;3;3;6199,03
O001198;Female;Mobile App;Wallet;2023;8;13;0,02;5;5;5786,92
O001199;Unknown;Mobile App;Bank Transfer;2025;9;3;0;1;1;119,79
O001200;Female;Web;Card;2021;10;16;0,06;5;4;9273,68
O001201;Unknown;Mobile App;Card;2021;3;9;0,1;2;2;4577,62
O001202;Female;Marketplace;Card;2021;1;2;0;1;1;1099,34
O001203;Unknown;Mobile App;COD;2023;12;4;0;1;1;1798,12
O001204;Female;Marketplace;COD;2023;9;12;0,1;3;3;5591,13
O001205;Female;Web;Wallet;2022;10;6;0,2;3;3;1643,95
O001206;Unknown;Store;COD;2024;11;8;0,0333333333333333;3;3;2917,75
O001207;Male;Call Center;Wallet;2023;4;21;0,11;5;4;4409,02
O001208;Male;Marketplace;Bank Transfer;2022;10;17;0,125;4;4;7507,54
O001209;Female;Call Center;Card;2022;2;10;0,05;2;2;3332,48
O001210;Female;Web;COD;2022;2;6;0,1;1;1;2969,35
O001211;Female;Web;Cash;2025;3;9;0,125;2;2;3078,88
O001212;Male;Store;COD;2025;5;17;0,04;5;4;8174
O001213;Female;Web;Bank Transfer;2025;3;2;0,1;1;1;584,14
O001214;Male;Web;COD;2023;1;20;0,06;5;4;8295,66
O001215;Male;Mobile App;Cash;2022;3;10;0,0666666666666667;3;3;1702,73
O001216;Male;Call Center;Bank Transfer;2022;3;1;0;1;1;549,88
O001217;Female;Call Center;Card;2025;1;5;0;1;1;1027,2
O001218;Male;Call Center;Card;2025;1;5;0,05;1;1;3697,02
O001219;Female;Mobile App;COD;2021;5;18;0,0625;4;4;4051,82
O001220;Female;Store;Card;2023;12;9;0,0833333333333333;3;2;3642,97
O001221;Female;Mobile App;Bank Transfer;2025;4;10;0,05;2;2;3850,15
O001222;Female;Store;Bank Transfer;2022;6;2;0,05;2;2;785,95
O001223;Female;Web;Card;2024;10;6;0;1;1;4058,4
O001224;Female;Marketplace;COD;2022;10;7;0,05;2;2;4701,09
O001225;Unknown;Marketplace;Wallet;2024;7;2;0;1;1;476,1
O001226;Male;Store;Cash;2025;5;5;0,1;1;1;3000,47
O001227;Unknown;Marketplace;COD;2022;6;22;0,07;5;2;13926,56
O001228;Male;Store;Bank Transfer;2024;5;14;0,125;4;4;6296,07
O001229;Male;Call Center;Cash;2025;10;17;0,0625;4;4;4240,5
O001230;Male;Web;Card;2023;6;16;0,05;4;3;7032,93
O001231;Unknown;Mobile App;COD;2022;10;3;0,2;1;1;248,35
O001232;Unknown;Mobile App;Wallet;2022;1;6;0;1;1;1824,42
O001233;Female;Web;Bank Transfer;2022;8;8;0,025;2;2;4852,58
O001234;Male;Call Center;Card;2025;7;11;0,025;4;3;3864,55
O001235;Unknown;Store;Bank Transfer;2023;10;12;0,0833333333333333;3;3;3483,46
O001236;Female;Marketplace;COD;2022;3;6;0;3;2;931,05
O001237;Male;Mobile App;Cash;2021;4;7;0,1;2;2;2129,2
O001238;Male;Marketplace;Card;2022;9;2;0,1;1;1;1143,47
O001239;Female;Store;COD;2023;3;8;0,0166666666666667;3;2;3084,32
O001240;Male;Mobile App;Bank Transfer;2024;12;3;0;1;1;1214,82
O001241;Male;Call Center;Cash;2025;9;14;0,166666666666667;3;3;3441,46
O001242;Unknown;Store;COD;2023;11;8;0,0625;4;3;2222,86
O001243;Female;Store;Bank Transfer;2025;12;11;0,0875;4;3;5280,75
O001244;Male;Web;Cash;2023;2;19;0,05;5;5;9118,3
O001245;Male;Call Center;Bank Transfer;2024;8;10;0,0625;4;3;3437,76
O001246;Male;Mobile App;Cash;2025;10;21;0,0125;4;3;7389,64
O001247;Male;Mobile App;Card;2024;4;6;0;2;2;2985,97
O001248;Male;Call Center;COD;2021;12;17;0,05;5;4;7738,34
O001249;Male;Web;Cash;2025;10;1;0;1;1;474,99
O001250;Female;Web;Card;2022;9;19;0,09;5;3;4727,32
O001251;Female;Web;Cash;2023;8;6;0,075;2;2;2515,82
O001252;Unknown;Call Center;Wallet;2024;3;12;0,0666666666666667;3;3;4782,47
O001253;Male;Store;Card;2025;4;18;0,11;5;3;10515,67
O001254;Female;Call Center;COD;2021;4;13;0,116666666666667;3;3;4864,12
O001255;Female;Web;Cash;2022;12;5;0,075;2;2;930,4
O001256;Male;Marketplace;Wallet;2022;10;4;0,2;1;1;1270,56
O001257;Male;Marketplace;Bank Transfer;2022;5;2;0,1;1;1;33,86
O001258;Female;Mobile App;Bank Transfer;2022;3;10;0,1;2;2;2254,46
O001259;Female;Call Center;Wallet;2022;6;10;0,09;5;4;4223,41
O001260;Female;Mobile App;Bank Transfer;2024;10;12;0,0625;4;3;4079,83
O001261;Male;Store;COD;2025;10;19;0,075;4;4;10260,73
O001262;Female;Store;Wallet;2022;5;19;0,08;5;5;4195,46
O001263;Male;Mobile App;Bank Transfer;2025;9;15;0,075;4;3;1686,53
O001264;Female;Store;COD;2024;9;1;0,1;1;1;273,66
O001265;Female;Web;COD;2025;7;10;0,15;3;3;5567,31
O001266;Male;Call Center;Card;2024;5;17;0,08;5;4;9219,6
O001267;Female;Call Center;COD;2022;5;12;0,05;4;4;4393,7
O001268;Unknown;Store;Bank Transfer;2021;9;2;0,025;2;2;520,5
O001269;Male;Mobile App;Cash;2022;3;12;0,05;2;2;4033,66
O001270;Male;Web;Wallet;2023;9;3;0;1;1;407,37
O001271;Female;Marketplace;Bank Transfer;2022;11;13;0,0666666666666667;3;2;5365,35
O001272;Female;Store;Card;2025;12;10;0,116666666666667;3;2;5723,02
O001273;Male;Marketplace;Wallet;2025;10;15;0,0875;4;3;5407,82
O001274;Female;Call Center;Wallet;2023;9;24;0,07;5;3;4607,28
O001275;Female;Mobile App;Card;2024;4;3;0;1;1;1567,77
O001276;Female;Web;Bank Transfer;2023;3;14;0,0375;4;2;5051,52
O001277;Male;Marketplace;Wallet;2021;9;17;0,075;4;3;6783,95
O001278;Female;Mobile App;Cash;2023;8;18;0,1;5;4;6075,89
O001279;Unknown;Web;COD;2025;6;15;0,05;4;4;8852,69
O001280;Male;Web;Card;2024;9;20;0,07;5;3;10678,95
O001281;Male;Web;Card;2022;1;4;0,2;1;1;2148,13
O001282;Female;Call Center;Wallet;2023;4;12;0,1;3;3;3582,53
O001283;Female;Mobile App;Cash;2022;5;2;0,1;1;1;1416,78
O001284;Male;Marketplace;Wallet;2023;3;15;0,04;5;4;7134,88
O001285;Female;Web;Bank Transfer;2024;10;8;0,075;2;2;3063,29
O001286;Female;Marketplace;Bank Transfer;2025;8;8;0,075;2;1;3154,45
O001287;Female;Store;Cash;2021;6;8;0,0333333333333333;3;2;4370,17
O001288;Female;Marketplace;Card;2022;10;18;0,025;4;2;5969,78
O001289;Unknown;Web;Wallet;2023;5;3;0,15;2;2;1719,96
O001290;Unknown;Store;Bank Transfer;2021;9;14;0,1;4;4;5906,47
O001291;Female;Store;Wallet;2021;2;11;0,1125;4;4;4451,29
O001292;Male;Store;Wallet;2022;5;8;0,05;2;2;3969,38
O001293;Male;Store;Bank Transfer;2022;11;12;0,0375;4;4;5625,27
O001294;Female;Store;Card;2023;5;4;0,1;1;1;2301,91
O001295;Female;Marketplace;Bank Transfer;2025;6;12;0,07;5;4;3637,43
O001296;Unknown;Mobile App;Bank Transfer;2023;4;6;0,05;1;1;1057,81
O001297;Female;Call Center;Card;2022;1;15;0,0625;4;3;4482,03
O001298;Female;Web;COD;2024;8;2;0,05;1;1;275,5
O001299;Female;Marketplace;Bank Transfer;2025;2;4;0,2;1;1;1338,66
O001300;Unknown;Web;COD;2024;12;24;0,05;5;4;6308,17
O001301;Male;Mobile App;Card;2023;3;16;0,0375;4;3;5497,8
O001302;Unknown;Web;Card;2023;4;1;0;1;1;436,54
O001303;Female;Marketplace;Wallet;2024;4;8;0,15;2;2;3454,68
O001304;Female;Marketplace;Card;2021;10;18;0,09;5;5;5130,27
O001305;Male;Call Center;Card;2022;2;20;0,11;5;4;5590,89
O001306;Female;Call Center;Card;2025;5;11;0,125;2;2;5161,92
O001307;Male;Web;COD;2025;3;17;0,05;4;4;5322,57
O001308;Unknown;Web;Cash;2024;10;13;0,075;4;3;5998,22
O001309;Female;Call Center;Cash;2025;5;18;0,03;5;4;6850,6
O001310;Female;Mobile App;Cash;2024;11;17;0,02;5;4;8268,26
O001311;Male;Marketplace;COD;2022;12;11;0,05;2;1;2342,8
O001312;Female;Call Center;COD;2023;4;18;0,01;5;2;7309,8
O001313;Female;Marketplace;COD;2022;12;14;0,1;5;5;5699,07
O001314;Female;Store;Wallet;2025;1;15;0,025;4;4;4048,75
O001315;Female;Store;Card;2024;12;16;0,0625;4;3;7206,02
O001316;Male;Web;Wallet;2021;8;2;0;1;1;1530,3
O001317;Unknown;Marketplace;Card;2023;11;10;0,025;2;2;3406,42
O001318;Unknown;Mobile App;Bank Transfer;2022;11;18;0,04;5;4;5879,05
O001319;Female;Mobile App;Card;2023;10;14;0,075;4;3;4802,71
O001320;Unknown;Web;Wallet;2025;12;20;0,1;5;5;8465,77
O001321;Male;Call Center;COD;2024;5;2;0,1;2;2;837,26
O001322;Female;Call Center;Bank Transfer;2021;7;2;0;1;1;1318,66
O001323;Unknown;Web;COD;2023;9;13;0,075;4;4;3378,72
O001324;Female;Call Center;Cash;2024;12;4;0,05;1;1;1067,91
O001325;Male;Mobile App;Cash;2024;2;7;0;2;2;1773,21
O001326;Male;Call Center;COD;2024;4;10;0;2;2;3686,05
O001327;Male;Web;Card;2024;5;9;0,1;2;2;3185,76
O001328;Female;Marketplace;Cash;2024;10;1;0,1;1;1;142,97
O001329;Female;Marketplace;Bank Transfer;2025;1;11;0,1;3;2;4417,58
O001330;Unknown;Mobile App;Bank Transfer;2024;2;5;0,1;2;2;459,41
O001331;Female;Call Center;Card;2021;2;9;0,0333333333333333;3;3;5889,33
O001332;Female;Marketplace;Wallet;2023;10;19;0,13;5;2;7596,48
O001333;Male;Call Center;Wallet;2021;5;7;0,0666666666666667;3;2;3030,77
O001334;Unknown;Store;Bank Transfer;2024;10;5;0,0666666666666667;3;2;2632,47
O001335;Male;Marketplace;Cash;2021;4;6;0,125;2;2;627,44
O001336;Female;Mobile App;Card;2022;7;7;0,025;4;3;4243,58
O001337;Male;Web;COD;2024;3;24;0,08;5;4;6411,89
O001338;Female;Call Center;COD;2023;10;2;0,2;1;1;519,04
O001339;Female;Marketplace;Wallet;2021;3;24;0,06;5;4;11336,12
O001340;Male;Store;Cash;2022;5;18;0,04;5;4;8053,36
O001341;Male;Mobile App;Bank Transfer;2022;4;3;0;1;1;932,25
O001342;Female;Mobile App;Cash;2023;1;25;0,1;5;2;9770,85
O001343;Male;Store;Cash;2025;5;8;0,025;2;2;3517,71
O001344;Female;Marketplace;Cash;2024;11;14;0,0875;4;3;3879,63
O001345;Female;Web;Wallet;2025;5;3;0,075;2;2;824,69
O001346;Male;Store;Bank Transfer;2024;5;19;0,175;4;3;6217,18
O001347;Male;Web;Bank Transfer;2021;8;3;0,05;1;1;1049,97
O001348;Unknown;Mobile App;Card;2021;12;11;0,0375;4;4;4118,66
O001349;Unknown;Store;Cash;2022;6;6;0,1;1;1;2493,18
O001350;Female;Mobile App;Cash;2021;12;12;0,0666666666666667;3;2;8207,8
O001351;Male;Call Center;COD;2022;7;5;0,166666666666667;3;3;1962,41
O001352;Female;Web;Bank Transfer;2025;6;12;0,025;2;2;4340,52
O001353;Male;Call Center;Bank Transfer;2022;10;11;0,05;3;2;1676,59
O001354;Unknown;Mobile App;Card;2024;3;18;0,125;4;3;3502,9
O001355;Male;Mobile App;Cash;2025;5;10;0,0166666666666667;3;3;4217,15
O001356;Male;Mobile App;Wallet;2021;10;4;0,05;1;1;2192,98
O001357;Male;Web;Wallet;2021;5;13;0,05;3;3;8344,92
O001358;Male;Marketplace;Card;2022;11;7;0,05;2;2;1852,84
O001359;Male;Mobile App;Bank Transfer;2021;9;4;0,05;1;1;151,73
O001360;Female;Mobile App;Card;2022;11;1;0;1;1;515,85
O001361;Male;Mobile App;Card;2024;10;11;0,1;4;3;5227,21
O001362;Male;Marketplace;Bank Transfer;2024;5;15;0,0875;4;3;4244,9
O001363;Female;Call Center;Wallet;2023;1;6;0,15;2;1;1542,08
O001364;Male;Store;Cash;2023;7;18;0,08;5;4;5340,4
O001365;Male;Call Center;Cash;2021;2;10;0,025;2;2;1730,06
O001366;Female;Call Center;Bank Transfer;2022;12;16;0,03;5;4;5184,59
O001367;Female;Marketplace;Wallet;2021;4;16;0,08;4;4;8098,86
O001368;Unknown;Marketplace;Wallet;2022;11;11;0,0333333333333333;3;3;4819,45
O001369;Male;Marketplace;Wallet;2024;5;5;0,2;1;1;2974,48
O001370;Male;Store;Cash;2022;7;16;0,0875;4;4;4497,14
O001371;Female;Store;Card;2024;3;10;0,1;3;3;2356,82
O001372;Female;Marketplace;Card;2023;2;8;0,025;2;2;3488,64
O001373;Male;Web;Wallet;2022;1;10;0;3;3;5435,5
O001374;Male;Call Center;COD;2025;11;13;0,1;3;3;4085,95
O001375;Female;Store;Cash;2025;11;3;0;1;1;857,19
O001376;Male;Call Center;Bank Transfer;2025;2;14;0,0625;4;4;4953,12
O001377;Female;Marketplace;Bank Transfer;2023;5;15;0,0875;4;3;5398,3
O001378;Unknown;Web;Cash;2021;7;4;0;1;1;960,96
O001379;Male;Call Center;Wallet;2025;5;13;0,1375;4;4;6422,81
O001380;Female;Call Center;COD;2023;10;12;0,0166666666666667;3;3;3748,93
O001381;Male;Call Center;Wallet;2022;1;18;0,08;5;2;9436,05
O001382;Male;Web;Cash;2025;5;9;0,05;2;2;3462,39
O001383;Female;Web;Bank Transfer;2021;2;5;0,05;1;1;1651,91
O001384;Female;Call Center;Card;2022;12;11;0,05;3;3;4507,41
O001385;Male;Web;Cash;2024;3;18;0,125;4;3;5676,12
O001386;Female;Call Center;COD;2022;1;14;0,1125;4;4;3916,03
O001387;Female;Call Center;Wallet;2025;9;1;0;1;1;276,83
O001388;Male;Mobile App;Wallet;2024;10;4;0,025;2;2;1806,17
O001389;Female;Web;Cash;2023;5;9;0,0166666666666667;3;2;4326,51
O001390;Male;Mobile App;Cash;2024;8;5;0,025;2;1;1138,64
O001391;Male;Web;COD;2025;4;10;0,025;3;3;4211,61
O001392;Female;Web;Wallet;2024;12;10;0,1;4;4;1744,86
O001393;Female;Store;Cash;2023;4;8;0;2;2;918,38
O001394;Male;Marketplace;Wallet;2024;7;8;0,116666666666667;3;3;2995,23
O001395;Female;Mobile App;Cash;2021;10;3;0;1;1;1921,8
O001396;Male;Call Center;COD;2021;12;7;0,116666666666667;3;3;2538,23
O001397;Male;Store;COD;2024;11;3;0,15;2;1;1202,69
O001398;Unknown;Web;Bank Transfer;2021;4;4;0;1;1;2522,88
O001399;Female;Mobile App;Wallet;2023;7;12;0,0375;4;4;2951,42
O001400;Male;Call Center;Wallet;2022;11;5;0,05;1;1;367,6
O001401;Unknown;Mobile App;Card;2023;1;17;0,075;4;4;8350,07
O001402;Female;Mobile App;Wallet;2022;10;5;0,075;2;2;1215,84
O001403;Female;Web;Cash;2025;7;8;0;2;2;2862,42
O001404;Female;Web;Bank Transfer;2024;3;6;0,1;2;2;2887,77
O001405;Female;Marketplace;COD;2021;4;22;0,04;5;4;6928,6
O001406;Male;Call Center;Wallet;2021;12;6;0,025;2;2;2310,71
O001407;Female;Mobile App;Wallet;2025;1;16;0,075;4;4;5410,45
O001408;Unknown;Marketplace;Bank Transfer;2025;4;8;0,133333333333333;3;3;790,58
O001409;Female;Mobile App;COD;2024;9;17;0,09;5;5;8257,34
O001410;Unknown;Web;Card;2021;7;4;0,0166666666666667;3;2;2190,27
O001411;Female;Store;Cash;2024;7;5;0,15;2;2;2966,45
O001412;Male;Store;Cash;2025;10;1;0,2;1;1;317,74
O001413;Female;Web;COD;2025;9;11;0,1;4;4;3471,25
O001414;Unknown;Web;Cash;2021;10;19;0,04;5;3;7815,89
O001415;Male;Call Center;Card;2022;1;4;0,2;1;1;1557,38
O001416;Male;Store;Wallet;2023;10;18;0,05;4;4;8360,94
O001417;Male;Store;Cash;2023;6;14;0;3;2;9318,08
O001418;Unknown;Mobile App;Card;2023;7;13;0,075;4;4;4130,07
O001419;Unknown;Mobile App;Card;2022;7;7;0,1;2;2;3333,6
O001420;Male;Web;Cash;2025;10;9;0,133333333333333;3;2;5366,16
O001421;Female;Store;Cash;2022;10;20;0,1375;4;4;7095,17
O001422;Male;Call Center;Cash;2025;8;19;0,05;5;5;6477,23
O001423;Male;Store;Card;2025;2;4;0,1;1;1;422,14
O001424;Male;Web;COD;2022;5;5;0,1;2;2;2029,46
O001425;Male;Mobile App;Bank Transfer;2025;5;10;0,025;2;1;1898,89
O001426;Female;Call Center;Card;2024;3;10;0,133333333333333;3;3;2089,88
O001427;Female;Call Center;Bank Transfer;2024;9;4;0,0666666666666667;3;3;1790,18
O001428;Female;Call Center;Cash;2021;8;7;0,1;2;2;728,12
O001429;Unknown;Mobile App;Cash;2023;1;16;0,05;3;3;6729,47
O001430;Male;Marketplace;Card;2023;2;14;0,15;4;3;3836,1
O001431;Male;Marketplace;Card;2023;2;14;0,0333333333333333;3;3;4652
O001432;Female;Web;Card;2025;7;13;0,1;3;3;2816,67
O001433;Male;Call Center;COD;2022;7;16;0,1;4;2;8220,6
O001434;Male;Mobile App;Cash;2023;5;3;0;2;2;2089,9
O001435;Female;Marketplace;COD;2021;12;6;0,075;2;2;3717,39
O001436;Male;Marketplace;Cash;2025;10;5;0,0333333333333333;3;3;2843,85
O001437;Female;Marketplace;Wallet;2021;12;13;0,116666666666667;3;3;5340,47
O001438;Unknown;Call Center;Cash;2022;11;8;0,075;2;2;2194,68
O001439;Unknown;Marketplace;Wallet;2025;2;6;0,1;2;1;2856,39
O001440;Unknown;Call Center;Card;2025;10;5;0;3;1;2608,96
O001441;Female;Store;Wallet;2021;8;13;0,08;5;4;5087,96
O001442;Unknown;Call Center;Wallet;2025;5;4;0,1;2;2;1947,51
O001443;Female;Web;Wallet;2025;7;15;0,125;4;4;7655,92
O001444;Female;Mobile App;Bank Transfer;2025;4;15;0,075;4;4;4754,5
O001445;Female;Web;COD;2021;5;16;0,075;4;3;5396,05
O001446;Female;Web;Card;2024;5;16;0,0125;4;2;8638,39
O001447;Unknown;Web;Wallet;2021;4;3;0,05;2;1;1197,42
O001448;Female;Call Center;COD;2023;7;13;0,01;5;3;3066,57
O001449;Female;Marketplace;COD;2025;12;3;0;1;1;2399,07
O001450;Male;Web;Wallet;2023;8;7;0,0666666666666667;3;2;3140,66
O001451;Unknown;Web;Wallet;2025;2;14;0,06;5;5;7164,71
O001452;Male;Web;Wallet;2023;6;21;0,11;5;4;6577,74
O001453;Male;Web;Wallet;2022;5;10;0,2;2;2;2223,57
O001454;Female;Marketplace;Bank Transfer;2025;4;5;0;1;1;1748,75
O001455;Male;Store;Cash;2021;4;22;0,0375;4;4;8754,85
O001456;Unknown;Web;Bank Transfer;2023;9;15;0,1;5;4;5777,11
O001457;Female;Mobile App;COD;2024;11;14;0,0333333333333333;3;3;3402,33
O001458;Male;Web;Card;2021;8;8;0,1;3;3;3503,52
O001459;Female;Marketplace;Wallet;2025;9;20;0,02;5;4;9165,19
O001460;Unknown;Store;Wallet;2025;7;16;0,125;4;3;5917,79
O001461;Female;Web;Bank Transfer;2024;9;14;0,0333333333333333;3;3;7764,81
O001462;Male;Store;Wallet;2025;6;4;0,025;2;2;1503,99
O001463;Female;Web;COD;2022;2;8;0,15;2;2;836,64
O001464;Male;Store;Wallet;2021;10;6;0,05;2;2;1624,55
O001465;Unknown;Marketplace;Card;2023;3;12;0,05;3;3;6130,88
O001466;Male;Call Center;Wallet;2025;9;9;0,075;2;2;969,06
O001467;Male;Store;COD;2021;4;17;0,0875;4;3;8052,97
O001468;Male;Mobile App;Card;2021;9;9;0,05;2;2;4187,77
O001469;Female;Mobile App;Bank Transfer;2021;8;19;0,09;5;2;10801,33
O001470;Female;Store;Cash;2024;12;11;0,025;2;2;4419,21
O001471;Female;Call Center;Cash;2021;3;9;0,025;4;3;6188,28
O001472;Male;Call Center;Card;2023;5;24;0,02;5;3;12127,45
O001473;Male;Call Center;COD;2022;10;11;0,1;3;3;2873,51
O001474;Male;Mobile App;Cash;2025;10;14;0,0625;4;3;6358,57
O001475;Female;Store;Cash;2024;5;17;0,05;5;4;9364,25
O001476;Female;Mobile App;Bank Transfer;2024;3;3;0;1;1;1547,55
O001477;Male;Marketplace;COD;2021;8;7;0,05;2;2;273,62
O001478;Male;Web;COD;2025;7;4;0;1;1;781,44
O001479;Male;Store;COD;2022;2;13;0,0333333333333333;3;3;5144,46
O001480;Male;Web;Wallet;2024;12;3;0,0666666666666667;3;3;1274,97
O001481;Female;Call Center;Bank Transfer;2023;4;3;0,1;2;2;1506,44
O001482;Unknown;Web;Bank Transfer;2023;10;17;0,1;5;3;5802,26
O001483;Male;Call Center;Cash;2022;10;19;0,08;5;5;8841,75
O001484;Male;Web;Card;2023;9;22;0,0875;4;4;8628,85
O001485;Unknown;Mobile App;Bank Transfer;2022;6;10;0,0833333333333333;3;3;2925,92
O001486;Female;Mobile App;Card;2023;7;3;0,1;2;1;1387,63
O001487;Female;Call Center;Wallet;2024;9;14;0,0875;4;3;2974,83
O001488;Female;Store;COD;2023;4;24;0;5;4;9983,21
O001489;Female;Mobile App;Card;2023;10;9;0,05;5;5;2989,51
O001490;Female;Marketplace;Wallet;2022;9;14;0,0625;4;3;4704,3
O001491;Female;Call Center;Cash;2022;3;17;0,09;5;3;5071,41
O001492;Male;Call Center;Cash;2023;8;3;0,1;1;1;1962,14
O001493;Unknown;Web;Bank Transfer;2022;5;6;0,15;2;2;1720,36
O001494;Male;Mobile App;Wallet;2023;12;5;0,0666666666666667;3;3;2449,77
O001495;Unknown;Store;Wallet;2022;1;13;0,116666666666667;3;3;7266,53
O001496;Female;Web;Cash;2022;10;8;0,125;2;2;1412,94
O001497;Female;Call Center;COD;2024;8;4;0,1;1;1;1776,67
O001498;Female;Store;COD;2024;7;5;0,2;1;1;2053,6
O001499;Unknown;Marketplace;Card;2023;6;6;0,1;3;3;1850,53
O001500;Female;Call Center;Bank Transfer;2025;4;14;0,04;5;5;5874,39
O001501;Male;Call Center;Card;2023;9;18;0,08;5;3;8801,08
O001502;Female;Mobile App;Cash;2022;11;2;0;1;1;1320,74
O001503;Unknown;Mobile App;Wallet;2022;6;14;0,075;4;3;2040,42
O001504;Unknown;Call Center;Cash;2025;3;7;0,05;2;2;1856,27
O001505;Male;Marketplace;Bank Transfer;2023;6;14;0,05;5;3;6738,19
O001506;Male;Mobile App;Bank Transfer;2023;5;11;0,1;4;4;4465,04
O001507;Female;Web;Card;2025;3;11;0,15;2;1;5394,69
O001508;Unknown;Store;COD;2024;12;16;0,0666666666666667;3;3;5615,34
O001509;Female;Store;Wallet;2023;7;15;0,0625;4;4;4214,03
O001510;Male;Call Center;Cash;2022;8;6;0,15;2;2;286,96
O001511;Female;Marketplace;Card;2023;3;15;0,1;5;4;6578,99
O001512;Male;Marketplace;Cash;2025;4;15;0,075;4;4;7776,21
O001513;Male;Marketplace;Cash;2022;2;17;0,025;4;3;5699,77
O001514;Female;Store;Bank Transfer;2021;11;22;0,09;5;4;6753,76
O001515;Female;Web;Cash;2024;3;20;0,075;4;4;4300,62
O001516;Male;Web;Cash;2022;1;14;0,04;5;4;1669,23
O001517;Male;Call Center;Card;2021;7;10;0,15;2;1;3635,09
O001518;Unknown;Web;Card;2022;1;6;0,1;1;1;879,44
O001519;Female;Store;Cash;2022;10;15;0,075;4;2;6558,25
O001520;Unknown;Mobile App;Bank Transfer;2023;3;22;0,04;5;4;9157,56
O001521;Male;Store;Card;2022;7;22;0,02;5;5;7038,17
O001522;Female;Marketplace;Bank Transfer;2025;10;4;0;1;1;741,52
O001523;Female;Store;Card;2024;6;12;0,2;2;1;2041,53
O001524;Female;Web;Wallet;2025;11;1;0,1;1;1;523,47
O001525;Unknown;Mobile App;Card;2023;8;10;0,0833333333333333;3;3;5551,48
O001526;Female;Call Center;Wallet;2023;5;8;0,025;2;2;2568,98
O001527;Female;Mobile App;COD;2021;1;19;0,08;5;4;8563,24
O001528;Unknown;Mobile App;Cash;2023;12;16;0,04;5;5;6102,61
O001529;Male;Marketplace;Card;2022;11;5;0,15;2;2;224,48
O001530;Female;Call Center;Bank Transfer;2023;5;5;0,1;2;2;1806,75
O001531;Unknown;Marketplace;Cash;2023;8;14;0,1;3;3;4730,6
O001532;Female;Mobile App;Card;2025;10;16;0,05;4;4;3549,42
O001533;Unknown;Call Center;COD;2022;10;13;0,0166666666666667;3;3;2517,67
O001534;Male;Marketplace;COD;2025;12;19;0,1125;4;3;8762,91
O001535;Male;Call Center;COD;2025;7;6;0;2;2;2874,87
O001536;Male;Store;Bank Transfer;2025;9;12;0,075;4;4;5364,97
O001537;Unknown;Mobile App;Cash;2024;9;2;0;1;1;253,86
O001538;Female;Store;Card;2023;8;7;0;2;1;4433,2
O001539;Female;Web;Bank Transfer;2025;9;21;0,02;5;4;8155,07
O001540;Unknown;Mobile App;Card;2023;7;8;0,0666666666666667;3;2;4043,89
O001541;Female;Call Center;Card;2024;12;24;0,09;5;4;7244,27
O001542;Male;Store;Wallet;2021;9;18;0,1;4;3;5448,78
O001543;Male;Mobile App;Wallet;2024;6;12;0,025;2;2;3146,09
O001544;Female;Web;Bank Transfer;2021;10;23;0,08;5;5;9395,48
O001545;Male;Marketplace;Wallet;2024;9;5;0;1;1;3584,75
O001546;Male;Store;Bank Transfer;2024;9;18;0,0833333333333333;3;2;7359,41
O001547;Unknown;Mobile App;Wallet;2025;10;5;0,025;2;2;1645,58
O001548;Female;Web;Wallet;2023;10;13;0,05;4;3;4557,94
O001549;Male;Store;Card;2025;12;10;0,05;3;3;2889,86
O001550;Female;Marketplace;Cash;2023;3;18;0,075;4;4;6711,35
O001551;Male;Call Center;COD;2025;3;18;0,0666666666666667;3;2;9742,96
O001552;Female;Call Center;Cash;2021;8;10;0,12;5;5;2896,1
O001553;Female;Store;Card;2023;3;19;0,04;5;4;10042,9
O001554;Female;Call Center;Bank Transfer;2023;6;10;0,2;2;2;1830,52
O001555;Female;Web;Cash;2021;1;14;0,075;4;3;7010,6
O001556;Female;Marketplace;COD;2024;11;18;0,06;5;4;6170,61
O001557;Male;Web;COD;2025;11;4;0,125;2;2;2101,48
O001558;Female;Call Center;Cash;2022;12;16;0,025;4;4;9551,32
O001559;Male;Store;Wallet;2023;12;7;0,0666666666666667;3;2;2541,74
O001560;Female;Call Center;Wallet;2022;6;13;0,0375;4;3;4643,99
O001561;Unknown;Web;Cash;2024;3;9;0,075;2;2;4080,03
O001562;Male;Store;Wallet;2024;5;16;0,1375;4;3;6822,06
O001563;Female;Marketplace;COD;2024;4;15;0,133333333333333;3;3;4581,24
O001564;Female;Web;Wallet;2023;7;20;0,05;5;4;6275,03
O001565;Male;Marketplace;Bank Transfer;2023;6;17;0,13;5;3;7888,19
O001566;Male;Call Center;Wallet;2023;6;7;0;2;2;1825,41
O001567;Male;Web;COD;2024;3;10;0,05;2;2;2192,42
O001568;Female;Store;Wallet;2023;10;15;0,1;3;2;5457,92
O001569;Male;Marketplace;Cash;2023;7;15;0,05;4;3;5426,34
O001570;Unknown;Store;Card;2021;11;8;0;2;2;3592,31
O001571;Male;Mobile App;Cash;2024;10;10;0,1375;4;4;5021,53
O001572;Unknown;Marketplace;Card;2025;4;15;0,05;5;4;5810,47
O001573;Male;Store;Card;2024;7;17;0,04;5;5;9019,49
O001574;Female;Store;COD;2023;12;17;0,08;5;5;7114,19
O001575;Male;Mobile App;COD;2025;2;3;0,05;2;2;658,38
O001576;Female;Marketplace;Bank Transfer;2025;7;8;0;2;2;2614,05
O001577;Female;Store;Bank Transfer;2021;1;15;0,0375;4;2;3450,2
O001578;Male;Call Center;Card;2021;9;19;0,0875;4;4;9998,54
O001579;Male;Call Center;COD;2023;7;18;0,07;5;4;7710,56
O001580;Female;Web;Cash;2022;6;17;0,08;5;3;6376,21
O001581;Male;Store;Cash;2023;12;2;0,2;1;1;227,54
O001582;Female;Web;Card;2023;4;8;0,15;2;2;2073,61
O001583;Unknown;Mobile App;Wallet;2023;9;2;0;1;1;704,18
O001584;Female;Call Center;COD;2022;7;8;0,1;3;3;2534,75
O001585;Male;Mobile App;Card;2025;1;15;0,0375;4;4;10195,82
O001586;Unknown;Mobile App;Bank Transfer;2022;10;4;0,05;1;1;1047,51
O001587;Male;Web;Bank Transfer;2024;11;5;0;2;2;2576,69
O001588;Female;Mobile App;COD;2024;3;9;0,166666666666667;3;2;1589,49
O001589;Male;Store;Wallet;2021;11;7;0;2;1;1976,57
O001590;Female;Call Center;Wallet;2021;9;6;0,05;1;1;1780,17
O001591;Male;Mobile App;Wallet;2024;3;22;0,05;4;3;8310,69
O001592;Female;Store;Bank Transfer;2025;4;14;0,0625;4;4;3101,77
O001593;Unknown;Mobile App;COD;2023;3;5;0;1;1;1956,5
O001594;Female;Mobile App;Wallet;2021;8;3;0,2;1;1;591,55
O001595;Female;Web;Card;2025;9;6;0,125;2;2;3675,41
O001596;Unknown;Store;Cash;2025;11;4;0,2;1;1;593,86
O001597;Unknown;Marketplace;Card;2021;3;14;0,0666666666666667;3;3;3061,64
O001598;Male;Web;Wallet;2022;4;3;0,1;2;1;1676,91
O001599;Male;Web;Card;2023;9;13;0,05;5;4;7293,66
O001600;Male;Web;COD;2024;10;14;0,05;3;2;3095,55
O001601;Female;Marketplace;Bank Transfer;2021;4;18;0,07;5;3;5767,51
O001602;Unknown;Store;COD;2025;3;2;0,05;1;1;1051,9
O001603;Male;Mobile App;Bank Transfer;2022;4;5;0;1;1;1384,15
O001604;Female;Call Center;Wallet;2021;12;9;0,05;4;4;3639,69
O001605;Female;Mobile App;Bank Transfer;2024;5;16;0,06;5;4;5617,76
O001606;Male;Web;Wallet;2022;5;12;0,07;5;5;5625,32
O001607;Unknown;Mobile App;COD;2024;4;25;0,09;5;4;8689,3
O001608;Male;Store;Bank Transfer;2021;7;3;0,2;1;1;1490,62
O001609;Unknown;Call Center;Bank Transfer;2024;10;4;0,1;1;1;1457,78
O001610;Unknown;Web;Cash;2025;2;1;0,1;1;1;35,94
O001611;Unknown;Marketplace;Bank Transfer;2023;7;2;0,05;1;1;1409,78
O001612;Male;Store;Cash;2021;5;12;0,0375;4;4;5128,47
O001613;Male;Call Center;Cash;2022;10;4;0,05;1;1;1958,63
O001614;Male;Web;Card;2023;3;9;0,05;2;2;3600,1
O001615;Unknown;Store;Card;2024;4;8;0,025;2;1;239,55
O001616;Female;Marketplace;Bank Transfer;2023;10;15;0,0625;4;3;4312,41
O001617;Male;Mobile App;Cash;2022;5;17;0,06;5;3;6995,43
O001618;Unknown;Store;Bank Transfer;2023;8;5;0,05;1;1;898,27
O001619;Male;Web;Card;2023;9;2;0,2;1;1;475,26
O001620;Female;Mobile App;Card;2021;7;22;0,1;4;4;8682,51
O001621;Male;Marketplace;Cash;2024;5;12;0,025;4;3;3706,39
O001622;Female;Call Center;COD;2025;6;6;0,0166666666666667;3;3;3793,15
O001623;Unknown;Store;COD;2021;10;5;0,05;1;1;1455,59
O001624;Male;Web;Cash;2023;3;6;0;1;1;3426
O001625;Male;Store;COD;2024;9;3;0,1;1;1;1015,31
O001626;Female;Web;Cash;2021;12;9;0,15;2;2;4491,06
O001627;Female;Marketplace;COD;2024;2;13;0,14;5;4;4863,41
O001628;Unknown;Web;Bank Transfer;2024;12;2;0,1;1;1;1338,82
O001629;Female;Store;COD;2025;10;4;0,1;2;2;1206,54
O001630;Male;Store;Bank Transfer;2023;11;9;0,125;2;2;2353,76
O001631;Male;Web;Cash;2022;10;16;0,0125;4;3;8811,07
O001632;Female;Mobile App;Card;2025;9;9;0;2;2;4505,05
O001633;Male;Web;Cash;2023;1;8;0,0833333333333333;3;3;2073,7
O001634;Male;Marketplace;COD;2024;3;10;0;2;2;3185,88
O001635;Male;Store;Wallet;2024;11;15;0,133333333333333;3;3;4817,56
O001636;Unknown;Mobile App;Bank Transfer;2021;10;10;0,05;3;3;2276,64
O001637;Male;Mobile App;Bank Transfer;2021;5;17;0,0375;4;4;9114,57
O001638;Unknown;Call Center;Bank Transfer;2022;5;8;0,1;3;3;2050,46
O001639;Female;Store;Bank Transfer;2022;1;4;0,05;1;1;1856,03
O001640;Unknown;Mobile App;Wallet;2023;1;4;0,05;1;1;2484,21
O001641;Female;Web;Bank Transfer;2024;7;12;0,0333333333333333;3;3;5493,82
O001642;Female;Mobile App;COD;2022;5;10;0,025;2;2;3906,53
O001643;Female;Marketplace;COD;2025;3;19;0,05;5;3;5208,21
O001644;Male;Call Center;Wallet;2025;3;7;0,0875;4;4;2099,12
O001645;Female;Call Center;Bank Transfer;2022;9;2;0,05;1;1;1053,51
O001646;Female;Call Center;Wallet;2021;8;19;0,0875;4;3;8210,21
O001647;Female;Call Center;COD;2025;10;11;0,025;4;3;2984,36
O001648;Female;Call Center;Cash;2021;9;14;0,0833333333333333;3;3;3561,93
O001649;Male;Call Center;Card;2022;3;26;0,12;5;3;12730,07
O001650;Male;Web;Wallet;2025;6;17;0,04;5;5;8279,61
O001651;Female;Mobile App;COD;2021;8;6;0,1;1;1;3144,26
O001652;Female;Store;Bank Transfer;2023;3;9;0;2;1;5356,73
O001653;Male;Web;Card;2022;9;15;0,09;5;4;5615,35
O001654;Male;Marketplace;Cash;2024;8;2;0;1;1;1472,08
O001655;Male;Call Center;COD;2023;6;10;0,05;2;2;5235,64
O001656;Unknown;Web;Card;2025;1;6;0,05;2;2;1842,15
O001657;Female;Mobile App;Wallet;2021;4;16;0,166666666666667;3;3;3346,7
O001658;Male;Store;COD;2025;10;17;0,025;4;4;8303,46
O001659;Unknown;Call Center;Cash;2021;7;1;0,1;1;1;79,22
O001660;Male;Call Center;Cash;2022;5;8;0,0833333333333333;3;2;2513,19
O001661;Unknown;Marketplace;Wallet;2025;1;6;0;1;1;1942,2
O001662;Female;Call Center;Cash;2023;7;11;0,05;2;2;5142,51
O001663;Male;Call Center;Wallet;2024;3;7;0,075;2;2;3546,79
O001664;Female;Mobile App;Wallet;2025;10;8;0,06;5;4;1709,2
O001665;Female;Marketplace;Card;2023;9;13;0,0375;4;4;6890,88
O001666;Female;Call Center;Cash;2025;3;13;0,0125;4;3;5523,9
O001667;Female;Call Center;Cash;2021;6;14;0,06;5;4;4456,31
O001668;Female;Store;COD;2021;5;17;0,05;4;2;6377,64
O001669;Female;Marketplace;Bank Transfer;2021;4;10;0,05;2;2;1784,03
O001670;Unknown;Store;Wallet;2022;10;6;0,2;1;1;1055,95
O001671;Female;Mobile App;COD;2023;5;4;0,1;1;1;2811,24
O001672;Male;Mobile App;Bank Transfer;2024;8;2;0,1;1;1;723,82
O001673;Unknown;Mobile App;Card;2023;5;20;0,07;5;4;4621,45
O001674;Female;Marketplace;Bank Transfer;2021;7;11;0,0625;3;3;4240,85
O001675;Female;Store;Cash;2023;6;14;0,05;4;3;8499,83
O001676;Male;Marketplace;Cash;2023;1;6;0,1125;4;3;1396,03
O001677;Unknown;Web;Bank Transfer;2023;11;18;0,133333333333333;3;2;10426,01
O001678;Female;Call Center;COD;2022;8;4;0;1;1;2738,44
O001679;Female;Mobile App;Wallet;2023;5;1;0,2;1;1;397,9
O001680;Unknown;Store;Card;2024;1;17;0,04;5;4;5367,16
O001681;Female;Marketplace;Bank Transfer;2025;6;5;0;1;1;3274,35
O001682;Female;Mobile App;Card;2025;3;6;0,05;1;1;4020,27
O001683;Male;Marketplace;Wallet;2025;5;13;0,09;5;4;6227,55
O001684;Male;Web;Card;2022;2;2;0,1;1;1;141,5
O001685;Male;Web;Bank Transfer;2022;12;10;0,15;3;3;4396,96
O001686;Female;Marketplace;Card;2023;12;2;0;1;1;648,8
O001687;Male;Marketplace;Cash;2021;1;10;0,0833333333333333;3;3;3596,57
O001688;Male;Call Center;COD;2021;3;2;0,1;1;1;401,9
O001689;Female;Store;Wallet;2024;3;12;0,125;4;3;4663,92
O001690;Female;Marketplace;COD;2025;12;13;0,09;5;4;5643
O001691;Male;Mobile App;COD;2021;11;5;0;1;1;1357,4
O001692;Female;Mobile App;Cash;2025;12;15;0,1;3;2;5712,14
O001693;Female;Call Center;Bank Transfer;2023;5;16;0,0666666666666667;3;2;6559,04
O001694;Female;Marketplace;Bank Transfer;2023;7;6;0,1;1;1;1669,57
O001695;Male;Mobile App;COD;2025;9;9;0;3;3;5063,9
O001696;Unknown;Mobile App;Wallet;2021;7;1;0,05;1;1;473,28
O001697;Female;Mobile App;COD;2023;11;11;0,166666666666667;3;3;4949,77
O001698;Unknown;Mobile App;Wallet;2021;7;16;0,05;5;4;6806,16
O001699;Female;Web;Bank Transfer;2021;6;11;0,0666666666666667;3;3;7759,36
O001700;Male;Web;COD;2021;4;10;0,1;4;4;4981,62
O001701;Male;Store;Wallet;2025;1;16;0,0625;4;3;8394,13
O001702;Unknown;Call Center;Cash;2021;11;17;0,075;4;3;5745,77
O001703;Female;Web;Cash;2023;4;18;0,07;5;4;7003,18
O001704;Unknown;Mobile App;COD;2021;11;14;0,133333333333333;3;3;2005,4
O001705;Female;Call Center;COD;2025;7;20;0,0375;4;4;7965,06
O001706;Male;Mobile App;Cash;2024;11;16;0,1125;4;3;7077,3
O001707;Male;Mobile App;Cash;2024;2;8;0,05;3;3;1766,52
O001708;Unknown;Mobile App;Bank Transfer;2021;1;7;0,0333333333333333;3;3;2462,61
O001709;Unknown;Marketplace;Cash;2024;11;22;0,11;5;3;9183,46
O001710;Female;Store;Bank Transfer;2024;7;13;0,1;3;3;4791,24
O001711;Male;Web;Wallet;2023;2;7;0,0833333333333333;3;3;2193,32
O001712;Female;Mobile App;Cash;2023;10;10;0,025;2;2;4326,75
O001713;Male;Web;COD;2023;7;12;0,1;3;2;5656,21
O001714;Female;Web;Cash;2024;8;9;0,05;2;2;5128,37
O001715;Female;Store;Bank Transfer;2023;2;17;0,1;4;3;5369,33
O001716;Male;Call Center;Wallet;2025;11;16;0,0375;4;4;3363,76
O001717;Female;Store;Cash;2022;10;9;0,05;2;2;4470,85
O001718;Male;Marketplace;Bank Transfer;2022;5;18;0,116666666666667;3;3;7259,21
O001719;Female;Call Center;COD;2025;4;4;0;1;1;1693,68
O001720;Unknown;Web;COD;2025;6;3;0,05;1;1;2010,13
O001721;Female;Store;Wallet;2024;11;2;0,1;1;1;866,83
O001722;Male;Call Center;Card;2023;1;13;0,0625;4;3;3345,31
O001723;Unknown;Web;Wallet;2025;12;8;0,0166666666666667;3;3;3364,55
O001724;Female;Web;Bank Transfer;2021;11;7;0,05;4;3;4332,31
O001725;Female;Call Center;Wallet;2023;6;21;0,01;5;4;11224,96
O001726;Female;Marketplace;Wallet;2023;7;16;0,05;4;3;10088,63
O001727;Female;Web;Bank Transfer;2021;2;10;0,0833333333333333;3;3;4710,95
O001728;Female;Call Center;COD;2024;8;6;0,075;2;2;1435,6
O001729;Male;Marketplace;COD;2025;12;14;0,07;5;3;6062,08
O001730;Unknown;Web;Cash;2024;6;6;0,2;2;2;3218,34
O001731;Male;Mobile App;Bank Transfer;2025;9;14;0,0375;4;4;6939,55
O001732;Male;Mobile App;COD;2024;10;2;0;2;2;483,01
O001733;Female;Marketplace;COD;2024;4;11;0,1;4;3;3504,52
O001734;Unknown;Web;Bank Transfer;2025;10;18;0,05;4;4;9175,54
O001735;Male;Web;Bank Transfer;2022;6;6;0,0833333333333333;3;3;2060,07
O001736;Unknown;Call Center;Cash;2021;11;11;0,0166666666666667;3;3;4868,84
O001737;Female;Call Center;Bank Transfer;2025;6;7;0,116666666666667;3;3;1530,47
O001738;Unknown;Web;Card;2023;11;17;0,0625;4;2;7878,14
O001739;Unknown;Store;Bank Transfer;2024;12;6;0,025;2;2;4429,51
O001740;Unknown;Marketplace;COD;2025;3;17;0,1125;4;4;3962,74
O001741;Male;Marketplace;Cash;2024;2;13;0,0375;4;4;3349,06
O001742;Female;Mobile App;Wallet;2025;8;21;0,0625;4;4;6946,86
O001743;Male;Store;Wallet;2024;6;9;0,025;2;2;2223,69
O001744;Female;Mobile App;Cash;2023;2;9;0,133333333333333;3;2;2722,23
O001745;Unknown;Call Center;Card;2021;7;12;0,1125;4;3;4410,44
O001746;Male;Call Center;COD;2023;3;5;0;1;1;3176,3
O001747;Male;Call Center;COD;2025;4;11;0,1;3;3;3769,77
O001748;Female;Web;Cash;2021;3;3;0,05;2;2;1535,63
O001749;Male;Call Center;Wallet;2025;11;7;0;1;1;2286,48
O001750;Female;Store;Card;2024;2;5;0;1;1;3323,55
O001751;Female;Marketplace;Wallet;2021;11;22;0,04;5;5;6411,86
O001752;Male;Mobile App;Wallet;2021;11;8;0,025;2;1;2659,91
O001753;Male;Mobile App;COD;2021;5;8;0,0333333333333333;3;3;2570
O001754;Male;Store;Cash;2023;9;14;0,12;5;3;3431,41
O001755;Male;Web;Bank Transfer;2021;7;4;0,05;1;1;1708,21
O001756;Unknown;Web;Cash;2023;3;2;0,15;2;2;91,07
O001757;Female;Mobile App;COD;2025;10;15;0,025;4;3;5385,26
O001758;Male;Marketplace;Card;2022;12;5;0,1;1;1;3020,8
O001759;Female;Call Center;COD;2022;4;17;0,03;5;4;4983,06
O001760;Male;Mobile App;Bank Transfer;2022;8;5;0;1;1;1837,15
O001761;Unknown;Mobile App;Cash;2022;6;11;0,025;4;3;6004,67
O001762;Male;Marketplace;Cash;2024;1;10;0,025;2;1;3807,99
O001763;Unknown;Call Center;Wallet;2022;9;12;0,05;4;3;5005,62
O001764;Female;Mobile App;COD;2023;2;8;0,15;3;3;3312,98
O001765;Female;Mobile App;COD;2023;3;8;0,1;2;2;4561,45
O001766;Unknown;Marketplace;COD;2025;10;3;0;1;1;1940,31
O001767;Female;Mobile App;Cash;2024;2;6;0;1;1;1873,86
O001768;Unknown;Mobile App;Bank Transfer;2021;3;15;0,075;4;3;7675,34
O001769;Unknown;Marketplace;Cash;2024;5;11;0,0875;4;4;5503,57
O001770;Female;Store;Bank Transfer;2022;9;16;0,1;4;3;6119,08
O001771;Female;Call Center;Bank Transfer;2025;3;3;0;1;1;424,23
O001772;Male;Web;Card;2025;3;8;0,1;2;2;2272,42
O001773;Unknown;Mobile App;Card;2025;8;15;0,0625;4;3;4984,95
O001774;Female;Store;Card;2023;8;12;0,0666666666666667;3;3;5154,48
O001775;Female;Call Center;Cash;2022;2;5;0;1;1;3423,05
O001776;Female;Marketplace;COD;2025;12;21;0,04;5;3;9032,81
O001777;Male;Call Center;Bank Transfer;2022;2;3;0;1;1;240,93
O001778;Unknown;Call Center;Bank Transfer;2021;6;11;0,0625;4;4;4620,1
O001779;Male;Store;Cash;2022;5;12;0,2;2;2;3986,11
O001780;Female;Marketplace;Cash;2025;1;14;0,0375;4;3;4446,76
O001781;Male;Call Center;Cash;2022;4;6;0;1;1;2302,26
O001782;Female;Store;Card;2025;12;11;0,1;3;2;5549,2
O001783;Male;Call Center;Card;2023;4;19;0,1;4;2;8020,37
O001784;Female;Call Center;Bank Transfer;2024;10;13;0,1;3;3;4072,29
O001785;Male;Mobile App;Wallet;2023;6;5;0,05;2;2;1703,04
O001786;Male;Web;Card;2025;7;2;0,1;1;1;605,21
O001787;Unknown;Call Center;Wallet;2022;9;14;0,1;4;4;4575,65
O001788;Male;Web;Bank Transfer;2024;10;5;0,025;2;2;2816,58
O001789;Male;Web;Bank Transfer;2022;3;3;0,1;1;1;944,33
O001790;Male;Call Center;Bank Transfer;2021;1;5;0,05;2;2;3246,76
O001791;Female;Mobile App;Wallet;2023;11;12;0,0166666666666667;3;3;4277,29
O001792;Female;Marketplace;Cash;2025;11;16;0,0625;4;3;3564,47
O001793;Female;Call Center;COD;2022;9;6;0,1;2;2;3047,52
O001794;Female;Store;Cash;2022;8;14;0,125;4;4;5186,66
O001795;Female;Marketplace;Wallet;2022;12;1;0;1;1;263,49
O001796;Female;Web;Bank Transfer;2025;7;14;0,0875;4;4;7095,94
O001797;Unknown;Mobile App;COD;2024;8;17;0,12;5;5;3991,6
O001798;Male;Mobile App;Card;2024;2;3;0,05;1;1;1732,2
O001799;Female;Mobile App;COD;2023;12;11;0,05;3;2;7297,63
O001800;Male;Web;Card;2023;2;17;0,09;5;3;4080,83
O001801;Female;Call Center;COD;2022;10;4;0,1;1;1;1534,21
O001802;Male;Marketplace;COD;2025;6;16;0,0875;4;3;7083,09
O001803;Female;Mobile App;Cash;2022;4;7;0,1;3;2;1387,09
O001804;Female;Web;Cash;2022;6;12;0,0666666666666667;3;3;6019,56
O001805;Female;Web;Bank Transfer;2025;1;3;0,1;1;1;1998,92
O001806;Female;Web;Cash;2025;9;8;0,075;2;2;4231,28
O001807;Female;Call Center;Wallet;2023;7;8;0,1;3;3;3752,11
O001808;Male;Web;COD;2023;1;6;0;1;1;1946,4
O001809;Male;Web;Wallet;2023;7;19;0,02;5;5;8490,88
O001810;Female;Store;Bank Transfer;2025;7;13;0,0875;4;3;3502,9
O001811;Male;Store;Wallet;2024;3;5;0;1;1;1452,8
O001812;Unknown;Call Center;Wallet;2025;4;23;0,07;5;3;8536,08
O001813;Female;Marketplace;Bank Transfer;2024;11;18;0,08;5;4;5166,48
O001814;Male;Web;COD;2024;1;12;0,166666666666667;3;2;6174,22
O001815;Male;Marketplace;Wallet;2023;9;21;0,09;5;5;9473,84
O001816;Female;Store;Card;2021;11;5;0,2;1;1;2214,52
O001817;Female;Call Center;Bank Transfer;2021;4;14;0,0875;4;3;4950,88
O001818;Female;Marketplace;Cash;2024;7;4;0,15;2;2;918,67
O001819;Male;Store;COD;2021;9;16;0,02;5;4;5860,28
O001820;Male;Store;Card;2021;11;7;0,0833333333333333;3;2;3738,46
O001821;Female;Mobile App;COD;2023;2;9;0,1;2;2;4424,44
O001822;Male;Marketplace;COD;2023;8;12;0,133333333333333;3;3;4978,39
O001823;Male;Call Center;COD;2023;3;1;0,2;1;1;271,52
O001824;Female;Marketplace;Cash;2023;12;6;0,1;2;2;1223,5
O001825;Male;Call Center;Card;2021;2;12;0,0166666666666667;3;3;3857,33
O001826;Male;Store;Bank Transfer;2023;11;19;0,06;5;5;7733,82
O001827;Unknown;Call Center;Wallet;2024;10;5;0;1;1;2808,9
O001828;Female;Store;Wallet;2023;1;1;0,1;1;1;575,1
O001829;Male;Call Center;Wallet;2021;7;7;0,025;2;2;3389,35
O001830;Female;Mobile App;Cash;2024;10;7;0;2;2;2436,29
O001831;Male;Store;Bank Transfer;2022;12;3;0,1;1;1;1300,4
O001832;Unknown;Marketplace;Cash;2023;1;2;0,2;1;1;166,05
O001833;Male;Call Center;Wallet;2022;10;9;0,0666666666666667;3;3;4663,71
O001834;Male;Web;Card;2023;6;15;0,05;4;4;4567,43
O001835;Male;Marketplace;Cash;2025;2;6;0;1;1;1588,08
O001836;Male;Call Center;Cash;2023;2;9;0,05;2;2;3190,9
O001837;Female;Call Center;Card;2022;6;16;0,0125;4;4;6982,1
O001838;Male;Mobile App;Wallet;2021;3;16;0,07;5;4;4186,18
O001839;Male;Marketplace;Cash;2022;7;11;0,0833333333333333;3;2;3938,85
O001840;Male;Store;Cash;2022;9;6;0,1;1;1;3059,96
O001841;Unknown;Marketplace;COD;2025;7;16;0,0625;4;4;4194,13
O001842;Male;Mobile App;COD;2024;10;5;0,2;1;1;2214,52
O001843;Female;Marketplace;Wallet;2025;8;16;0,03;5;5;5582,9
O001844;Female;Marketplace;Card;2021;3;10;0,11;5;4;4126,19
O001845;Female;Store;Bank Transfer;2021;1;10;0,15;2;2;2673,14
O001846;Male;Store;COD;2024;3;10;0,12;5;5;2365,95
O001847;Unknown;Mobile App;Card;2024;6;14;0,0666666666666667;3;3;4122,42
O001848;Male;Store;Cash;2024;9;10;0,1;2;2;4110,41
O001849;Male;Web;Cash;2024;3;3;0,05;1;1;2010,13
O001850;Unknown;Mobile App;COD;2023;11;2;0,1;1;1;1263,83
O001851;Female;Web;Bank Transfer;2025;12;5;0,1;1;1;2752,02
O001852;Male;Web;COD;2024;8;12;0,09;5;4;4793,5
O001853;Female;Mobile App;Bank Transfer;2021;1;12;0,0833333333333333;3;2;4307,08
O001854;Male;Store;Cash;2023;3;22;0,05;5;4;5341,46
O001855;Unknown;Call Center;Bank Transfer;2022;10;8;0,1;2;2;2128,07
O001856;Unknown;Call Center;Wallet;2024;2;17;0,03;5;5;5942,1
O001857;Male;Call Center;Wallet;2022;4;16;0,05;4;3;6174,74
O001858;Female;Store;Card;2024;8;12;0,1;3;3;3891,8
O001859;Male;Marketplace;Wallet;2022;8;6;0,1;1;1;2485,73
O001860;Male;Mobile App;Wallet;2023;2;15;0,075;4;4;8214,21
O001861;Female;Call Center;Cash;2025;4;20;0,0375;4;2;7616,58
O001862;Male;Mobile App;Wallet;2024;8;13;0,1125;4;4;4913,82
O001863;Male;Call Center;Cash;2024;8;5;0;1;1;597,4
O001864;Female;Web;Bank Transfer;2022;11;11;0,0666666666666667;3;2;5237,89
O001865;Male;Marketplace;Wallet;2024;5;11;0;3;2;3467,7
O001866;Unknown;Web;Card;2022;7;9;0,025;2;2;1803,63
O001867;Female;Store;Bank Transfer;2022;9;2;0;1;1;37,62
O001868;Female;Web;COD;2024;1;11;0,025;4;3;5209,91
O001869;Female;Marketplace;COD;2024;9;15;0,0625;4;4;9423,93
O001870;Male;Web;Card;2024;2;3;0,05;1;1;1207,46
O001871;Unknown;Call Center;COD;2023;12;8;0,0666666666666667;3;2;3153,57
O001872;Unknown;Marketplace;Cash;2024;1;4;0,0166666666666667;3;3;1966
O001873;Female;Web;Card;2025;9;5;0;2;2;2438,36
O001874;Unknown;Web;Card;2022;7;13;0;3;2;3071,95
O001875;Male;Marketplace;Cash;2022;11;23;0,09;5;4;10307,03
O001876;Female;Store;Card;2022;3;9;0,075;4;4;3801,6
O001877;Female;Marketplace;COD;2023;5;18;0;4;4;4506,85
O001878;Male;Mobile App;Cash;2022;2;5;0,05;1;1;747,03
O001879;Male;Mobile App;Card;2021;6;23;0,0625;4;2;10852,72
O001880;Unknown;Marketplace;Cash;2022;2;21;0,11;5;4;7904,31
O001881;Male;Web;Card;2021;9;22;0,12;5;3;6162,52
O001882;Male;Store;Bank Transfer;2025;11;2;0,05;1;1;316,37
O001883;Male;Store;Cash;2025;6;16;0,15;4;4;6155,43
O001884;Unknown;Mobile App;Card;2021;12;6;0,025;2;1;3778,34
O001885;Unknown;Web;Card;2025;12;6;0,05;1;1;4253,11
O001886;Female;Mobile App;Cash;2025;2;16;0;4;4;7119,86
O001887;Male;Marketplace;Bank Transfer;2025;9;10;0,08;5;4;1910,39
O001888;Male;Web;Cash;2024;3;1;0,05;1;1;480,02
O001889;Male;Web;Wallet;2025;5;10;0,05;4;3;3254,45
O001890;Unknown;Call Center;Wallet;2022;6;3;0;1;1;1770,45
O001891;Female;Mobile App;Cash;2025;9;10;0,0375;4;3;2810,33
O001892;Male;Store;COD;2021;10;5;0,1;1;1;2361,33
O001893;Male;Web;Bank Transfer;2022;10;5;0;1;1;1697
O001894;Unknown;Call Center;Bank Transfer;2021;12;15;0,1125;4;2;6904,75
O001895;Male;Web;Wallet;2022;6;6;0,0666666666666667;3;2;2472,61
O001896;Unknown;Call Center;Card;2021;9;4;0;1;1;1999,8
O001897;Female;Store;Cash;2024;7;2;0;1;1;1542,38
O001898;Female;Web;Card;2021;6;12;0,15;4;4;4159
O001899;Male;Call Center;Wallet;2024;10;8;0,1;2;2;1777,02
O001900;Unknown;Marketplace;COD;2022;12;7;0,1;2;2;864,52
O001901;Unknown;Mobile App;COD;2025;12;11;0,0166666666666667;3;2;4802,69
O001902;Unknown;Marketplace;Bank Transfer;2024;4;18;0,03;5;2;8858,02
O001903;Female;Call Center;Wallet;2022;7;9;0,133333333333333;3;3;3088,09
O001904;Male;Call Center;Wallet;2022;3;6;0;2;2;3335,76
O001905;Male;Marketplace;COD;2023;10;7;0,07;5;4;2428,98
O001906;Female;Marketplace;Card;2023;3;11;0,075;2;2;2835,38
O001907;Female;Web;COD;2024;11;19;0,075;4;3;9269,52
O001908;Unknown;Marketplace;Card;2022;5;16;0,09;5;5;3737,5
O001909;Male;Store;Cash;2025;4;14;0,025;4;3;3434,26
O001910;Female;Marketplace;Wallet;2024;8;10;0,05;2;2;5743,62
O001911;Unknown;Marketplace;Bank Transfer;2023;5;19;0,0125;4;4;7010,53
O001912;Female;Marketplace;Bank Transfer;2025;10;11;0,1375;4;4;5181,59
O001913;Male;Mobile App;Card;2025;9;12;0,0333333333333333;3;3;4596,69
O001914;Female;Store;COD;2025;7;2;0;1;1;1270,5
O001915;Unknown;Web;Cash;2025;3;2;0,2;1;1;916,03
O001916;Female;Mobile App;Bank Transfer;2023;7;11;0,0125;4;3;2603,79
O001917;Male;Mobile App;Bank Transfer;2021;3;11;0,116666666666667;3;2;4025,69
O001918;Unknown;Store;Bank Transfer;2025;4;23;0,06;5;5;11817,7
O001919;Male;Marketplace;Wallet;2023;12;7;0,0625;4;3;3116,67
O001920;Male;Marketplace;Card;2022;12;14;0,1;3;2;6722,37
O001921;Male;Call Center;Bank Transfer;2022;11;3;0,05;1;1;2038,75
O001922;Male;Call Center;Wallet;2021;5;11;0,025;2;2;4440,97
O001923;Unknown;Web;Bank Transfer;2025;4;19;0,08;5;4;10912,76
O001924;Female;Call Center;Wallet;2023;11;12;0,0375;4;4;4625,71
O001925;Unknown;Web;Cash;2021;9;15;0,06;5;4;5278,9
O001926;Male;Marketplace;Card;2024;6;2;0;1;1;594,9
O001927;Unknown;Call Center;Card;2024;8;13;0,166666666666667;3;2;1711,85
O001928;Female;Store;Cash;2024;8;6;0,075;2;2;1561,39
O001929;Female;Web;Wallet;2023;11;13;0,1;5;3;3314,88
O001930;Female;Mobile App;Wallet;2022;1;7;0;2;2;4834,95
O001931;Female;Marketplace;Card;2022;8;4;0;1;1;178,32
O001932;Unknown;Mobile App;Wallet;2021;3;22;0,08;5;5;9053,16
O001933;Female;Web;COD;2025;10;15;0,06;5;4;5659,99
O001934;Unknown;Store;Bank Transfer;2025;11;8;0;2;2;4688,07
O001935;Male;Call Center;Cash;2023;5;6;0,025;2;2;2221,03
O001936;Male;Web;COD;2021;8;3;0,05;1;1;1815,68
O001937;Unknown;Marketplace;Cash;2024;5;4;0,05;1;1;1174,88
O001938;Male;Web;Card;2024;1;1;0,05;1;1;557,93
O001939;Male;Marketplace;Cash;2022;8;11;0,0375;4;3;2468,31
O001940;Female;Mobile App;Wallet;2023;6;14;0,0333333333333333;3;3;5458,95
O001941;Male;Call Center;Bank Transfer;2021;3;5;0,2;1;1;1236,72
O001942;Female;Call Center;COD;2024;10;19;0,1;5;3;8370,94
O001943;Female;Call Center;Card;2022;3;9;0,0666666666666667;3;3;4521,89
O001944;Male;Store;Card;2024;11;14;0,025;4;4;8685,39
O001945;Female;Mobile App;Cash;2021;1;8;0,116666666666667;3;2;5082
O001946;Male;Web;Wallet;2021;6;12;0,0166666666666667;3;2;3977,19
O001947;Male;Marketplace;Wallet;2025;8;3;0;2;2;939,57
O001948;Unknown;Web;Card;2024;8;2;0,05;1;1;204,93
O001949;Female;Mobile App;Bank Transfer;2025;3;6;0,2;1;1;1956,67
O001950;Female;Web;COD;2023;6;11;0,0875;4;2;4013,69
O001951;Unknown;Mobile App;Wallet;2021;7;7;0;3;3;3147,47
O001952;Male;Store;Cash;2024;9;6;0;1;1;1244,52
O001953;Male;Web;Bank Transfer;2023;11;3;0,025;2;2;1929,59
O001954;Male;Call Center;Wallet;2023;11;21;0,05;5;4;9502,87
O001955;Unknown;Marketplace;COD;2023;4;15;0,0625;4;3;8325,57
O001956;Female;Marketplace;Bank Transfer;2021;8;2;0,1;1;1;428,49
O001957;Male;Web;COD;2024;3;19;0,1125;4;4;8167,2
O001958;Female;Marketplace;Bank Transfer;2021;8;12;0,1125;4;2;4684,41
O001959;Female;Marketplace;Wallet;2024;12;6;0;1;1;1391,04
O001960;Female;Mobile App;Cash;2023;12;8;0;2;2;4869,23
O001961;Unknown;Store;Wallet;2025;5;16;0,075;4;3;4499,32
O001962;Male;Store;Cash;2024;8;14;0,0666666666666667;3;3;5598,86
O001963;Female;Store;Cash;2023;9;2;0;1;1;542,74
O001964;Female;Store;Card;2024;4;7;0,1;3;3;3711,12
O001965;Female;Web;Wallet;2025;5;1;0;1;1;705,31
O001966;Male;Store;Cash;2022;11;3;0,125;2;2;869,65
O001967;Male;Store;Bank Transfer;2025;5;20;0,075;4;3;6247,64
O001968;Male;Web;Card;2025;6;14;0,0375;4;3;7350,06
O001969;Male;Store;Card;2022;12;3;0;1;1;1164,42
O001970;Female;Web;Card;2023;11;16;0,1;4;4;6411,27
O001971;Female;Web;COD;2024;8;14;0,025;4;3;5449,41
O001972;Female;Store;Card;2021;3;11;0,1;2;2;2671,88
O001973;Male;Store;Bank Transfer;2024;10;2;0,2;1;1;160,03
O001974;Female;Web;Card;2025;4;1;0;1;1;715,35
O001975;Male;Call Center;Card;2025;3;10;0,0166666666666667;3;2;4065,77
O001976;Female;Store;Card;2023;9;9;0;2;2;1753,13
O001977;Female;Marketplace;Wallet;2022;12;16;0,0875;4;3;7474,96
O001978;Male;Web;Cash;2021;4;17;0,08;5;2;7412,51
O001979;Female;Store;Cash;2023;9;2;0,2;1;1;1193,86
O001980;Female;Call Center;Card;2023;7;16;0,08;5;4;5897,65
O001981;Male;Web;Card;2024;10;12;0,15;4;2;4526,24
O001982;Unknown;Mobile App;Cash;2023;6;13;0,0375;4;3;3484,85
O001983;Female;Marketplace;Bank Transfer;2025;11;1;0,2;1;1;456,8
O001984;Female;Call Center;Cash;2022;2;11;0,075;2;2;4524,68
O001985;Unknown;Store;Wallet;2021;3;13;0,075;4;3;5618,18
O001986;Unknown;Call Center;Bank Transfer;2024;5;12;0,0666666666666667;3;3;4410,6
O001987;Male;Marketplace;Cash;2021;11;7;0,0166666666666667;3;2;4023,27
O001988;Female;Marketplace;Card;2024;9;2;0,2;1;1;43,97
O001989;Female;Call Center;Cash;2022;4;11;0,05;3;3;6540,33
O001990;Female;Mobile App;COD;2025;5;13;0,11;5;3;4564,55
O001991;Female;Mobile App;Bank Transfer;2021;12;11;0,08;5;4;5755,06
O001992;Male;Call Center;Cash;2021;8;3;0;1;1;1157,49
O001993;Female;Store;Wallet;2023;2;8;0,1;3;3;1876,28
O001994;Male;Store;Wallet;2023;7;4;0,1;1;1;1292,65
O001995;Female;Call Center;Wallet;2024;11;5;0,0666666666666667;3;2;724,44
O001996;Male;Store;Cash;2024;1;6;0,15;3;3;619,56
O001997;Male;Web;Bank Transfer;2024;10;9;0,2;2;2;3290,38
O001998;Female;Store;Card;2024;6;18;0,1;4;4;3696,86
O001999;Female;Call Center;Cash;2025;7;23;0,09;5;4;5674,06
O002000;Male;Mobile App;Bank Transfer;2022;10;5;0;1;1;1378,3
O002001;Female;Call Center;Cash;2024;4;15;0,0666666666666667;3;3;7068,08
O002002;Unknown;Web;Wallet;2023;6;9;0,0875;4;3;1031,74
O002003;Male;Store;Bank Transfer;2022;7;16;0,04;5;4;8419,51
O002004;Female;Mobile App;Bank Transfer;2022;9;10;0;2;1;3006,95
O002005;Female;Marketplace;Cash;2022;10;9;0,15;2;2;4036,59
O002006;Female;Marketplace;Cash;2025;10;14;0,0833333333333333;3;2;3142,09
O002007;Female;Web;Wallet;2022;2;2;0,15;2;2;380,26
O002008;Unknown;Call Center;COD;2021;5;1;0;1;1;332,83
O002009;Male;Web;Bank Transfer;2021;1;1;0,2;1;1;73,06
O002010;Female;Marketplace;Bank Transfer;2024;11;10;0,025;2;2;3792,57
O002011;Female;Marketplace;Wallet;2024;9;11;0,0333333333333333;3;2;3207,14
O002012;Female;Mobile App;Bank Transfer;2025;8;16;0,02;5;4;7065,38
O002013;Male;Call Center;COD;2024;2;11;0,06;5;5;2985,01
O002014;Female;Store;Bank Transfer;2022;3;2;0,2;1;1;892,5
O002015;Female;Web;Wallet;2025;12;8;0;2;2;4561,4
O002016;Unknown;Call Center;Card;2021;8;8;0,133333333333333;3;3;2216,94
O002017;Female;Mobile App;Bank Transfer;2024;4;10;0,1;2;2;2856,34
O002018;Male;Call Center;Wallet;2023;10;12;0,1;3;3;5757,37
O002019;Female;Marketplace;Wallet;2021;7;2;0,1;1;1;1392,34
O002020;Female;Call Center;Wallet;2025;5;6;0;2;2;1524,54
O002021;Female;Marketplace;COD;2021;2;22;0,06;5;3;7719,03
O002022;Female;Mobile App;Card;2024;7;19;0,09;5;5;8521,71
O002023;Male;Marketplace;COD;2021;10;1;0,1;1;1;472,27
O002024;Male;Mobile App;Bank Transfer;2021;9;1;0,05;1;1;703,32
O002025;Male;Call Center;Cash;2024;6;18;0,06;5;3;5417,51
O002026;Female;Marketplace;Wallet;2022;10;7;0,0833333333333333;3;3;3855,48
O002027;Female;Call Center;Bank Transfer;2025;8;3;0;1;1;2277,63
O002028;Female;Marketplace;COD;2025;5;17;0,05;5;4;9766,62
O002029;Male;Web;Bank Transfer;2021;2;10;0,05;3;3;4748,1
O002030;Unknown;Call Center;Cash;2022;2;11;0,15;2;2;1705,61
O002031;Male;Web;Cash;2021;9;14;0,0833333333333333;3;3;5311,84
O002032;Unknown;Call Center;COD;2025;4;6;0;1;1;300
O002033;Female;Marketplace;Cash;2022;9;15;0,06;5;4;6780,77
O002034;Male;Web;Bank Transfer;2023;11;10;0,05;2;2;1323,98
O002035;Male;Call Center;Card;2025;9;5;0,15;2;2;2087,37
O002036;Male;Marketplace;Card;2025;10;4;0;1;1;2137,32
O002037;Unknown;Mobile App;Cash;2025;8;13;0,0333333333333333;3;3;5646,77
O002038;Female;Call Center;Bank Transfer;2022;6;25;0,14;5;4;10418,7
O002039;Male;Mobile App;Bank Transfer;2022;8;8;0,05;3;2;3568,93
O002040;Male;Mobile App;Bank Transfer;2025;6;9;0,0625;4;4;4205,09
O002041;Male;Marketplace;Cash;2022;4;6;0,0375;4;4;2305,13
O002042;Female;Web;Wallet;2022;7;8;0,0666666666666667;3;3;2845,01
O002043;Male;Web;Bank Transfer;2023;7;8;0,125;4;3;3540,56
O002044;Female;Marketplace;Card;2025;4;19;0,06;5;5;5715,15
O002045;Female;Mobile App;Card;2022;2;1;0,2;1;1;401,78
O002046;Male;Store;Wallet;2025;8;4;0,025;2;1;1965,1
O002047;Female;Marketplace;Bank Transfer;2023;10;19;0,09;5;3;8897,46
O002048;Unknown;Call Center;COD;2021;12;15;0,08;5;4;6676,91
O002049;Unknown;Web;Bank Transfer;2022;8;5;0,025;2;2;2145,1
O002050;Male;Marketplace;Card;2024;8;4;0,1;3;2;1693,27
O002051;Female;Store;Cash;2021;10;2;0,1;1;1;512,75
O002052;Male;Marketplace;COD;2024;10;14;0,0333333333333333;3;3;4789,86
O002053;Female;Web;Card;2024;5;6;0,075;2;2;1966,27
O002054;Male;Call Center;Bank Transfer;2023;3;7;0,025;2;2;1280,59
O002055;Male;Call Center;Cash;2023;12;7;0,1;2;2;1217,02
O002056;Unknown;Marketplace;Wallet;2022;4;2;0,025;2;2;452,75
O002057;Male;Store;Bank Transfer;2025;9;20;0,09;5;5;5653,04
O002058;Male;Web;Cash;2025;2;17;0,1;4;4;5055,45
O002059;Unknown;Call Center;Cash;2024;1;14;0,06;5;3;5491,01
O002060;Female;Mobile App;Cash;2025;1;2;0;1;1;1163,26
O002061;Unknown;Marketplace;Wallet;2022;7;4;0,1;1;1;2733,16
O002062;Male;Store;Cash;2021;3;20;0,0875;4;4;5895,61
O002063;Female;Marketplace;Wallet;2023;6;14;0,1;4;4;5432,72
O002064;Male;Call Center;Wallet;2024;1;1;0;1;1;706,91
O002065;Female;Store;Bank Transfer;2022;10;14;0,1;5;5;3820,88
O002066;Male;Marketplace;COD;2022;4;14;0,07;5;5;6506,62
O002067;Female;Web;Cash;2021;11;14;0,1;3;3;9384,58
O002068;Unknown;Call Center;Card;2024;8;6;0,0333333333333333;3;3;2120,67
O002069;Male;Call Center;Wallet;2023;7;13;0,1125;4;4;4356,83
O002070;Female;Call Center;Bank Transfer;2021;12;24;0,05;5;4;9584,21
O002071;Male;Store;Bank Transfer;2023;8;18;0,075;4;3;7636,94
O002072;Female;Mobile App;Bank Transfer;2021;9;8;0;3;3;4106,57
O002073;Unknown;Mobile App;Wallet;2025;3;5;0,025;2;2;1413,46
O002074;Female;Call Center;Cash;2025;7;15;0,04;5;4;5513,56
O002075;Female;Marketplace;Cash;2021;6;14;0,1;3;3;5398,95
O002076;Unknown;Mobile App;Card;2025;12;8;0,133333333333333;3;3;1610,44
O002077;Male;Web;Card;2023;9;14;0,125;4;4;3399,9
O002078;Male;Call Center;Bank Transfer;2021;12;7;0,0333333333333333;3;2;3756,33
O002079;Female;Web;Card;2022;2;14;0,09;5;3;3930,44
O002080;Male;Mobile App;Wallet;2024;8;10;0,0333333333333333;3;2;6458,79
O002081;Unknown;Marketplace;Card;2023;2;8;0,05;2;2;3848,98
O002082;Female;Mobile App;COD;2024;2;6;0,025;2;2;2789,19
O002083;Female;Store;Bank Transfer;2022;3;7;0,025;2;2;2365,65
O002084;Female;Call Center;Wallet;2022;3;14;0,1;5;5;3133,14
O002085;Unknown;Web;Wallet;2022;2;24;0,08;5;3;7543,08
O002086;Female;Store;Cash;2025;10;21;0,08;5;3;9023,14
O002087;Male;Web;Bank Transfer;2022;10;2;0,1;1;1;670,3
O002088;Male;Store;COD;2021;10;9;0,1;2;2;531,88
O002089;Female;Store;Card;2022;9;13;0,0875;4;3;6932,59
O002090;Male;Call Center;Bank Transfer;2022;3;11;0,0625;4;3;5239,53
O002091;Unknown;Call Center;Cash;2024;12;7;0,025;2;1;4020,38
O002092;Male;Web;Card;2024;10;13;0,075;4;3;5008,02
O002093;Unknown;Marketplace;Cash;2023;4;14;0,09;5;3;5773,61
O002094;Female;Mobile App;COD;2024;12;17;0,03;5;4;6025,64
O002095;Male;Call Center;COD;2021;10;7;0,1;3;3;2395,42
O002096;Female;Mobile App;Wallet;2021;7;5;0,025;2;2;1626,98
O002097;Male;Marketplace;Card;2025;9;8;0,133333333333333;3;2;2093,39
O002098;Male;Marketplace;Wallet;2022;10;1;0;1;1;544,63
O002099;Male;Marketplace;Card;2022;10;10;0;3;3;6112,97
O002100;Male;Mobile App;Card;2021;2;11;0,0375;4;2;3261,43
O002101;Female;Mobile App;COD;2023;7;13;0;5;5;5447,98
O002102;Female;Web;COD;2025;12;20;0,125;4;4;8299,84
O002103;Female;Call Center;Cash;2024;6;21;0,14;5;4;7984,86
O002104;Male;Call Center;Bank Transfer;2024;10;6;0,0333333333333333;3;2;3271,3
O002105;Female;Store;COD;2022;7;26;0,06;5;4;9592,73
O002106;Male;Mobile App;Cash;2021;4;16;0,04;5;4;7897,19
O002107;Male;Marketplace;Bank Transfer;2024;1;5;0,05;1;1;2256,2
O002108;Female;Mobile App;Card;2025;11;5;0;2;1;2582,65
O002109;Female;Marketplace;Bank Transfer;2021;9;10;0,0875;4;3;5531,21
O002110;Unknown;Mobile App;Cash;2021;6;12;0,025;2;2;5337,2
O002111;Unknown;Call Center;Card;2021;7;17;0,133333333333333;3;3;5325,3
O002112;Female;Call Center;Card;2023;8;15;0,075;4;3;4217,12
O002113;Female;Mobile App;COD;2023;6;3;0,1;1;1;714,64
O002114;Female;Call Center;COD;2024;9;14;0,0666666666666667;3;2;6130,93
O002115;Female;Call Center;Bank Transfer;2024;8;12;0,0333333333333333;3;3;5055,96
O002116;Male;Web;COD;2022;4;15;0,0375;4;4;4147,41
O002117;Female;Web;COD;2023;5;18;0,09;5;4;8346,56
O002118;Male;Marketplace;COD;2024;6;19;0,04;5;4;5104,12
O002119;Male;Marketplace;COD;2023;7;9;0,1;2;2;3755,29
O002120;Male;Mobile App;Card;2022;4;15;0,07;5;4;4740,74
O002121;Female;Store;Bank Transfer;2022;1;17;0,0375;4;4;7877,6
O002122;Male;Mobile App;Wallet;2022;3;3;0;2;2;820,72
O002123;Unknown;Marketplace;Bank Transfer;2021;8;5;0,025;2;2;1856,45
O002124;Female;Mobile App;Bank Transfer;2024;12;2;0,2;1;1;563,34
O002125;Male;Store;Card;2023;12;18;0,09;5;4;8655,31
O002126;Male;Web;Wallet;2023;2;18;0,075;4;4;7154,53
O002127;Male;Store;Wallet;2025;2;7;0,05;2;2;3392,73
O002128;Male;Store;Card;2025;10;4;0,2;1;1;1661,6
O002129;Male;Call Center;Wallet;2021;4;12;0,0166666666666667;3;1;7302,54
O002130;Female;Mobile App;COD;2021;9;14;0,03;5;4;5950,1
O002131;Unknown;Call Center;Bank Transfer;2025;2;1;0;1;1;481,63
O002132;Female;Web;COD;2021;5;12;0,2;3;3;3097,22
O002133;Male;Store;Bank Transfer;2024;6;19;0,08;5;3;5887,31
O002134;Female;Marketplace;COD;2022;7;7;0,025;2;2;3038,8
O002135;Male;Web;Bank Transfer;2023;2;17;0,01;5;5;9982,61
O002136;Female;Store;Bank Transfer;2025;9;15;0,15;4;3;5144,91
O002137;Female;Marketplace;Card;2021;11;7;0,075;4;4;2039,74
O002138;Male;Marketplace;Card;2025;7;14;0,1125;4;3;3552,27
O002139;Male;Call Center;COD;2022;3;7;0,15;2;2;2481,6
O002140;Female;Store;Bank Transfer;2024;2;6;0,0833333333333333;3;3;3425,36
O002141;Female;Marketplace;Wallet;2023;9;6;0;1;1;953,16
O002142;Male;Call Center;Wallet;2022;6;16;0,1;4;3;4327,75
O002143;Female;Store;Bank Transfer;2024;6;15;0,14;5;4;3429,24
O002144;Female;Mobile App;Cash;2023;8;16;0;3;2;4124,54
O002145;Female;Mobile App;Wallet;2023;8;9;0;2;2;4591,97
O002146;Male;Mobile App;Wallet;2023;12;10;0,133333333333333;3;3;3818,87
O002147;Male;Call Center;Bank Transfer;2024;3;1;0,2;1;1;427,46
O002148;Female;Store;Wallet;2021;6;11;0,0833333333333333;3;2;3143,09
O002149;Male;Mobile App;Wallet;2022;9;15;0,0166666666666667;3;3;4386,18
O002150;Female;Store;Bank Transfer;2023;11;16;0,04;5;4;3889,69
O002151;Female;Web;COD;2024;1;5;0;1;1;2511,8
O002152;Male;Call Center;Cash;2023;12;3;0,1;1;1;1904,31
O002153;Unknown;Store;Cash;2023;2;5;0,1;1;1;2514,38
O002154;Male;Call Center;Cash;2022;5;2;0;1;1;1369,22
O002155;Male;Mobile App;Bank Transfer;2023;8;8;0,05;2;2;2367,62
O002156;Unknown;Marketplace;COD;2025;7;17;0,05;5;4;7364,8
O002157;Male;Mobile App;Card;2023;1;3;0,1;2;2;1500,18
O002158;Female;Call Center;Bank Transfer;2022;2;13;0,116666666666667;3;2;2240,88
O002159;Female;Call Center;Card;2023;7;14;0,05;4;4;6090,68
O002160;Male;Marketplace;COD;2022;5;12;0,116666666666667;3;3;5211,01
O002161;Female;Mobile App;Cash;2024;2;4;0,025;2;1;912,42
O002162;Unknown;Call Center;Cash;2025;3;1;0;1;1;630,72
O002163;Male;Web;Card;2025;1;5;0,025;2;1;2160,45
O002164;Female;Store;Cash;2023;4;9;0,166666666666667;3;3;2963,33
O002165;Female;Store;Card;2025;4;14;0,0625;4;3;8275,39
O002166;Female;Marketplace;COD;2023;6;10;0,133333333333333;3;2;2293,63
O002167;Female;Store;Wallet;2023;11;27;0,08;5;3;11626,63
O002168;Unknown;Store;Wallet;2022;4;3;0,2;1;1;1174,18
O002169;Female;Store;Cash;2021;6;19;0,04;5;4;10933,01
O002170;Male;Web;Card;2025;9;12;0,0333333333333333;3;3;2134,31
O002171;Female;Marketplace;Bank Transfer;2021;3;9;0,0333333333333333;3;2;1777,22
O002172;Male;Call Center;Bank Transfer;2022;9;1;0,05;1;1;287,35
O002173;Female;Marketplace;Bank Transfer;2025;6;10;0,0833333333333333;3;3;2390,63
O002174;Male;Web;Wallet;2022;8;21;0,06;5;3;9972,4
O002175;Male;Store;Wallet;2021;9;9;0,1;3;2;2442,84
O002176;Female;Mobile App;Wallet;2023;4;6;0,05;1;1;2814,15
O002177;Unknown;Web;Card;2021;4;2;0;1;1;751,3
O002178;Female;Mobile App;Cash;2022;2;2;0;1;1;1040,66
O002179;Male;Web;Bank Transfer;2024;1;5;0;1;1;3068,75
O002180;Male;Mobile App;Card;2025;8;9;0,0166666666666667;3;3;2702,09
O002181;Female;Mobile App;COD;2024;11;17;0,05;5;5;4910,99
O002182;Male;Call Center;Card;2022;8;3;0,05;1;1;1839,48
O002183;Unknown;Store;Cash;2025;12;16;0,06;5;3;5377,22
O002184;Unknown;Mobile App;Wallet;2022;6;20;0,075;4;3;10698,73
O002185;Male;Call Center;Wallet;2021;1;5;0,05;1;1;1845,38
O002186;Unknown;Web;Wallet;2023;5;13;0,05;4;3;5023,08
O002187;Female;Marketplace;Card;2024;6;21;0,02;5;5;6708,32
O002188;Female;Mobile App;COD;2024;7;4;0,1;2;2;1300,66
O002189;Male;Marketplace;Bank Transfer;2022;5;15;0,05;4;3;3355,11
O002190;Male;Mobile App;COD;2025;7;3;0,0833333333333333;3;3;824,31
O002191;Female;Call Center;COD;2024;4;3;0;1;1;695,52
O002192;Female;Store;Bank Transfer;2024;4;3;0;1;1;2041,89
O002193;Female;Web;Bank Transfer;2022;8;6;0,2;1;1;495,65
O002194;Male;Call Center;Bank Transfer;2021;6;10;0,04;5;3;4478,95
O002195;Female;Web;Bank Transfer;2023;4;17;0,09;5;4;7797,89
O002196;Male;Store;COD;2021;12;14;0,07;5;4;4264,36
O002197;Female;Store;Wallet;2021;7;4;0,1;1;1;1742,26
O002198;Unknown;Marketplace;Bank Transfer;2023;7;16;0,03;5;4;4853,34
O002199;Female;Store;Bank Transfer;2024;7;17;0,0166666666666667;3;3;6076,37
O002200;Male;Marketplace;COD;2023;12;1;0;1;1;214,34
O002201;Male;Mobile App;Wallet;2021;1;20;0,05;3;2;9314,78
O002202;Male;Store;Wallet;2025;6;16;0,05;5;4;6041,72
O002203;Male;Call Center;Cash;2025;5;6;0,05;1;1;3330,57
O002204;Female;Store;Cash;2025;5;19;0,09;5;5;8564,68
O002205;Unknown;Store;Cash;2024;11;14;0,0666666666666667;3;2;6321,36
O002206;Male;Store;Wallet;2021;3;7;0,2;2;2;3022,86
O002207;Female;Call Center;Cash;2021;10;25;0,16;5;4;10436
O002208;Unknown;Marketplace;Cash;2021;11;7;0,1;2;2;3255,92
O002209;Female;Mobile App;COD;2022;12;19;0,075;4;4;8771,33
O002210;Female;Store;Wallet;2023;3;11;0,0333333333333333;3;2;5317,43
O002211;Unknown;Call Center;COD;2025;12;7;0,125;2;2;2436,01
O002212;Male;Mobile App;COD;2024;10;15;0,025;4;3;5492,97
O002213;Male;Marketplace;Cash;2023;6;7;0;2;2;1007,54
O002214;Unknown;Web;Wallet;2022;3;10;0,1;2;2;3802,19
O002215;Male;Web;Bank Transfer;2023;9;9;0,0666666666666667;3;3;2406,89
O002216;Male;Store;COD;2024;2;5;0;1;1;1846,3
O002217;Female;Store;COD;2021;5;11;0,0333333333333333;3;3;5700,1
O002218;Female;Marketplace;Card;2022;12;9;0,0666666666666667;3;3;3391,9
O002219;Female;Marketplace;Card;2022;10;17;0,05;4;4;4684,07
O002220;Female;Web;COD;2023;11;13;0,1;4;4;4495,11
O002221;Female;Mobile App;Card;2023;1;17;0,0625;4;2;7377,95
O002222;Female;Marketplace;Wallet;2021;10;16;0,08;5;3;6406,92
O002223;Unknown;Marketplace;Cash;2022;1;21;0,07;5;4;5607,48
O002224;Female;Web;COD;2023;4;7;0,0125;4;2;3104,85
O002225;Unknown;Call Center;Wallet;2024;9;1;0,05;1;1;464,78
O002226;Unknown;Web;Wallet;2023;1;19;0,02;5;4;8811,64
O002227;Female;Store;Cash;2023;10;21;0,04;5;5;7250,34
O002228;Male;Web;Wallet;2024;1;13;0,0666666666666667;3;3;6061,55
O002229;Male;Call Center;Wallet;2023;5;13;0,133333333333333;3;3;2282,35
O002230;Female;Store;Card;2023;12;20;0,09;5;3;6716,27
O002231;Male;Marketplace;COD;2023;7;2;0,025;2;1;705,32
O002232;Female;Store;Cash;2023;11;6;0,05;2;2;2532,31
O002233;Female;Call Center;Card;2021;12;7;0,15;2;2;3384,9
O002234;Female;Web;Bank Transfer;2021;10;14;0,1125;4;4;5088,38
O002235;Male;Web;Wallet;2024;1;15;0,0666666666666667;3;3;6518,35
O002236;Female;Call Center;Wallet;2025;8;9;0,05;2;2;4241,6
O002237;Male;Web;Bank Transfer;2021;5;9;0;2;1;4417,17
O002238;Unknown;Mobile App;Wallet;2023;5;16;0,05;3;2;5927,13
O002239;Male;Store;Bank Transfer;2023;3;21;0,05;5;5;8409,8
O002240;Female;Mobile App;Card;2024;2;7;0,0333333333333333;3;3;2125,03
O002241;Female;Store;COD;2025;3;12;0,1;5;4;3612,3
O002242;Female;Store;Bank Transfer;2022;1;11;0,02;5;5;3767,82
O002243;Unknown;Store;Bank Transfer;2021;9;13;0,0833333333333333;3;3;6487,94
O002244;Unknown;Marketplace;Card;2022;7;10;0,05;4;3;4497,39
O002245;Unknown;Call Center;Wallet;2022;3;3;0,05;1;1;1479,86
O002246;Male;Store;Wallet;2025;7;4;0;1;1;2551
O002247;Unknown;Marketplace;Wallet;2022;10;6;0,125;2;2;2080,85
O002248;Unknown;Web;Bank Transfer;2021;8;11;0,0166666666666667;3;3;3105,73
O002249;Male;Web;Card;2021;12;11;0,05;4;4;4757,21
O002250;Unknown;Web;Cash;2025;4;14;0,07;5;5;6951,24
O002251;Male;Web;COD;2024;2;11;0,08;5;4;6362,54
O002252;Unknown;Call Center;Card;2021;9;18;0,08;5;3;9462,72
O002253;Female;Marketplace;Wallet;2024;1;19;0,06;5;3;10830,9
O002254;Male;Mobile App;Bank Transfer;2023;11;18;0,05;5;5;10182,12
O002255;Female;Marketplace;Card;2021;8;1;0;1;1;114,85
O002256;Male;Store;Bank Transfer;2022;6;14;0,1;3;2;2532,7
O002257;Female;Mobile App;COD;2024;12;17;0,07;5;5;3379,88
O002258;Unknown;Marketplace;COD;2025;2;16;0,08;5;5;6092,42
O002259;Unknown;Call Center;Wallet;2025;1;16;0,0833333333333333;3;3;8259,56
O002260;Male;Mobile App;Cash;2021;3;5;0,15;2;2;1857,31
O002261;Male;Call Center;Card;2025;7;6;0,05;1;1;723,5
O002262;Unknown;Mobile App;Bank Transfer;2021;7;6;0;1;1;3507
O002263;Unknown;Web;Bank Transfer;2023;3;21;0,05;5;3;8434,9
O002264;Female;Store;Cash;2022;9;15;0,05;4;3;7807,35
O002265;Male;Call Center;Bank Transfer;2024;7;6;0;1;1;1838,34
O002266;Male;Marketplace;Card;2021;5;18;0,1;5;4;8199,38
O002267;Unknown;Store;Card;2021;3;8;0,05;3;2;1418,37
O002268;Male;Store;Cash;2023;1;12;0,0875;4;4;5483,12
O002269;Unknown;Mobile App;Cash;2022;6;3;0;1;1;1588,32
O002270;Male;Call Center;Card;2025;9;12;0,0333333333333333;3;3;3871,03
O002271;Female;Web;Cash;2024;10;14;0,0875;4;3;3624,93
O002272;Female;Call Center;Wallet;2025;11;13;0,08;5;3;2985,26
O002273;Unknown;Call Center;COD;2021;2;12;0,0333333333333333;3;3;5181,78
O002274;Female;Store;Card;2022;4;12;0,07;5;4;6090,82
O002275;Male;Call Center;Wallet;2022;5;12;0;3;3;4440,45
O002276;Unknown;Marketplace;Wallet;2024;2;20;0,05;5;4;6220,86
O002277;Male;Web;Card;2022;3;3;0,05;1;1;480,31
O002278;Female;Marketplace;Cash;2023;9;6;0,05;2;2;1618,59
O002279;Male;Web;COD;2025;3;11;0,125;2;2;5138,42
O002280;Female;Marketplace;Cash;2023;10;6;0,1;1;1;4269,46
O002281;Male;Mobile App;Cash;2023;6;15;0,04;5;3;5401,33
O002282;Female;Store;Bank Transfer;2024;8;14;0,0666666666666667;3;2;4745,49
O002283;Male;Call Center;COD;2021;12;6;0;1;1;1441,44
O002284;Male;Marketplace;Wallet;2024;3;3;0,025;2;2;1355,55
O002285;Unknown;Marketplace;Card;2021;4;14;0;3;2;4487,91
O002286;Male;Store;Cash;2023;2;4;0;1;1;459,32
O002287;Male;Web;Bank Transfer;2022;5;23;0,08;5;3;9873,46
O002288;Female;Mobile App;Card;2025;7;19;0,04;5;4;8524,09
O002289;Female;Web;Cash;2024;7;9;0,1;5;4;3627,72
O002290;Female;Marketplace;Bank Transfer;2024;6;13;0,05;4;4;6154,13
O002291;Female;Marketplace;COD;2024;12;5;0,075;2;1;2154,03
O002292;Female;Call Center;Bank Transfer;2024;8;13;0,0333333333333333;3;3;6401,92
O002293;Male;Store;Wallet;2024;6;16;0,05;4;3;6052,52
O002294;Unknown;Call Center;Cash;2024;12;4;0,1;4;3;1591,44
O002295;Male;Store;Bank Transfer;2024;5;10;0,0333333333333333;3;3;3260,72
O002296;Male;Marketplace;Card;2022;8;4;0,2;1;1;1256,13
O002297;Male;Web;COD;2021;3;4;0,1;2;2;1533,6
O002298;Male;Store;COD;2023;8;13;0,0333333333333333;3;3;2633,92
O002299;Female;Web;Bank Transfer;2023;10;13;0,1;3;3;6148,76
O002300;Male;Mobile App;COD;2022;11;3;0;1;1;794,04
O002301;Female;Store;Cash;2025;6;8;0,0333333333333333;3;3;3968,2
O002302;Female;Store;Cash;2025;5;8;0,125;2;2;2227,79
O002303;Female;Call Center;Card;2023;7;14;0,0375;4;3;9212,6
O002304;Male;Web;Card;2024;9;4;0,025;2;2;1259,37
O002305;Male;Store;Bank Transfer;2023;8;4;0,05;1;1;2069,59
O002306;Female;Store;COD;2022;11;2;0,2;1;1;383,6
O002307;Female;Marketplace;Cash;2023;2;18;0,02;5;5;6237,46
O002308;Male;Store;Bank Transfer;2021;7;5;0;1;1;3158,2
O002309;Unknown;Marketplace;Wallet;2023;6;5;0,075;2;1;1434,82
O002310;Unknown;Store;Card;2022;3;15;0,0625;4;2;4580,39
O002311;Unknown;Web;Cash;2021;10;4;0,1;1;1;952,85
O002312;Male;Store;Bank Transfer;2023;10;3;0;1;1;1717,56
O002313;Female;Mobile App;Card;2024;1;9;0,1;2;2;2569,97
O002314;Male;Marketplace;Bank Transfer;2022;9;15;0,0875;4;4;3856,01
O002315;Male;Mobile App;Bank Transfer;2021;12;20;0,075;4;3;11109,73
O002316;Female;Mobile App;COD;2022;7;12;0,0166666666666667;3;3;4491,52
O002317;Male;Call Center;Card;2025;1;8;0,025;2;2;1204,13
O002318;Unknown;Web;Card;2025;2;4;0,1;1;1;549,9
O002319;Unknown;Web;COD;2024;2;15;0,15;4;4;5122,88
O002320;Male;Store;COD;2025;12;8;0,0833333333333333;3;2;4086,53
O002321;Male;Call Center;Cash;2021;11;14;0,08;5;4;4884,03
O002322;Female;Mobile App;Cash;2022;5;10;0,125;2;2;4772,16
O002323;Female;Web;Cash;2025;11;3;0;2;2;501,56
O002324;Male;Call Center;COD;2021;4;10;0,0875;4;3;3088,62
O002325;Unknown;Store;Wallet;2024;4;13;0,0833333333333333;3;3;7085,32
O002326;Male;Store;COD;2022;9;7;0,05;3;3;2269,25
O002327;Male;Web;COD;2022;10;21;0,1;5;4;11682,68
O002328;Unknown;Call Center;Cash;2021;7;8;0;3;3;2827,98
O002329;Female;Store;Wallet;2024;8;6;0,05;1;1;2414,92
O002330;Male;Marketplace;Bank Transfer;2023;8;22;0,09;5;4;9453,52
O002331;Male;Marketplace;Bank Transfer;2021;1;22;0,05;4;3;9002,65
O002332;Male;Marketplace;Wallet;2022;4;14;0,05;3;3;5562,66
O002333;Female;Mobile App;Cash;2022;5;7;0;2;2;4572,16
O002334;Unknown;Web;Bank Transfer;2024;4;15;0,03;5;4;4675,98
O002335;Female;Web;COD;2021;6;21;0,02;5;4;4882,29
O002336;Male;Marketplace;Wallet;2025;3;12;0,0333333333333333;3;3;4773,1
O002337;Unknown;Mobile App;Wallet;2024;7;6;0;2;1;2147,86
O002338;Female;Web;Card;2024;11;2;0,2;1;1;1269,63
O002339;Female;Mobile App;Wallet;2021;10;19;0,075;4;3;8726,74
O002340;Unknown;Store;Cash;2025;9;6;0;1;1;1441,44
O002341;Male;Call Center;Bank Transfer;2024;5;3;0,15;2;2;1491,6
O002342;Male;Web;COD;2025;8;17;0,15;4;3;5514,04
O002343;Female;Web;Bank Transfer;2022;3;20;0,02;5;5;7926,48
O002344;Male;Mobile App;Bank Transfer;2022;12;17;0,08;5;5;4486,89
O002345;Male;Web;Cash;2025;9;17;0,14;5;5;3798,46
O002346;Male;Mobile App;COD;2022;9;17;0,14;5;4;4332,82
O002347;Female;Call Center;Card;2023;8;10;0,0333333333333333;3;3;3501,18
O002348;Female;Call Center;COD;2021;5;16;0,0875;4;4;5091,2
O002349;Female;Call Center;COD;2021;9;11;0;2;2;4856,84
O002350;Unknown;Store;Card;2023;12;2;0,2;1;1;1045,98
O002351;Male;Call Center;Wallet;2025;8;16;0,15;3;3;6198,24
O002352;Female;Web;Cash;2024;8;16;0,07;5;4;7587,34
O002353;Unknown;Marketplace;Card;2024;3;12;0,1;5;4;4707,69
O002354;Female;Store;Card;2022;4;8;0,05;2;2;3034,93
O002355;Female;Mobile App;Wallet;2021;11;3;0;1;1;701,01
O002356;Female;Call Center;Bank Transfer;2024;1;19;0,0875;4;3;7957,39
O002357;Male;Marketplace;Card;2024;6;6;0,05;1;1;3134,32
O002358;Female;Call Center;COD;2023;9;1;0;1;1;119,48
O002359;Female;Mobile App;Card;2023;4;6;0,1;2;2;2094,62
O002360;Male;Mobile App;Wallet;2024;8;10;0,05;2;2;1404,06
O002361;Female;Store;Card;2023;7;3;0,1;2;1;1324,71
O002362;Male;Web;COD;2025;8;19;0,04;4;4;8982,59
O002363;Male;Web;Card;2021;6;9;0,025;2;2;5284,53
O002364;Female;Web;Wallet;2021;2;23;0,06;5;3;6089,36
O002365;Female;Marketplace;Cash;2023;10;17;0,125;4;3;7307,94
O002366;Male;Store;Cash;2024;7;17;0,1;5;3;3301,15
O002367;Female;Marketplace;Cash;2025;11;13;0,0166666666666667;3;3;6730,87
O002368;Female;Mobile App;Wallet;2023;8;4;0,15;2;2;1723,96
O002369;Unknown;Call Center;Cash;2022;2;2;0,2;1;1;152,21
O002370;Female;Web;Cash;2025;1;13;0,0625;4;3;3197,8
O002371;Female;Store;Bank Transfer;2024;2;2;0;1;1;439,98
O002372;Female;Marketplace;Card;2025;5;10;0,05;3;3;3007,63
O002373;Male;Store;COD;2025;11;12;0,1;3;3;1963,65
O002374;Female;Web;COD;2023;11;13;0,15;4;2;6312,15
O002375;Female;Web;Card;2024;12;17;0,0875;4;3;4359,04
O002376;Female;Mobile App;Wallet;2025;11;3;0,1;1;1;670,81
O002377;Unknown;Web;Cash;2025;7;8;0,0833333333333333;3;3;2467,46
O002378;Male;Store;Card;2024;12;8;0,025;2;2;2962,75
O002379;Male;Web;COD;2024;4;5;0,075;2;2;2677,38
O002380;Female;Store;COD;2021;3;5;0,1;2;2;1027,44
O002381;Unknown;Marketplace;COD;2024;11;6;0,0666666666666667;3;2;1532,54
O002382;Male;Call Center;Cash;2023;1;10;0,05;4;3;4928,5
O002383;Female;Call Center;Card;2021;8;9;0,0333333333333333;3;3;1597,38
O002384;Female;Web;Bank Transfer;2025;10;6;0;1;1;3352,5
O002385;Unknown;Marketplace;Wallet;2024;11;7;0,15;2;2;1064,09
O002386;Male;Store;Wallet;2022;12;18;0,07;5;3;6240,37
O002387;Female;Marketplace;Cash;2022;6;11;0,1;2;2;3211,53
O002388;Male;Store;Card;2025;7;3;0,2;1;1;339,38
O002389;Male;Marketplace;Card;2024;12;6;0,0833333333333333;3;2;2616,24
O002390;Female;Store;COD;2025;3;7;0,025;2;2;2618,74
O002391;Male;Store;Card;2024;7;9;0,05;4;4;1816,45
O002392;Male;Web;Cash;2025;4;8;0;2;2;2839,26
O002393;Male;Store;Card;2025;2;1;0;1;1;368,41
O002394;Female;Store;COD;2024;4;16;0,125;4;3;4574,77
O002395;Unknown;Call Center;Bank Transfer;2022;1;7;0,1;3;2;1234,09
O002396;Unknown;Mobile App;Card;2022;10;18;0,04;5;5;6902,3
O002397;Female;Web;Card;2023;7;6;0,025;2;2;2713,57
O002398;Female;Call Center;COD;2023;9;12;0,0833333333333333;3;3;5140,25
O002399;Male;Store;Wallet;2022;3;14;0,0833333333333333;3;3;5281,09
O002400;Male;Mobile App;COD;2022;10;3;0,2;1;1;901,56
O002401;Unknown;Store;Card;2025;12;7;0,075;4;4;1306,09
O002402;Female;Store;Bank Transfer;2021;4;9;0,0666666666666667;3;3;4658,96
O002403;Unknown;Web;Cash;2024;11;6;0,025;2;2;3601,01
O002404;Male;Mobile App;Wallet;2022;10;11;0,0333333333333333;3;2;4631,82
O002405;Male;Mobile App;Bank Transfer;2023;12;16;0,06;5;4;5246,86
O002406;Male;Call Center;COD;2024;11;11;0,0875;4;4;5613,58
O002407;Female;Web;Wallet;2025;5;11;0,08;5;4;5040,19
O002408;Female;Call Center;Cash;2022;11;8;0,1;3;3;1753,81
O002409;Unknown;Call Center;Card;2022;8;10;0,0333333333333333;3;2;4992,5
O002410;Unknown;Marketplace;Wallet;2023;12;8;0,125;2;2;2573,07
O002411;Unknown;Mobile App;Card;2025;12;6;0,05;1;1;4202,21
O002412;Male;Marketplace;COD;2024;8;8;0,05;2;2;3325,45
O002413;Female;Marketplace;COD;2023;4;11;0,0333333333333333;3;3;1750,56
O002414;Unknown;Marketplace;Cash;2023;4;16;0,03;5;4;4203,42
O002415;Unknown;Call Center;Wallet;2024;5;11;0,0666666666666667;3;3;5633,53
O002416;Female;Call Center;Cash;2024;5;9;0,1;3;2;4381,4
O002417;Unknown;Store;Bank Transfer;2021;11;18;0,0625;4;3;7338,87
O002418;Female;Call Center;Card;2025;6;8;0,1;2;2;4054,5
O002419;Unknown;Marketplace;Cash;2024;9;11;0,1;3;3;3659,48
O002420;Female;Mobile App;Cash;2024;6;6;0,1;1;1;733,27
O002421;Unknown;Mobile App;Cash;2022;7;17;0,02;5;3;3578,63
O002422;Female;Marketplace;Wallet;2025;6;1;0;1;1;73,23
O002423;Female;Store;COD;2024;2;2;0,2;1;1;79,78
O002424;Male;Store;Wallet;2025;5;6;0;1;1;2697,18
O002425;Unknown;Store;COD;2022;7;25;0,09;5;5;10385,01
O002426;Male;Web;Bank Transfer;2021;6;4;0;1;1;2308,4
O002427;Female;Store;Wallet;2023;2;10;0,116666666666667;3;2;5226,08
O002428;Unknown;Mobile App;COD;2024;3;23;0,09;5;4;9586,71
O002429;Unknown;Call Center;Card;2022;9;24;0,04;5;5;9149,28
O002430;Female;Store;Card;2025;2;17;0,04;5;5;5887,4
O002431;Female;Marketplace;Card;2023;12;3;0,025;2;2;1334,1
O002432;Female;Call Center;COD;2024;2;22;0,03;5;4;10322,41
O002433;Male;Web;Wallet;2021;5;18;0,06;5;3;4010,95
O002434;Unknown;Call Center;Card;2024;1;4;0,15;2;2;301,78
O002435;Female;Call Center;Card;2022;8;11;0,133333333333333;3;2;5128,04
O002436;Male;Call Center;COD;2021;11;7;0;2;2;3364,06
O002437;Male;Web;Bank Transfer;2021;11;13;0,0125;4;3;5504,54
O002438;Unknown;Mobile App;Card;2022;8;12;0,1;4;3;5090,39
O002439;Male;Store;Bank Transfer;2022;7;11;0,0333333333333333;3;3;4917,27
O002440;Female;Call Center;Wallet;2025;6;5;0,025;2;2;2423,27
O002441;Female;Mobile App;Card;2021;4;2;0,05;2;2;923,04
O002442;Female;Marketplace;Cash;2025;12;12;0,133333333333333;3;3;4464,23
O002443;Male;Store;Card;2022;6;13;0,0875;3;3;5768,65
O002444;Female;Store;Bank Transfer;2025;10;8;0;2;2;3198
O002445;Female;Marketplace;Bank Transfer;2023;8;2;0,05;1;1;523,75
O002446;Unknown;Mobile App;Bank Transfer;2025;9;2;0,025;2;1;285,93
O002447;Female;Mobile App;COD;2024;9;12;0,09;5;4;4757,56
O002448;Male;Mobile App;Bank Transfer;2025;2;5;0;1;1;1027,2
O002449;Male;Mobile App;Cash;2023;11;2;0,05;1;1;29,79
O002450;Female;Mobile App;Card;2021;2;12;0,075;4;3;4864,44
O002451;Female;Mobile App;Card;2025;7;8;0,05;2;2;3829,79
O002452;Female;Mobile App;Cash;2024;9;11;0,025;2;2;4083,7
O002453;Unknown;Store;Card;2025;3;8;0,125;2;2;3046,77
O002454;Male;Marketplace;COD;2024;7;11;0,133333333333333;3;2;2822,91
O002455;Female;Mobile App;COD;2021;12;12;0;3;2;3739,74
O002456;Unknown;Marketplace;Cash;2024;11;3;0,0666666666666667;3;1;2046,12
O002457;Male;Mobile App;Card;2021;8;9;0,025;2;2;6026,39
O002458;Male;Call Center;Card;2022;6;17;0,1;5;4;7551,97
O002459;Female;Mobile App;Card;2022;4;11;0,06;5;4;3928,99
O002460;Female;Call Center;Cash;2021;2;2;0;1;1;1169
O002461;Female;Store;Cash;2025;8;13;0,05;3;3;3073,01
O002462;Unknown;Call Center;Bank Transfer;2022;8;11;0;3;3;4288,26
O002463;Male;Marketplace;Wallet;2022;1;12;0,125;4;3;4644,74
O002464;Unknown;Mobile App;Card;2024;12;15;0,075;4;3;3813,09
O002465;Male;Call Center;Bank Transfer;2023;5;3;0,2;1;1;1880,71
O002466;Male;Web;Wallet;2022;3;9;0,116666666666667;3;2;5033,32
O002467;Female;Marketplace;Cash;2021;4;20;0,12;5;3;7006,09
O002468;Male;Call Center;Wallet;2021;10;8;0,075;4;4;2937,63
O002469;Unknown;Mobile App;Card;2025;7;8;0,15;2;2;959,4
O002470;Female;Call Center;Wallet;2022;5;12;0,1;2;2;4085,56
O002471;Male;Web;COD;2025;11;4;0;1;1;3191,68
O002472;Unknown;Store;Wallet;2025;2;8;0,1;3;3;3887,61
O002473;Unknown;Store;Card;2025;5;21;0,06;5;4;5605,05
O002474;Male;Store;Card;2023;6;10;0,1;2;2;1741,24
O002475;Female;Call Center;Cash;2024;5;5;0;1;1;1839,25
O002476;Male;Marketplace;COD;2025;12;11;0,1;3;2;3856,52
O002477;Unknown;Mobile App;COD;2025;6;17;0,14;5;3;6135,03
O002478;Female;Web;Card;2021;12;12;0,0333333333333333;3;2;7634,41
O002479;Male;Marketplace;COD;2023;8;7;0;2;2;3940,13
O002480;Male;Store;Cash;2024;10;7;0,025;2;2;1571,5
O002481;Male;Call Center;Card;2022;11;3;0;1;1;2106,39
O002482;Unknown;Mobile App;COD;2023;6;5;0;1;1;3534,55
O002483;Female;Web;Cash;2021;11;10;0,125;2;2;2878,67
O002484;Unknown;Web;COD;2024;2;21;0,075;4;3;11856,81
O002485;Female;Store;Bank Transfer;2022;1;16;0,15;3;3;6082,15
O002486;Male;Call Center;Bank Transfer;2022;1;16;0,08;5;4;3429,08
O002487;Male;Web;Cash;2025;4;12;0,0166666666666667;3;3;4470,04
O002488;Female;Mobile App;Bank Transfer;2021;10;13;0,05;3;3;6047,98
O002489;Male;Mobile App;COD;2024;3;7;0;2;1;3516,66
O002490;Male;Web;Cash;2021;11;8;0,05;2;2;1327,03
O002491;Unknown;Marketplace;Card;2021;9;6;0,05;1;1;4086,62
O002492;Male;Mobile App;Bank Transfer;2021;12;7;0;2;1;1298,54
O002493;Unknown;Store;Bank Transfer;2021;2;17;0,0625;4;4;9336,98
O002494;Female;Mobile App;Cash;2021;3;13;0,12;5;4;4675,65
O002495;Unknown;Mobile App;Cash;2024;3;11;0,15;3;2;1748,75
O002496;Female;Marketplace;Card;2022;5;10;0,13;5;5;5233,25
O002497;Male;Call Center;Wallet;2022;1;5;0;1;1;2189,1
O002498;Female;Marketplace;COD;2024;1;16;0,0125;4;3;6573,72
O002499;Male;Call Center;Wallet;2022;9;15;0,0833333333333333;3;3;7546,54
O002500;Female;Store;Wallet;2023;3;12;0,075;3;3;855,93
